# ************************************************************
# Sequel Pro SQL dump
# Version 4096
#
# http://www.sequelpro.com/
# http://code.google.com/p/sequel-pro/
#
# Host: 127.0.0.1 (MySQL 5.5.34-0ubuntu0.12.04.1)
# Database: building_rules
# Generation Time: 2014-02-13 23:31:44 +0000
# ************************************************************


/*!40101 SET @OLD_CHARACTER_SET_CLIENT=@@CHARACTER_SET_CLIENT */;
/*!40101 SET @OLD_CHARACTER_SET_RESULTS=@@CHARACTER_SET_RESULTS */;
/*!40101 SET @OLD_COLLATION_CONNECTION=@@COLLATION_CONNECTION */;
/*!40101 SET NAMES utf8 */;
/*!40014 SET @OLD_FOREIGN_KEY_CHECKS=@@FOREIGN_KEY_CHECKS, FOREIGN_KEY_CHECKS=0 */;
/*!40101 SET @OLD_SQL_MODE=@@SQL_MODE, SQL_MODE='NO_AUTO_VALUE_ON_ZERO' */;
/*!40111 SET @OLD_SQL_NOTES=@@SQL_NOTES, SQL_NOTES=0 */;


# Dump of table actions
# ------------------------------------------------------------

DROP TABLE IF EXISTS `actions`;

CREATE TABLE `actions` (
  `id` int(11) unsigned NOT NULL AUTO_INCREMENT,
  `category` varchar(11) DEFAULT NULL,
  `action_name` varchar(16) DEFAULT NULL,
  `rule_consequent` varchar(255) DEFAULT NULL,
  `description` longtext,
  PRIMARY KEY (`id`)
) ENGINE=InnoDB DEFAULT CHARSET=latin1;

LOCK TABLES `actions` WRITE;
/*!40000 ALTER TABLE `actions` DISABLE KEYS */;

INSERT INTO `actions` (`id`, `category`, `action_name`, `rule_consequent`, `description`)
VALUES
	(1,'LIGHT','LIGHT_ON','turn on the light','turn on the light'),
	(2,'LIGHT','LIGHT_OFF','turn off the light','turn off the light'),
	(3,'HEATING','HEATING_ON','turn on the heating','turn on the heating'),
	(4,'HEATING','HEATING_OFF','turn off the heating','turn off the heating'),
	(5,'COOLING','COOLING_ON','turn on the cooling','turn off the cooling'),
	(6,'COOLING','COOLING_OFF','turn off the cooling','turn off the cooling'),
	(7,'WINDOWS','WINDOWS_OPEN','open the windows','open the windows'),
	(8,'WINDOWS','WINDOWS_CLOSE','close the windows','close the windows'),
	(9,'CURTAINS','CURTAINS_OPEN','open the curtains','open the curtains'),
	(10,'CURTAINS','CURTAINS_CLOSE','close the curtains','close the curtains');

/*!40000 ALTER TABLE `actions` ENABLE KEYS */;
UNLOCK TABLES;


# Dump of table active_rules
# ------------------------------------------------------------

DROP TABLE IF EXISTS `active_rules`;

CREATE TABLE `active_rules` (
  `building_name` varchar(11) DEFAULT NULL,
  `room_name` varchar(11) DEFAULT NULL,
  `rule_id` int(11) DEFAULT NULL
) ENGINE=InnoDB DEFAULT CHARSET=latin1;

LOCK TABLES `active_rules` WRITE;
/*!40000 ALTER TABLE `active_rules` DISABLE KEYS */;

INSERT INTO `active_rules` (`building_name`, `room_name`, `rule_id`)
VALUES
	('CSE','2230',7),
	('CSE','3113',9);

/*!40000 ALTER TABLE `active_rules` ENABLE KEYS */;
UNLOCK TABLES;


# Dump of table buildings
# ------------------------------------------------------------

DROP TABLE IF EXISTS `buildings`;

CREATE TABLE `buildings` (
  `building_name` varchar(11) NOT NULL DEFAULT '',
  `label` varchar(11) DEFAULT NULL,
  `description` longtext,
  PRIMARY KEY (`building_name`)
) ENGINE=InnoDB DEFAULT CHARSET=latin1;

LOCK TABLES `buildings` WRITE;
/*!40000 ALTER TABLE `buildings` DISABLE KEYS */;

INSERT INTO `buildings` (`building_name`, `label`, `description`)
VALUES
	('CSE','CSE','Computer Science Eng');

/*!40000 ALTER TABLE `buildings` ENABLE KEYS */;
UNLOCK TABLES;


# Dump of table feedbacks
# ------------------------------------------------------------

DROP TABLE IF EXISTS `feedbacks`;

CREATE TABLE `feedbacks` (
  `id` int(11) unsigned NOT NULL AUTO_INCREMENT,
  `author_uuid` int(11) DEFAULT NULL,
  `alternative_contact` varchar(64) DEFAULT NULL,
  `score` int(11) DEFAULT NULL,
  `message` longtext,
  `feedback_timestamp` timestamp NULL DEFAULT NULL,
  PRIMARY KEY (`id`)
) ENGINE=InnoDB DEFAULT CHARSET=latin1;



# Dump of table groups
# ------------------------------------------------------------

DROP TABLE IF EXISTS `groups`;

CREATE TABLE `groups` (
  `id` int(11) unsigned NOT NULL AUTO_INCREMENT,
  `building_name` varchar(11) NOT NULL DEFAULT '',
  `description` longtext,
  `cross_rooms_validation` int(11) DEFAULT NULL,
  `cross_rooms_validation_categories` varchar(1024) DEFAULT '',
  PRIMARY KEY (`id`,`building_name`)
) ENGINE=InnoDB DEFAULT CHARSET=latin1;

LOCK TABLES `groups` WRITE;
/*!40000 ALTER TABLE `groups` DISABLE KEYS */;

INSERT INTO `groups` (`id`, `building_name`, `description`, `cross_rooms_validation`, `cross_rooms_validation_categories`)
VALUES
	(1,'CSE','Administrator Group',0,'[]'),
	(2,'CSE','Room Group A',0,'[]'),
	(3,'CSE','Room Group B',0,'[]'),
	(4,'CSE','Thermal Zone 1',1,'[\"HEATING\"]'),
	(5,'CSE','Thermal Zone 2',1,'[\"HEATING\"]'),
	(6,'CSE','Thermal Zone 3',1,'[\"HEATING\"]'),
	(7,'CSE','Thermal Zone 4',1,'[\"HEATING\"]'),
	(8,'CSE','Thermal Zone 5',1,'[\"HEATING\"]'),
	(9,'CSE','Thermal Zone 6',1,'[\"HEATING\"]'),
	(10,'CSE','Thermal Zone 7',1,'[\"HEATING\"]');

/*!40000 ALTER TABLE `groups` ENABLE KEYS */;
UNLOCK TABLES;


# Dump of table logs
# ------------------------------------------------------------

DROP TABLE IF EXISTS `logs`;

CREATE TABLE `logs` (
  `id` int(11) unsigned NOT NULL AUTO_INCREMENT,
  `logTimestamp` timestamp NULL DEFAULT NULL,
  `logMessage` longtext,
  PRIMARY KEY (`id`)
) ENGINE=InnoDB DEFAULT CHARSET=latin1;

LOCK TABLES `logs` WRITE;
/*!40000 ALTER TABLE `logs` DISABLE KEYS */;

INSERT INTO `logs` (`id`, `logTimestamp`, `logMessage`)
VALUES
	(1,'2014-02-13 09:06:47','BuildingRules Deamon is active...'),
	(2,'2014-02-13 09:06:46','BuildingRules WeatherService is active...'),
	(3,'2014-02-13 09:06:47','Updating weather informations...'),
	(4,'2014-02-13 09:06:47','Starting the actuation process...'),
	(5,'2014-02-13 09:06:47','Working on building -CSE-...'),
	(6,'2014-02-13 09:06:47','Rule 1 (CSE.r[2107]) NOT actuated; antecedent is -today is Tuesday-...'),
	(7,'2014-02-13 09:06:47','Rule 2 (CSE.r[2107]) NOT actuated; antecedent is -today is Tuesday-...'),
	(8,'2014-02-13 09:06:47','CSE - Total rules: 2'),
	(9,'2014-02-13 09:06:47','CSE - Triggered rules: 0'),
	(10,'2014-02-13 09:06:47','CSE - Number of rooms: 0'),
	(11,'2014-02-13 09:06:47','CSE - Number of CRV Groups: 0'),
	(12,'2014-02-13 09:06:47','Executing actions for rooms...'),
	(13,'2014-02-13 09:06:47','Executing actions for CRV Groups...'),
	(14,'2014-02-13 09:06:47','The actuation process is ended.'),
	(15,'2014-02-13 09:16:47','Starting the actuation process...'),
	(16,'2014-02-13 09:16:47','Updating weather informations...'),
	(17,'2014-02-13 09:16:47','Working on building -CSE-...'),
	(18,'2014-02-13 09:16:47','Rule 1 (CSE.r[2107]) NOT actuated; antecedent is -today is Tuesday-...'),
	(19,'2014-02-13 09:16:47','Rule 2 (CSE.r[2107]) NOT actuated; antecedent is -today is Tuesday-...'),
	(20,'2014-02-13 09:16:47','CSE - Total rules: 2'),
	(21,'2014-02-13 09:16:47','CSE - Triggered rules: 0'),
	(22,'2014-02-13 09:16:47','CSE - Number of rooms: 0'),
	(23,'2014-02-13 09:16:47','CSE - Number of CRV Groups: 0'),
	(24,'2014-02-13 09:16:47','Executing actions for rooms...'),
	(25,'2014-02-13 09:16:47','Executing actions for CRV Groups...'),
	(26,'2014-02-13 09:16:47','The actuation process is ended.'),
	(27,'2014-02-13 09:16:56','GroupsRuleVerification [SUCCESS]: #rules=1 - opTimeMilliseconds:6142'),
	(28,'2014-02-13 09:24:33','BuildingRules WeatherService is active...'),
	(29,'2014-02-13 09:24:33','Updating weather informations...'),
	(30,'2014-02-13 09:24:33','BuildingRules Deamon is active...'),
	(31,'2014-02-13 09:24:33','Starting the actuation process...'),
	(32,'2014-02-13 09:24:33','Working on building -CSE-...'),
	(33,'2014-02-13 09:24:34','Rule 1 (CSE.r[2107]) NOT actuated; antecedent is -today is Tuesday-...'),
	(34,'2014-02-13 09:24:34','Rule 2 (CSE.r[2107]) NOT actuated; antecedent is -today is Tuesday-...'),
	(35,'2014-02-13 09:24:34','Rule 3 (CSE.g[1].r[2107]) actuated; antecedent is -someone is in the room-...'),
	(36,'2014-02-13 09:24:34','Rule 3 (CSE.g[1].r[2108]) NOT actuated; antecedent is -someone is in the room-...'),
	(37,'2014-02-13 09:24:34','Rule 3 (CSE.g[1].r[2109]) actuated; antecedent is -someone is in the room-...'),
	(38,'2014-02-13 09:24:34','Rule 3 (CSE.g[1].r[2111]) actuated; antecedent is -someone is in the room-...'),
	(39,'2014-02-13 09:24:34','Rule 3 (CSE.g[1].r[2112]) NOT actuated; antecedent is -someone is in the room-...'),
	(40,'2014-02-13 09:24:34','Rule 3 (CSE.g[1].r[2116]) actuated; antecedent is -someone is in the room-...'),
	(41,'2014-02-13 09:24:34','Rule 3 (CSE.g[1].r[2118]) NOT actuated; antecedent is -someone is in the room-...'),
	(42,'2014-02-13 09:24:34','Rule 3 (CSE.g[1].r[2122]) NOT actuated; antecedent is -someone is in the room-...'),
	(43,'2014-02-13 09:24:34','Rule 3 (CSE.g[1].r[2126]) actuated; antecedent is -someone is in the room-...'),
	(44,'2014-02-13 09:24:34','Rule 3 (CSE.g[1].r[2128]) actuated; antecedent is -someone is in the room-...'),
	(45,'2014-02-13 09:24:34','Rule 3 (CSE.g[1].r[2132]) actuated; antecedent is -someone is in the room-...'),
	(46,'2014-02-13 09:24:34','Rule 3 (CSE.g[1].r[2134]) actuated; antecedent is -someone is in the room-...'),
	(47,'2014-02-13 09:24:34','Rule 3 (CSE.g[1].r[2136]) NOT actuated; antecedent is -someone is in the room-...'),
	(48,'2014-02-13 09:24:34','Rule 3 (CSE.g[1].r[2138]) NOT actuated; antecedent is -someone is in the room-...'),
	(49,'2014-02-13 09:24:34','Rule 3 (CSE.g[1].r[2140]) actuated; antecedent is -someone is in the room-...'),
	(50,'2014-02-13 09:24:34','Rule 3 (CSE.g[1].r[2144]) actuated; antecedent is -someone is in the room-...'),
	(51,'2014-02-13 09:24:34','Rule 3 (CSE.g[1].r[2154]) NOT actuated; antecedent is -someone is in the room-...'),
	(52,'2014-02-13 09:24:34','Rule 3 (CSE.g[1].r[2203]) actuated; antecedent is -someone is in the room-...'),
	(53,'2014-02-13 09:24:34','Rule 3 (CSE.g[1].r[2215]) NOT actuated; antecedent is -someone is in the room-...'),
	(54,'2014-02-13 09:24:34','Rule 3 (CSE.g[1].r[2217]) NOT actuated; antecedent is -someone is in the room-...'),
	(55,'2014-02-13 09:24:34','Rule 3 (CSE.g[1].r[2230]) actuated; antecedent is -someone is in the room-...'),
	(56,'2014-02-13 09:24:34','Rule 3 (CSE.g[1].r[2231]) actuated; antecedent is -someone is in the room-...'),
	(57,'2014-02-13 09:24:34','Rule 3 (CSE.g[1].r[3113]) NOT actuated; antecedent is -someone is in the room-...'),
	(58,'2014-02-13 09:24:34','Rule 3 (CSE.g[1].r[3208]) actuated; antecedent is -someone is in the room-...'),
	(59,'2014-02-13 09:24:34','CSE - Total rules: 3'),
	(60,'2014-02-13 09:24:34','CSE - Triggered rules: 14'),
	(61,'2014-02-13 09:24:34','CSE - Number of rooms: 14'),
	(62,'2014-02-13 09:24:34','CSE - Number of CRV Groups: 0'),
	(63,'2014-02-13 09:24:34','Executing actions for rooms...'),
	(64,'2014-02-13 09:24:34','Room [CSE.2134]...'),
	(65,'2014-02-13 09:24:34','Rule 3 (CSE.g[1].r[2134]) actuated; consequent is -turn on the light-...'),
	(66,'2014-02-13 09:24:34','Room [CSE.2203]...'),
	(67,'2014-02-13 09:24:34','Rule 3 (CSE.g[1].r[2203]) actuated; consequent is -turn on the light-...'),
	(68,'2014-02-13 09:24:34','Room [CSE.2132]...'),
	(69,'2014-02-13 09:24:34','Rule 3 (CSE.g[1].r[2132]) actuated; consequent is -turn on the light-...'),
	(70,'2014-02-13 09:24:34','Room [CSE.2126]...'),
	(71,'2014-02-13 09:24:34','Rule 3 (CSE.g[1].r[2126]) actuated; consequent is -turn on the light-...'),
	(72,'2014-02-13 09:24:34','Room [CSE.2231]...'),
	(73,'2014-02-13 09:24:34','Rule 3 (CSE.g[1].r[2231]) actuated; consequent is -turn on the light-...'),
	(74,'2014-02-13 09:24:34','Room [CSE.2128]...'),
	(75,'2014-02-13 09:24:34','Rule 3 (CSE.g[1].r[2128]) actuated; consequent is -turn on the light-...'),
	(76,'2014-02-13 09:24:34','Room [CSE.2230]...'),
	(77,'2014-02-13 09:24:34','Rule 3 (CSE.g[1].r[2230]) actuated; consequent is -turn on the light-...'),
	(78,'2014-02-13 09:24:34','Room [CSE.3208]...'),
	(79,'2014-02-13 09:24:34','Rule 3 (CSE.g[1].r[3208]) actuated; consequent is -turn on the light-...'),
	(80,'2014-02-13 09:24:34','Room [CSE.2109]...'),
	(81,'2014-02-13 09:24:34','Rule 3 (CSE.g[1].r[2109]) actuated; consequent is -turn on the light-...'),
	(82,'2014-02-13 09:24:34','Room [CSE.2144]...'),
	(83,'2014-02-13 09:24:34','Rule 3 (CSE.g[1].r[2144]) actuated; consequent is -turn on the light-...'),
	(84,'2014-02-13 09:24:35','Room [CSE.2140]...'),
	(85,'2014-02-13 09:24:35','Rule 3 (CSE.g[1].r[2140]) actuated; consequent is -turn on the light-...'),
	(86,'2014-02-13 09:24:35','Room [CSE.2111]...'),
	(87,'2014-02-13 09:24:35','Rule 3 (CSE.g[1].r[2111]) actuated; consequent is -turn on the light-...'),
	(88,'2014-02-13 09:24:35','Room [CSE.2107]...'),
	(89,'2014-02-13 09:24:35','Rule 3 (CSE.g[1].r[2107]) actuated; consequent is -turn on the light-...'),
	(90,'2014-02-13 09:24:35','Room [CSE.2116]...'),
	(91,'2014-02-13 09:24:35','Rule 3 (CSE.g[1].r[2116]) actuated; consequent is -turn on the light-...'),
	(92,'2014-02-13 09:24:35','Executing actions for CRV Groups...'),
	(93,'2014-02-13 09:24:35','The actuation process is ended.'),
	(94,'2014-02-13 09:27:16','BuildingRules Deamon is active...'),
	(95,'2014-02-13 09:27:16','Starting the actuation process...'),
	(96,'2014-02-13 09:27:16','Working on building -CSE-...'),
	(97,'2014-02-13 09:27:16','BuildingRules WeatherService is active...'),
	(98,'2014-02-13 09:27:16','Updating weather informations...'),
	(99,'2014-02-13 09:27:16','Rule 1 (CSE.r[2107]) NOT actuated; antecedent is -today is Tuesday-...'),
	(100,'2014-02-13 09:27:16','Rule 2 (CSE.r[2107]) NOT actuated; antecedent is -today is Tuesday-...'),
	(101,'2014-02-13 09:27:16','Rule 3 (CSE.g[1].r[2107]) actuated; antecedent is -someone is in the room-...'),
	(102,'2014-02-13 09:27:16','Rule 3 (CSE.g[1].r[2108]) actuated; antecedent is -someone is in the room-...'),
	(103,'2014-02-13 09:27:16','Rule 3 (CSE.g[1].r[2109]) actuated; antecedent is -someone is in the room-...'),
	(104,'2014-02-13 09:27:16','Rule 3 (CSE.g[1].r[2111]) actuated; antecedent is -someone is in the room-...'),
	(105,'2014-02-13 09:27:16','Rule 3 (CSE.g[1].r[2112]) actuated; antecedent is -someone is in the room-...'),
	(106,'2014-02-13 09:27:16','Rule 3 (CSE.g[1].r[2116]) NOT actuated; antecedent is -someone is in the room-...'),
	(107,'2014-02-13 09:27:16','Rule 3 (CSE.g[1].r[2118]) actuated; antecedent is -someone is in the room-...'),
	(108,'2014-02-13 09:27:16','Rule 3 (CSE.g[1].r[2122]) actuated; antecedent is -someone is in the room-...'),
	(109,'2014-02-13 09:27:16','Rule 3 (CSE.g[1].r[2126]) NOT actuated; antecedent is -someone is in the room-...'),
	(110,'2014-02-13 09:27:16','Rule 3 (CSE.g[1].r[2128]) NOT actuated; antecedent is -someone is in the room-...'),
	(111,'2014-02-13 09:27:16','Rule 3 (CSE.g[1].r[2132]) NOT actuated; antecedent is -someone is in the room-...'),
	(112,'2014-02-13 09:27:16','Rule 3 (CSE.g[1].r[2134]) actuated; antecedent is -someone is in the room-...'),
	(113,'2014-02-13 09:27:16','Rule 3 (CSE.g[1].r[2136]) NOT actuated; antecedent is -someone is in the room-...'),
	(114,'2014-02-13 09:27:16','Rule 3 (CSE.g[1].r[2138]) NOT actuated; antecedent is -someone is in the room-...'),
	(115,'2014-02-13 09:27:16','Rule 3 (CSE.g[1].r[2140]) actuated; antecedent is -someone is in the room-...'),
	(116,'2014-02-13 09:27:16','Rule 3 (CSE.g[1].r[2144]) NOT actuated; antecedent is -someone is in the room-...'),
	(117,'2014-02-13 09:27:16','Rule 3 (CSE.g[1].r[2154]) NOT actuated; antecedent is -someone is in the room-...'),
	(118,'2014-02-13 09:27:16','Rule 3 (CSE.g[1].r[2203]) actuated; antecedent is -someone is in the room-...'),
	(119,'2014-02-13 09:27:16','Rule 3 (CSE.g[1].r[2215]) NOT actuated; antecedent is -someone is in the room-...'),
	(120,'2014-02-13 09:27:16','Rule 3 (CSE.g[1].r[2217]) actuated; antecedent is -someone is in the room-...'),
	(121,'2014-02-13 09:27:16','Rule 3 (CSE.g[1].r[2230]) NOT actuated; antecedent is -someone is in the room-...'),
	(122,'2014-02-13 09:27:16','Rule 3 (CSE.g[1].r[2231]) actuated; antecedent is -someone is in the room-...'),
	(123,'2014-02-13 09:27:16','Rule 3 (CSE.g[1].r[3113]) NOT actuated; antecedent is -someone is in the room-...'),
	(124,'2014-02-13 09:27:16','Rule 3 (CSE.g[1].r[3208]) NOT actuated; antecedent is -someone is in the room-...'),
	(125,'2014-02-13 09:27:16','CSE - Total rules: 3'),
	(126,'2014-02-13 09:27:16','CSE - Triggered rules: 12'),
	(127,'2014-02-13 09:27:17','CSE - Number of rooms: 12'),
	(128,'2014-02-13 09:27:17','CSE - Number of CRV Groups: 0'),
	(129,'2014-02-13 09:27:17','Executing actions for rooms...'),
	(130,'2014-02-13 09:27:17','Room [CSE.2134]...'),
	(131,'2014-02-13 09:27:17','Rule 3 (CSE.g[1].r[2134]) actuated; consequent is -turn on the light-...'),
	(132,'2014-02-13 09:27:17','Room [CSE.2122]...'),
	(133,'2014-02-13 09:27:17','Rule 3 (CSE.g[1].r[2122]) actuated; consequent is -turn on the light-...'),
	(134,'2014-02-13 09:27:17','Room [CSE.2217]...'),
	(135,'2014-02-13 09:27:17','Rule 3 (CSE.g[1].r[2217]) actuated; consequent is -turn on the light-...'),
	(136,'2014-02-13 09:27:17','Room [CSE.2231]...'),
	(137,'2014-02-13 09:27:17','Rule 3 (CSE.g[1].r[2231]) actuated; consequent is -turn on the light-...'),
	(138,'2014-02-13 09:27:17','Room [CSE.2203]...'),
	(139,'2014-02-13 09:27:17','Rule 3 (CSE.g[1].r[2203]) actuated; consequent is -turn on the light-...'),
	(140,'2014-02-13 09:27:17','Room [CSE.2118]...'),
	(141,'2014-02-13 09:27:17','Rule 3 (CSE.g[1].r[2118]) actuated; consequent is -turn on the light-...'),
	(142,'2014-02-13 09:27:17','Room [CSE.2109]...'),
	(143,'2014-02-13 09:27:17','Rule 3 (CSE.g[1].r[2109]) actuated; consequent is -turn on the light-...'),
	(144,'2014-02-13 09:27:17','Room [CSE.2108]...'),
	(145,'2014-02-13 09:27:17','Rule 3 (CSE.g[1].r[2108]) actuated; consequent is -turn on the light-...'),
	(146,'2014-02-13 09:27:17','Room [CSE.2140]...'),
	(147,'2014-02-13 09:27:17','Rule 3 (CSE.g[1].r[2140]) actuated; consequent is -turn on the light-...'),
	(148,'2014-02-13 09:27:17','Room [CSE.2111]...'),
	(149,'2014-02-13 09:27:17','Rule 3 (CSE.g[1].r[2111]) actuated; consequent is -turn on the light-...'),
	(150,'2014-02-13 09:27:17','Room [CSE.2112]...'),
	(151,'2014-02-13 09:27:17','Rule 3 (CSE.g[1].r[2112]) actuated; consequent is -turn on the light-...'),
	(152,'2014-02-13 09:27:17','Room [CSE.2107]...'),
	(153,'2014-02-13 09:27:17','Rule 3 (CSE.g[1].r[2107]) actuated; consequent is -turn on the light-...'),
	(154,'2014-02-13 09:27:17','Executing actions for CRV Groups...'),
	(155,'2014-02-13 09:27:17','The actuation process is ended.'),
	(156,'2014-02-13 09:28:46','GroupsRuleVerification [SUCCESS]: #rules=2 - opTimeMilliseconds:6269'),
	(157,'2014-02-13 09:29:52','BuildingRules WeatherService is active...'),
	(158,'2014-02-13 09:29:53','Updating weather informations...'),
	(159,'2014-02-13 09:29:53','BuildingRules Deamon is active...'),
	(160,'2014-02-13 09:29:53','Starting the actuation process...'),
	(161,'2014-02-13 09:29:53','Working on building -CSE-...'),
	(162,'2014-02-13 09:29:53','Rule 1 (CSE.r[2107]) NOT actuated; antecedent is -today is Tuesday-...'),
	(163,'2014-02-13 09:29:53','Rule 2 (CSE.r[2107]) NOT actuated; antecedent is -today is Tuesday-...'),
	(164,'2014-02-13 09:29:53','Rule 3 (CSE.g[1].r[2107]) NOT actuated; antecedent is -someone is in the room-...'),
	(165,'2014-02-13 09:29:53','Rule 3 (CSE.g[1].r[2108]) NOT actuated; antecedent is -someone is in the room-...'),
	(166,'2014-02-13 09:29:53','Rule 3 (CSE.g[1].r[2109]) NOT actuated; antecedent is -someone is in the room-...'),
	(167,'2014-02-13 09:29:53','Rule 3 (CSE.g[1].r[2111]) NOT actuated; antecedent is -someone is in the room-...'),
	(168,'2014-02-13 09:29:53','Rule 3 (CSE.g[1].r[2112]) actuated; antecedent is -someone is in the room-...'),
	(169,'2014-02-13 09:29:53','Rule 3 (CSE.g[1].r[2116]) actuated; antecedent is -someone is in the room-...'),
	(170,'2014-02-13 09:29:53','Rule 3 (CSE.g[1].r[2118]) NOT actuated; antecedent is -someone is in the room-...'),
	(171,'2014-02-13 09:29:53','Rule 3 (CSE.g[1].r[2122]) actuated; antecedent is -someone is in the room-...'),
	(172,'2014-02-13 09:29:53','Rule 3 (CSE.g[1].r[2126]) NOT actuated; antecedent is -someone is in the room-...'),
	(173,'2014-02-13 09:29:53','Rule 3 (CSE.g[1].r[2128]) actuated; antecedent is -someone is in the room-...'),
	(174,'2014-02-13 09:29:53','Rule 3 (CSE.g[1].r[2132]) NOT actuated; antecedent is -someone is in the room-...'),
	(175,'2014-02-13 09:29:53','Rule 3 (CSE.g[1].r[2134]) NOT actuated; antecedent is -someone is in the room-...'),
	(176,'2014-02-13 09:29:53','Rule 3 (CSE.g[1].r[2136]) actuated; antecedent is -someone is in the room-...'),
	(177,'2014-02-13 09:29:53','Rule 3 (CSE.g[1].r[2138]) actuated; antecedent is -someone is in the room-...'),
	(178,'2014-02-13 09:29:53','Rule 3 (CSE.g[1].r[2140]) actuated; antecedent is -someone is in the room-...'),
	(179,'2014-02-13 09:29:53','Rule 3 (CSE.g[1].r[2144]) actuated; antecedent is -someone is in the room-...'),
	(180,'2014-02-13 09:29:53','Rule 3 (CSE.g[1].r[2154]) actuated; antecedent is -someone is in the room-...'),
	(181,'2014-02-13 09:29:53','Rule 3 (CSE.g[1].r[2203]) NOT actuated; antecedent is -someone is in the room-...'),
	(182,'2014-02-13 09:29:53','Rule 3 (CSE.g[1].r[2215]) actuated; antecedent is -someone is in the room-...'),
	(183,'2014-02-13 09:29:53','Rule 3 (CSE.g[1].r[2217]) NOT actuated; antecedent is -someone is in the room-...'),
	(184,'2014-02-13 09:29:53','Rule 3 (CSE.g[1].r[2230]) actuated; antecedent is -someone is in the room-...'),
	(185,'2014-02-13 09:29:53','Rule 3 (CSE.g[1].r[2231]) actuated; antecedent is -someone is in the room-...'),
	(186,'2014-02-13 09:29:53','Rule 3 (CSE.g[1].r[3113]) actuated; antecedent is -someone is in the room-...'),
	(187,'2014-02-13 09:29:53','Rule 3 (CSE.g[1].r[3208]) actuated; antecedent is -someone is in the room-...'),
	(188,'2014-02-13 09:29:53','CSE - Total rules: 3'),
	(189,'2014-02-13 09:29:53','CSE - Triggered rules: 14'),
	(190,'2014-02-13 09:29:53','CSE - Number of rooms: 14'),
	(191,'2014-02-13 09:29:53','CSE - Number of CRV Groups: 0'),
	(192,'2014-02-13 09:29:53','Executing actions for rooms...'),
	(193,'2014-02-13 09:29:53','Room [CSE.2136]...'),
	(194,'2014-02-13 09:29:53','Rule 3 (CSE.g[1].r[2136]) actuated; consequent is -turn on the heating-...'),
	(195,'2014-02-13 09:29:53','Room [CSE.2122]...'),
	(196,'2014-02-13 09:29:53','Rule 3 (CSE.g[1].r[2122]) actuated; consequent is -turn on the heating-...'),
	(197,'2014-02-13 09:29:53','Room [CSE.2215]...'),
	(198,'2014-02-13 09:29:54','Rule 3 (CSE.g[1].r[2215]) actuated; consequent is -turn on the heating-...'),
	(199,'2014-02-13 09:29:54','Room [CSE.2231]...'),
	(200,'2014-02-13 09:29:54','Rule 3 (CSE.g[1].r[2231]) actuated; consequent is -turn on the heating-...'),
	(201,'2014-02-13 09:29:54','Room [CSE.2128]...'),
	(202,'2014-02-13 09:29:54','Rule 3 (CSE.g[1].r[2128]) actuated; consequent is -turn on the heating-...'),
	(203,'2014-02-13 09:29:54','Room [CSE.2230]...'),
	(204,'2014-02-13 09:29:54','Rule 3 (CSE.g[1].r[2230]) actuated; consequent is -turn on the heating-...'),
	(205,'2014-02-13 09:29:54','Room [CSE.3113]...'),
	(206,'2014-02-13 09:29:54','Rule 3 (CSE.g[1].r[3113]) actuated; consequent is -turn on the heating-...'),
	(207,'2014-02-13 09:29:54','Room [CSE.2138]...'),
	(208,'2014-02-13 09:29:54','Rule 3 (CSE.g[1].r[2138]) actuated; consequent is -turn on the heating-...'),
	(209,'2014-02-13 09:29:54','Room [CSE.3208]...'),
	(210,'2014-02-13 09:29:54','Rule 3 (CSE.g[1].r[3208]) actuated; consequent is -turn on the heating-...'),
	(211,'2014-02-13 09:29:54','Room [CSE.2154]...'),
	(212,'2014-02-13 09:29:54','Rule 3 (CSE.g[1].r[2154]) actuated; consequent is -turn on the heating-...'),
	(213,'2014-02-13 09:29:54','Room [CSE.2144]...'),
	(214,'2014-02-13 09:29:54','Rule 3 (CSE.g[1].r[2144]) actuated; consequent is -turn on the heating-...'),
	(215,'2014-02-13 09:29:54','Room [CSE.2140]...'),
	(216,'2014-02-13 09:29:54','Rule 3 (CSE.g[1].r[2140]) actuated; consequent is -turn on the heating-...'),
	(217,'2014-02-13 09:29:54','Room [CSE.2112]...'),
	(218,'2014-02-13 09:29:54','Rule 3 (CSE.g[1].r[2112]) actuated; consequent is -turn on the heating-...'),
	(219,'2014-02-13 09:29:54','Room [CSE.2116]...'),
	(220,'2014-02-13 09:29:54','Rule 3 (CSE.g[1].r[2116]) actuated; consequent is -turn on the heating-...'),
	(221,'2014-02-13 09:29:54','Executing actions for CRV Groups...'),
	(222,'2014-02-13 09:29:54','The actuation process is ended.'),
	(223,'2014-02-13 09:31:03','GroupsRuleVerification [SUCCESS]: #rules=2 - opTimeMilliseconds:7970'),
	(224,'2014-02-13 09:37:00','GroupsRuleVerification [SUCCESS]: #rules=4 - opTimeMilliseconds:401'),
	(225,'2014-02-13 09:38:13','GroupsRuleVerification [SUCCESS]: #rules=5 - opTimeMilliseconds:435'),
	(226,'2014-02-13 09:38:31','RuleValidationError: authorUuid =  11, buildingName =  CSE, roomName =  2107, ruleSetDescr =  [{-category-: -HEATING-, -roomName-: u-2107-, -buildingName-: -CSE-, -antecedent-: -today is Tuesday-, -deleted-: False, -authorUuid-: 7, -enabled-: True, -lastEditTimestamp-: -2014-02-11 12:30:48-, -groupId-: None, -priority-: 50L, -consequent-: -turn on the light-, -creationTimestamp-: -2014-02-11 12:30:48-, -id-: 1L}, {-category-: -COOLING-, -roomName-: u-2107-, -buildingName-: -CSE-, -antecedent-: -today is Tuesday-, -deleted-: False, -authorUuid-: 11, -enabled-: True, -lastEditTimestamp-: -2014-02-11 13:13:36-, -groupId-: None, -priority-: 66L, -consequent-: -turn off the cooling-, -creationTimestamp-: -2014-02-11 13:13:36-, -id-: 2L}, {-category-: -LIGHT-, -roomName-: u-2107-, -buildingName-: -CSE-, -antecedent-: -someone is in the room-, -deleted-: False, -authorUuid-: 11, -enabled-: True, -lastEditTimestamp-: -2014-02-13 09:37:00-, -groupId-: None, -priority-: 50L, -consequent-: -turn off the light-, -creationTimestamp-: -2014-02-13 09:37:00-, -id-: 4L}, {-category-: -CURTAINS-, -roomName-: u-2107-, -buildingName-: -CSE-, -antecedent-: -nobody is in the room-, -deleted-: False, -authorUuid-: 11, -enabled-: True, -lastEditTimestamp-: -2014-02-13 09:38:13-, -groupId-: None, -priority-: 50L, -consequent-: -open the curtains-, -creationTimestamp-: -2014-02-13 09:38:13-, -id-: 5L}, {-category-: -LIGHT-, -roomName-: u-2107-, -buildingName-: -CSE-, -antecedent-: -nobody is in the room-, -deleted-: False, -authorUuid-: 1, -enabled-: True, -lastEditTimestamp-: -2014-02-13 09:16:56-, -groupId-: None, -priority-: 100, -consequent-: -turn on the heating-, -creationTimestamp-: -2014-02-13 09:16:56-, -id-: 3L}, {-category-: -CURTAINS-, -roomName-: u-2107-, -buildingName-: u-CSE-, -antecedent-: u-nobody is in the room-, -deleted-: False, -authorUuid-: u-11-, -enabled-: True, -lastEditTimestamp-: None, -groupId-: None, -priority-: u-62-, -consequent-: u-close the curtains-, -creationTimestamp-: None, -id-: None}], newRule =  Rule {\"category\":\"CURTAINS\",\"roomName\":\"2107\",\"buildingName\":\"CSE\",\"antecedent\":\"nobody is in the room\",\"deleted\":false,\"authorUuid\":\"11\",\"enabled\":true,\"lastEditTimestamp\":null,\"groupId\":null,\"priority\":\"62\",\"consequent\":\"close the curtains\",\"creationTimestamp\":null,\"id\":null}'),
	(227,'2014-02-13 09:38:31','GroupsRuleVerification [FAILED]: #rules=6 - opTimeMilliseconds:179'),
	(228,'2014-02-13 09:38:52','GroupsRuleVerification [SUCCESS]: #rules=6 - opTimeMilliseconds:517'),
	(229,'2014-02-13 09:39:53','Updating weather informations...'),
	(230,'2014-02-13 09:39:54','Starting the actuation process...'),
	(231,'2014-02-13 09:39:54','Working on building -CSE-...'),
	(232,'2014-02-13 09:39:54','Rule 1 (CSE.r[2107]) NOT actuated; antecedent is -today is Tuesday-...'),
	(233,'2014-02-13 09:39:54','Rule 2 (CSE.r[2107]) NOT actuated; antecedent is -today is Tuesday-...'),
	(234,'2014-02-13 09:39:54','Rule 3 (CSE.g[1].r[2107]) NOT actuated; antecedent is -nobody is in the room-...'),
	(235,'2014-02-13 09:39:54','Rule 3 (CSE.g[1].r[2108]) actuated; antecedent is -nobody is in the room-...'),
	(236,'2014-02-13 09:39:54','Rule 3 (CSE.g[1].r[2109]) NOT actuated; antecedent is -nobody is in the room-...'),
	(237,'2014-02-13 09:39:54','Rule 3 (CSE.g[1].r[2111]) actuated; antecedent is -nobody is in the room-...'),
	(238,'2014-02-13 09:39:54','Rule 3 (CSE.g[1].r[2112]) actuated; antecedent is -nobody is in the room-...'),
	(239,'2014-02-13 09:39:54','Rule 3 (CSE.g[1].r[2116]) actuated; antecedent is -nobody is in the room-...'),
	(240,'2014-02-13 09:39:54','Rule 3 (CSE.g[1].r[2118]) actuated; antecedent is -nobody is in the room-...'),
	(241,'2014-02-13 09:39:54','Rule 3 (CSE.g[1].r[2122]) NOT actuated; antecedent is -nobody is in the room-...'),
	(242,'2014-02-13 09:39:54','Rule 3 (CSE.g[1].r[2126]) actuated; antecedent is -nobody is in the room-...'),
	(243,'2014-02-13 09:39:54','Rule 3 (CSE.g[1].r[2128]) NOT actuated; antecedent is -nobody is in the room-...'),
	(244,'2014-02-13 09:39:54','Rule 3 (CSE.g[1].r[2132]) NOT actuated; antecedent is -nobody is in the room-...'),
	(245,'2014-02-13 09:39:54','Rule 3 (CSE.g[1].r[2134]) NOT actuated; antecedent is -nobody is in the room-...'),
	(246,'2014-02-13 09:39:54','Rule 3 (CSE.g[1].r[2136]) NOT actuated; antecedent is -nobody is in the room-...'),
	(247,'2014-02-13 09:39:54','Rule 3 (CSE.g[1].r[2138]) NOT actuated; antecedent is -nobody is in the room-...'),
	(248,'2014-02-13 09:39:54','Rule 3 (CSE.g[1].r[2140]) NOT actuated; antecedent is -nobody is in the room-...'),
	(249,'2014-02-13 09:39:54','Rule 3 (CSE.g[1].r[2144]) actuated; antecedent is -nobody is in the room-...'),
	(250,'2014-02-13 09:39:54','Rule 3 (CSE.g[1].r[2154]) NOT actuated; antecedent is -nobody is in the room-...'),
	(251,'2014-02-13 09:39:54','Rule 3 (CSE.g[1].r[2203]) actuated; antecedent is -nobody is in the room-...'),
	(252,'2014-02-13 09:39:54','Rule 3 (CSE.g[1].r[2215]) NOT actuated; antecedent is -nobody is in the room-...'),
	(253,'2014-02-13 09:39:54','Rule 3 (CSE.g[1].r[2217]) NOT actuated; antecedent is -nobody is in the room-...'),
	(254,'2014-02-13 09:39:54','Rule 3 (CSE.g[1].r[2230]) actuated; antecedent is -nobody is in the room-...'),
	(255,'2014-02-13 09:39:54','Rule 3 (CSE.g[1].r[2231]) NOT actuated; antecedent is -nobody is in the room-...'),
	(256,'2014-02-13 09:39:54','Rule 3 (CSE.g[1].r[3113]) NOT actuated; antecedent is -nobody is in the room-...'),
	(257,'2014-02-13 09:39:54','Rule 3 (CSE.g[1].r[3208]) actuated; antecedent is -nobody is in the room-...'),
	(258,'2014-02-13 09:39:54','Rule 4 (CSE.r[2107]) NOT actuated; antecedent is -someone is in the room-...'),
	(259,'2014-02-13 09:39:54','Rule 5 (CSE.r[2107]) actuated; antecedent is -nobody is in the room-...'),
	(260,'2014-02-13 09:39:54','Rule 6 (CSE.r[2107]) NOT actuated; antecedent is -it is cloudy-...'),
	(261,'2014-02-13 09:39:54','CSE - Total rules: 6'),
	(262,'2014-02-13 09:39:54','CSE - Triggered rules: 11'),
	(263,'2014-02-13 09:39:54','CSE - Number of rooms: 11'),
	(264,'2014-02-13 09:39:54','CSE - Number of CRV Groups: 0'),
	(265,'2014-02-13 09:39:54','Executing actions for rooms...'),
	(266,'2014-02-13 09:39:54','Room [CSE.2144]...'),
	(267,'2014-02-13 09:39:54','Rule 3 (CSE.g[1].r[2144]) actuated; consequent is -turn on the heating-...'),
	(268,'2014-02-13 09:39:54','Room [CSE.2126]...'),
	(269,'2014-02-13 09:39:54','Rule 3 (CSE.g[1].r[2126]) actuated; consequent is -turn on the heating-...'),
	(270,'2014-02-13 09:39:54','Room [CSE.2203]...'),
	(271,'2014-02-13 09:39:54','Rule 3 (CSE.g[1].r[2203]) actuated; consequent is -turn on the heating-...'),
	(272,'2014-02-13 09:39:54','Room [CSE.3208]...'),
	(273,'2014-02-13 09:39:54','Rule 3 (CSE.g[1].r[3208]) actuated; consequent is -turn on the heating-...'),
	(274,'2014-02-13 09:39:54','Room [CSE.2118]...'),
	(275,'2014-02-13 09:39:54','Rule 3 (CSE.g[1].r[2118]) actuated; consequent is -turn on the heating-...'),
	(276,'2014-02-13 09:39:54','Room [CSE.2108]...'),
	(277,'2014-02-13 09:39:54','Rule 3 (CSE.g[1].r[2108]) actuated; consequent is -turn on the heating-...'),
	(278,'2014-02-13 09:39:54','Room [CSE.2230]...'),
	(279,'2014-02-13 09:39:54','Rule 3 (CSE.g[1].r[2230]) actuated; consequent is -turn on the heating-...'),
	(280,'2014-02-13 09:39:54','Room [CSE.2111]...'),
	(281,'2014-02-13 09:39:54','Rule 3 (CSE.g[1].r[2111]) actuated; consequent is -turn on the heating-...'),
	(282,'2014-02-13 09:39:54','Room [CSE.2112]...'),
	(283,'2014-02-13 09:39:54','Rule 3 (CSE.g[1].r[2112]) actuated; consequent is -turn on the heating-...'),
	(284,'2014-02-13 09:39:54','Room [CSE.2107]...'),
	(285,'2014-02-13 09:39:54','Rule 5 (CSE.r[2107]) actuated; consequent is -open the curtains-...'),
	(286,'2014-02-13 09:39:54','Room [CSE.2116]...'),
	(287,'2014-02-13 09:39:54','Rule 3 (CSE.g[1].r[2116]) actuated; consequent is -turn on the heating-...'),
	(288,'2014-02-13 09:39:54','Executing actions for CRV Groups...'),
	(289,'2014-02-13 09:39:54','The actuation process is ended.'),
	(290,'2014-02-13 09:40:48','RoomRuleVerification [SUCCESS]: #rules=2 - opTimeMilliseconds:341'),
	(291,'2014-02-13 09:49:53','Updating weather informations...'),
	(292,'2014-02-13 09:49:54','Starting the actuation process...'),
	(293,'2014-02-13 09:49:54','Working on building -CSE-...'),
	(294,'2014-02-13 09:49:54','Rule 1 (CSE.r[2107]) NOT actuated; antecedent is -today is Tuesday-...'),
	(295,'2014-02-13 09:49:54','Rule 2 (CSE.r[2107]) NOT actuated; antecedent is -today is Tuesday-...'),
	(296,'2014-02-13 09:49:54','Rule 3 (CSE.g[1].r[2107]) NOT actuated; antecedent is -nobody is in the room-...'),
	(297,'2014-02-13 09:49:54','Rule 3 (CSE.g[1].r[2108]) NOT actuated; antecedent is -nobody is in the room-...'),
	(298,'2014-02-13 09:49:55','Rule 3 (CSE.g[1].r[2109]) actuated; antecedent is -nobody is in the room-...'),
	(299,'2014-02-13 09:49:55','Rule 3 (CSE.g[1].r[2111]) NOT actuated; antecedent is -nobody is in the room-...'),
	(300,'2014-02-13 09:49:55','Rule 3 (CSE.g[1].r[2112]) NOT actuated; antecedent is -nobody is in the room-...'),
	(301,'2014-02-13 09:49:55','Rule 3 (CSE.g[1].r[2116]) actuated; antecedent is -nobody is in the room-...'),
	(302,'2014-02-13 09:49:55','Rule 3 (CSE.g[1].r[2118]) NOT actuated; antecedent is -nobody is in the room-...'),
	(303,'2014-02-13 09:49:55','Rule 3 (CSE.g[1].r[2122]) actuated; antecedent is -nobody is in the room-...'),
	(304,'2014-02-13 09:49:55','Rule 3 (CSE.g[1].r[2126]) actuated; antecedent is -nobody is in the room-...'),
	(305,'2014-02-13 09:49:55','Rule 3 (CSE.g[1].r[2128]) NOT actuated; antecedent is -nobody is in the room-...'),
	(306,'2014-02-13 09:49:55','Rule 3 (CSE.g[1].r[2132]) actuated; antecedent is -nobody is in the room-...'),
	(307,'2014-02-13 09:49:55','Rule 3 (CSE.g[1].r[2134]) actuated; antecedent is -nobody is in the room-...'),
	(308,'2014-02-13 09:49:55','Rule 3 (CSE.g[1].r[2136]) NOT actuated; antecedent is -nobody is in the room-...'),
	(309,'2014-02-13 09:49:55','Rule 3 (CSE.g[1].r[2138]) NOT actuated; antecedent is -nobody is in the room-...'),
	(310,'2014-02-13 09:49:55','Rule 3 (CSE.g[1].r[2140]) NOT actuated; antecedent is -nobody is in the room-...'),
	(311,'2014-02-13 09:49:55','Rule 3 (CSE.g[1].r[2144]) actuated; antecedent is -nobody is in the room-...'),
	(312,'2014-02-13 09:49:55','Rule 3 (CSE.g[1].r[2154]) NOT actuated; antecedent is -nobody is in the room-...'),
	(313,'2014-02-13 09:49:55','Rule 3 (CSE.g[1].r[2203]) actuated; antecedent is -nobody is in the room-...'),
	(314,'2014-02-13 09:49:55','Rule 3 (CSE.g[1].r[2215]) NOT actuated; antecedent is -nobody is in the room-...'),
	(315,'2014-02-13 09:49:55','Rule 3 (CSE.g[1].r[2217]) actuated; antecedent is -nobody is in the room-...'),
	(316,'2014-02-13 09:49:55','Rule 3 (CSE.g[1].r[2230]) actuated; antecedent is -nobody is in the room-...'),
	(317,'2014-02-13 09:49:55','Rule 3 (CSE.g[1].r[2231]) actuated; antecedent is -nobody is in the room-...'),
	(318,'2014-02-13 09:49:55','Rule 3 (CSE.g[1].r[3113]) NOT actuated; antecedent is -nobody is in the room-...'),
	(319,'2014-02-13 09:49:55','Rule 3 (CSE.g[1].r[3208]) NOT actuated; antecedent is -nobody is in the room-...'),
	(320,'2014-02-13 09:49:55','Rule 4 (CSE.r[2107]) actuated; antecedent is -someone is in the room-...'),
	(321,'2014-02-13 09:49:55','Rule 5 (CSE.r[2107]) actuated; antecedent is -nobody is in the room-...'),
	(322,'2014-02-13 09:49:55','Rule 6 (CSE.r[2107]) NOT actuated; antecedent is -it is cloudy-...'),
	(323,'2014-02-13 09:49:55','Rule 7 (CSE.r[2109]) NOT actuated; antecedent is -time is between 03.00 and 05.00-...'),
	(324,'2014-02-13 09:49:55','CSE - Total rules: 7'),
	(325,'2014-02-13 09:49:55','CSE - Triggered rules: 13'),
	(326,'2014-02-13 09:49:55','CSE - Number of rooms: 12'),
	(327,'2014-02-13 09:49:55','CSE - Number of CRV Groups: 0'),
	(328,'2014-02-13 09:49:55','Executing actions for rooms...'),
	(329,'2014-02-13 09:49:55','Room [CSE.2134]...'),
	(330,'2014-02-13 09:49:55','Rule 3 (CSE.g[1].r[2134]) actuated; consequent is -turn on the heating-...'),
	(331,'2014-02-13 09:49:55','Room [CSE.2122]...'),
	(332,'2014-02-13 09:49:55','Rule 3 (CSE.g[1].r[2122]) actuated; consequent is -turn on the heating-...'),
	(333,'2014-02-13 09:49:55','Room [CSE.2132]...'),
	(334,'2014-02-13 09:49:55','Rule 3 (CSE.g[1].r[2132]) actuated; consequent is -turn on the heating-...'),
	(335,'2014-02-13 09:49:55','Room [CSE.2126]...'),
	(336,'2014-02-13 09:49:55','Rule 3 (CSE.g[1].r[2126]) actuated; consequent is -turn on the heating-...'),
	(337,'2014-02-13 09:49:55','Room [CSE.2231]...'),
	(338,'2014-02-13 09:49:55','Rule 3 (CSE.g[1].r[2231]) actuated; consequent is -turn on the heating-...'),
	(339,'2014-02-13 09:49:55','Room [CSE.2203]...'),
	(340,'2014-02-13 09:49:55','Rule 3 (CSE.g[1].r[2203]) actuated; consequent is -turn on the heating-...'),
	(341,'2014-02-13 09:49:55','Room [CSE.2109]...'),
	(342,'2014-02-13 09:49:55','Rule 3 (CSE.g[1].r[2109]) actuated; consequent is -turn on the heating-...'),
	(343,'2014-02-13 09:49:55','Room [CSE.2144]...'),
	(344,'2014-02-13 09:49:55','Rule 3 (CSE.g[1].r[2144]) actuated; consequent is -turn on the heating-...'),
	(345,'2014-02-13 09:49:55','Room [CSE.2230]...'),
	(346,'2014-02-13 09:49:55','Rule 3 (CSE.g[1].r[2230]) actuated; consequent is -turn on the heating-...'),
	(347,'2014-02-13 09:49:55','Room [CSE.2217]...'),
	(348,'2014-02-13 09:49:55','Rule 3 (CSE.g[1].r[2217]) actuated; consequent is -turn on the heating-...'),
	(349,'2014-02-13 09:49:55','Room [CSE.2107]...'),
	(350,'2014-02-13 09:49:55','Rule 4 (CSE.r[2107]) actuated; consequent is -turn off the light-...'),
	(351,'2014-02-13 09:49:55','Rule 5 (CSE.r[2107]) actuated; consequent is -open the curtains-...'),
	(352,'2014-02-13 09:49:55','Room [CSE.2116]...'),
	(353,'2014-02-13 09:49:55','Rule 3 (CSE.g[1].r[2116]) actuated; consequent is -turn on the heating-...'),
	(354,'2014-02-13 09:49:55','Executing actions for CRV Groups...'),
	(355,'2014-02-13 09:49:55','The actuation process is ended.'),
	(356,'2014-02-13 09:59:20','GroupsRuleVerification [SUCCESS]: #rules=2 - opTimeMilliseconds:7195'),
	(357,'2014-02-13 09:59:53','Updating weather informations...'),
	(358,'2014-02-13 09:59:55','Starting the actuation process...'),
	(359,'2014-02-13 09:59:55','Working on building -CSE-...'),
	(360,'2014-02-13 09:59:55','Rule 1 (CSE.r[2107]) NOT actuated; antecedent is -today is Tuesday-...'),
	(361,'2014-02-13 09:59:55','Rule 2 (CSE.r[2107]) NOT actuated; antecedent is -today is Tuesday-...'),
	(362,'2014-02-13 09:59:55','Rule 3 (CSE.g[1].r[2107]) actuated; antecedent is -nobody is in the room-...'),
	(363,'2014-02-13 09:59:55','Rule 3 (CSE.g[1].r[2108]) NOT actuated; antecedent is -nobody is in the room-...'),
	(364,'2014-02-13 09:59:55','Rule 3 (CSE.g[1].r[2109]) actuated; antecedent is -nobody is in the room-...'),
	(365,'2014-02-13 09:59:55','Rule 3 (CSE.g[1].r[2111]) actuated; antecedent is -nobody is in the room-...'),
	(366,'2014-02-13 09:59:55','Rule 3 (CSE.g[1].r[2112]) actuated; antecedent is -nobody is in the room-...'),
	(367,'2014-02-13 09:59:55','Rule 3 (CSE.g[1].r[2116]) NOT actuated; antecedent is -nobody is in the room-...'),
	(368,'2014-02-13 09:59:55','Rule 3 (CSE.g[1].r[2118]) NOT actuated; antecedent is -nobody is in the room-...'),
	(369,'2014-02-13 09:59:55','Rule 3 (CSE.g[1].r[2122]) NOT actuated; antecedent is -nobody is in the room-...'),
	(370,'2014-02-13 09:59:55','Rule 3 (CSE.g[1].r[2126]) NOT actuated; antecedent is -nobody is in the room-...'),
	(371,'2014-02-13 09:59:55','Rule 3 (CSE.g[1].r[2128]) actuated; antecedent is -nobody is in the room-...'),
	(372,'2014-02-13 09:59:55','Rule 3 (CSE.g[1].r[2132]) NOT actuated; antecedent is -nobody is in the room-...'),
	(373,'2014-02-13 09:59:55','Rule 3 (CSE.g[1].r[2134]) actuated; antecedent is -nobody is in the room-...'),
	(374,'2014-02-13 09:59:55','Rule 3 (CSE.g[1].r[2136]) actuated; antecedent is -nobody is in the room-...'),
	(375,'2014-02-13 09:59:55','Rule 3 (CSE.g[1].r[2138]) actuated; antecedent is -nobody is in the room-...'),
	(376,'2014-02-13 09:59:55','Rule 3 (CSE.g[1].r[2140]) NOT actuated; antecedent is -nobody is in the room-...'),
	(377,'2014-02-13 09:59:55','Rule 3 (CSE.g[1].r[2144]) NOT actuated; antecedent is -nobody is in the room-...'),
	(378,'2014-02-13 09:59:55','Rule 3 (CSE.g[1].r[2154]) actuated; antecedent is -nobody is in the room-...'),
	(379,'2014-02-13 09:59:55','Rule 3 (CSE.g[1].r[2203]) NOT actuated; antecedent is -nobody is in the room-...'),
	(380,'2014-02-13 09:59:55','Rule 3 (CSE.g[1].r[2215]) actuated; antecedent is -nobody is in the room-...'),
	(381,'2014-02-13 09:59:55','Rule 3 (CSE.g[1].r[2217]) actuated; antecedent is -nobody is in the room-...'),
	(382,'2014-02-13 09:59:55','Rule 3 (CSE.g[1].r[2230]) NOT actuated; antecedent is -nobody is in the room-...'),
	(383,'2014-02-13 09:59:55','Rule 3 (CSE.g[1].r[2231]) actuated; antecedent is -nobody is in the room-...'),
	(384,'2014-02-13 09:59:55','Rule 3 (CSE.g[1].r[3113]) NOT actuated; antecedent is -nobody is in the room-...'),
	(385,'2014-02-13 09:59:55','Rule 3 (CSE.g[1].r[3208]) actuated; antecedent is -nobody is in the room-...'),
	(386,'2014-02-13 09:59:55','Rule 4 (CSE.r[2107]) NOT actuated; antecedent is -someone is in the room-...'),
	(387,'2014-02-13 09:59:55','Rule 5 (CSE.r[2107]) actuated; antecedent is -nobody is in the room-...'),
	(388,'2014-02-13 09:59:55','Rule 6 (CSE.r[2107]) NOT actuated; antecedent is -it is cloudy-...'),
	(389,'2014-02-13 09:59:55','Rule 7 (CSE.r[2109]) NOT actuated; antecedent is -time is between 03.00 and 05.00-...'),
	(390,'2014-02-13 09:59:55','CSE - Total rules: 7'),
	(391,'2014-02-13 09:59:55','CSE - Triggered rules: 14'),
	(392,'2014-02-13 09:59:56','CSE - Number of rooms: 13'),
	(393,'2014-02-13 09:59:56','CSE - Number of CRV Groups: 0'),
	(394,'2014-02-13 09:59:56','Executing actions for rooms...'),
	(395,'2014-02-13 09:59:56','Room [CSE.2136]...'),
	(396,'2014-02-13 09:59:56','Rule 3 (CSE.g[1].r[2136]) actuated; consequent is -turn on the heating-...'),
	(397,'2014-02-13 09:59:56','Room [CSE.2134]...'),
	(398,'2014-02-13 09:59:56','Rule 3 (CSE.g[1].r[2134]) actuated; consequent is -turn on the heating-...'),
	(399,'2014-02-13 09:59:56','Room [CSE.2217]...'),
	(400,'2014-02-13 09:59:56','Rule 3 (CSE.g[1].r[2217]) actuated; consequent is -turn on the heating-...'),
	(401,'2014-02-13 09:59:56','Room [CSE.2215]...'),
	(402,'2014-02-13 09:59:56','Rule 3 (CSE.g[1].r[2215]) actuated; consequent is -turn on the heating-...'),
	(403,'2014-02-13 09:59:56','Room [CSE.2231]...'),
	(404,'2014-02-13 09:59:56','Rule 3 (CSE.g[1].r[2231]) actuated; consequent is -turn on the heating-...'),
	(405,'2014-02-13 09:59:56','Room [CSE.2128]...'),
	(406,'2014-02-13 09:59:56','Rule 3 (CSE.g[1].r[2128]) actuated; consequent is -turn on the heating-...'),
	(407,'2014-02-13 09:59:56','Room [CSE.2138]...'),
	(408,'2014-02-13 09:59:56','Rule 3 (CSE.g[1].r[2138]) actuated; consequent is -turn on the heating-...'),
	(409,'2014-02-13 09:59:56','Room [CSE.3208]...'),
	(410,'2014-02-13 09:59:56','Rule 3 (CSE.g[1].r[3208]) actuated; consequent is -turn on the heating-...'),
	(411,'2014-02-13 09:59:56','Room [CSE.2154]...'),
	(412,'2014-02-13 09:59:56','Rule 3 (CSE.g[1].r[2154]) actuated; consequent is -turn on the heating-...'),
	(413,'2014-02-13 09:59:56','Room [CSE.2109]...'),
	(414,'2014-02-13 09:59:56','Rule 3 (CSE.g[1].r[2109]) actuated; consequent is -turn on the heating-...'),
	(415,'2014-02-13 09:59:56','Room [CSE.2111]...'),
	(416,'2014-02-13 09:59:56','Rule 3 (CSE.g[1].r[2111]) actuated; consequent is -turn on the heating-...'),
	(417,'2014-02-13 09:59:56','Room [CSE.2112]...'),
	(418,'2014-02-13 09:59:56','Rule 3 (CSE.g[1].r[2112]) actuated; consequent is -turn on the heating-...'),
	(419,'2014-02-13 09:59:56','Room [CSE.2107]...'),
	(420,'2014-02-13 09:59:56','Rule 3 (CSE.g[1].r[2107]) actuated; consequent is -turn on the heating-...'),
	(421,'2014-02-13 09:59:56','Rule 5 (CSE.r[2107]) actuated; consequent is -open the curtains-...'),
	(422,'2014-02-13 09:59:56','Executing actions for CRV Groups...'),
	(423,'2014-02-13 09:59:56','The actuation process is ended.'),
	(424,'2014-02-13 10:00:59','GroupsRuleVerification [SUCCESS]: #rules=2 - opTimeMilliseconds:7937'),
	(425,'2014-02-13 10:09:54','Updating weather informations...'),
	(426,'2014-02-13 10:09:56','Starting the actuation process...'),
	(427,'2014-02-13 10:09:56','Working on building -CSE-...'),
	(428,'2014-02-13 10:09:56','Rule 1 (CSE.r[2107]) NOT actuated; antecedent is -today is Tuesday-...'),
	(429,'2014-02-13 10:09:56','Rule 2 (CSE.r[2107]) NOT actuated; antecedent is -today is Tuesday-...'),
	(430,'2014-02-13 10:09:56','Rule 3 (CSE.g[1].r[2107]) NOT actuated; antecedent is -nobody is in the room-...'),
	(431,'2014-02-13 10:09:56','Rule 3 (CSE.g[1].r[2108]) NOT actuated; antecedent is -nobody is in the room-...'),
	(432,'2014-02-13 10:09:56','Rule 3 (CSE.g[1].r[2109]) actuated; antecedent is -nobody is in the room-...'),
	(433,'2014-02-13 10:09:56','Rule 3 (CSE.g[1].r[2111]) NOT actuated; antecedent is -nobody is in the room-...'),
	(434,'2014-02-13 10:09:56','Rule 3 (CSE.g[1].r[2112]) NOT actuated; antecedent is -nobody is in the room-...'),
	(435,'2014-02-13 10:09:56','Rule 3 (CSE.g[1].r[2116]) actuated; antecedent is -nobody is in the room-...'),
	(436,'2014-02-13 10:09:56','Rule 3 (CSE.g[1].r[2118]) NOT actuated; antecedent is -nobody is in the room-...'),
	(437,'2014-02-13 10:09:56','Rule 3 (CSE.g[1].r[2122]) NOT actuated; antecedent is -nobody is in the room-...'),
	(438,'2014-02-13 10:09:56','Rule 3 (CSE.g[1].r[2126]) actuated; antecedent is -nobody is in the room-...'),
	(439,'2014-02-13 10:09:56','Rule 3 (CSE.g[1].r[2128]) NOT actuated; antecedent is -nobody is in the room-...'),
	(440,'2014-02-13 10:09:56','Rule 3 (CSE.g[1].r[2132]) actuated; antecedent is -nobody is in the room-...'),
	(441,'2014-02-13 10:09:56','Rule 3 (CSE.g[1].r[2134]) NOT actuated; antecedent is -nobody is in the room-...'),
	(442,'2014-02-13 10:09:56','Rule 3 (CSE.g[1].r[2136]) NOT actuated; antecedent is -nobody is in the room-...'),
	(443,'2014-02-13 10:09:56','Rule 3 (CSE.g[1].r[2138]) actuated; antecedent is -nobody is in the room-...'),
	(444,'2014-02-13 10:09:56','Rule 3 (CSE.g[1].r[2140]) NOT actuated; antecedent is -nobody is in the room-...'),
	(445,'2014-02-13 10:09:56','Rule 3 (CSE.g[1].r[2144]) actuated; antecedent is -nobody is in the room-...'),
	(446,'2014-02-13 10:09:56','Rule 3 (CSE.g[1].r[2154]) NOT actuated; antecedent is -nobody is in the room-...'),
	(447,'2014-02-13 10:09:56','Rule 3 (CSE.g[1].r[2203]) NOT actuated; antecedent is -nobody is in the room-...'),
	(448,'2014-02-13 10:09:56','Rule 3 (CSE.g[1].r[2215]) actuated; antecedent is -nobody is in the room-...'),
	(449,'2014-02-13 10:09:56','Rule 3 (CSE.g[1].r[2217]) actuated; antecedent is -nobody is in the room-...'),
	(450,'2014-02-13 10:09:56','Rule 3 (CSE.g[1].r[2230]) actuated; antecedent is -nobody is in the room-...'),
	(451,'2014-02-13 10:09:56','Rule 3 (CSE.g[1].r[2231]) NOT actuated; antecedent is -nobody is in the room-...'),
	(452,'2014-02-13 10:09:56','Rule 3 (CSE.g[1].r[3113]) actuated; antecedent is -nobody is in the room-...'),
	(453,'2014-02-13 10:09:56','Rule 3 (CSE.g[1].r[3208]) actuated; antecedent is -nobody is in the room-...'),
	(454,'2014-02-13 10:09:56','Rule 4 (CSE.r[2107]) NOT actuated; antecedent is -someone is in the room-...'),
	(455,'2014-02-13 10:09:56','Rule 5 (CSE.r[2107]) actuated; antecedent is -nobody is in the room-...'),
	(456,'2014-02-13 10:09:56','Rule 6 (CSE.r[2107]) NOT actuated; antecedent is -it is cloudy-...'),
	(457,'2014-02-13 10:09:56','Rule 7 (CSE.r[2109]) NOT actuated; antecedent is -time is between 03.00 and 05.00-...'),
	(458,'2014-02-13 10:09:56','CSE - Total rules: 7'),
	(459,'2014-02-13 10:09:56','CSE - Triggered rules: 12'),
	(460,'2014-02-13 10:09:56','CSE - Number of rooms: 12'),
	(461,'2014-02-13 10:09:56','CSE - Number of CRV Groups: 0'),
	(462,'2014-02-13 10:09:56','Executing actions for rooms...'),
	(463,'2014-02-13 10:09:56','Room [CSE.2132]...'),
	(464,'2014-02-13 10:09:56','Rule 3 (CSE.g[1].r[2132]) actuated; consequent is -turn on the heating-...'),
	(465,'2014-02-13 10:09:56','Room [CSE.2215]...'),
	(466,'2014-02-13 10:09:56','Rule 3 (CSE.g[1].r[2215]) actuated; consequent is -turn on the heating-...'),
	(467,'2014-02-13 10:09:56','Room [CSE.2126]...'),
	(468,'2014-02-13 10:09:56','Rule 3 (CSE.g[1].r[2126]) actuated; consequent is -turn on the heating-...'),
	(469,'2014-02-13 10:09:56','Room [CSE.2230]...'),
	(470,'2014-02-13 10:09:56','Rule 3 (CSE.g[1].r[2230]) actuated; consequent is -turn on the heating-...'),
	(471,'2014-02-13 10:09:56','Room [CSE.3113]...'),
	(472,'2014-02-13 10:09:56','Rule 3 (CSE.g[1].r[3113]) actuated; consequent is -turn on the heating-...'),
	(473,'2014-02-13 10:09:56','Room [CSE.2138]...'),
	(474,'2014-02-13 10:09:56','Rule 3 (CSE.g[1].r[2138]) actuated; consequent is -turn on the heating-...'),
	(475,'2014-02-13 10:09:56','Room [CSE.3208]...'),
	(476,'2014-02-13 10:09:56','Rule 3 (CSE.g[1].r[3208]) actuated; consequent is -turn on the heating-...'),
	(477,'2014-02-13 10:09:56','Room [CSE.2109]...'),
	(478,'2014-02-13 10:09:57','Rule 3 (CSE.g[1].r[2109]) actuated; consequent is -turn on the heating-...'),
	(479,'2014-02-13 10:09:57','Room [CSE.2144]...'),
	(480,'2014-02-13 10:09:57','Rule 3 (CSE.g[1].r[2144]) actuated; consequent is -turn on the heating-...'),
	(481,'2014-02-13 10:09:57','Room [CSE.2217]...'),
	(482,'2014-02-13 10:09:57','Rule 3 (CSE.g[1].r[2217]) actuated; consequent is -turn on the heating-...'),
	(483,'2014-02-13 10:09:57','Room [CSE.2107]...'),
	(484,'2014-02-13 10:09:57','Rule 5 (CSE.r[2107]) actuated; consequent is -open the curtains-...'),
	(485,'2014-02-13 10:09:57','Room [CSE.2116]...'),
	(486,'2014-02-13 10:09:57','Rule 3 (CSE.g[1].r[2116]) actuated; consequent is -turn on the heating-...'),
	(487,'2014-02-13 10:09:57','Executing actions for CRV Groups...'),
	(488,'2014-02-13 10:09:57','The actuation process is ended.'),
	(489,'2014-02-13 10:19:54','Updating weather informations...'),
	(490,'2014-02-13 10:19:57','Starting the actuation process...'),
	(491,'2014-02-13 10:19:57','Working on building -CSE-...'),
	(492,'2014-02-13 10:19:57','Rule 1 (CSE.r[2107]) NOT actuated; antecedent is -today is Tuesday-...'),
	(493,'2014-02-13 10:19:57','Rule 2 (CSE.r[2107]) NOT actuated; antecedent is -today is Tuesday-...'),
	(494,'2014-02-13 10:19:57','Rule 3 (CSE.g[1].r[2107]) actuated; antecedent is -nobody is in the room-...'),
	(495,'2014-02-13 10:19:57','Rule 3 (CSE.g[1].r[2108]) actuated; antecedent is -nobody is in the room-...'),
	(496,'2014-02-13 10:19:57','Rule 3 (CSE.g[1].r[2109]) actuated; antecedent is -nobody is in the room-...'),
	(497,'2014-02-13 10:19:57','Rule 3 (CSE.g[1].r[2111]) actuated; antecedent is -nobody is in the room-...'),
	(498,'2014-02-13 10:19:57','Rule 3 (CSE.g[1].r[2112]) NOT actuated; antecedent is -nobody is in the room-...'),
	(499,'2014-02-13 10:19:57','Rule 3 (CSE.g[1].r[2116]) NOT actuated; antecedent is -nobody is in the room-...'),
	(500,'2014-02-13 10:19:57','Rule 3 (CSE.g[1].r[2118]) actuated; antecedent is -nobody is in the room-...'),
	(501,'2014-02-13 10:19:57','Rule 3 (CSE.g[1].r[2122]) NOT actuated; antecedent is -nobody is in the room-...'),
	(502,'2014-02-13 10:19:57','Rule 3 (CSE.g[1].r[2126]) NOT actuated; antecedent is -nobody is in the room-...'),
	(503,'2014-02-13 10:19:57','Rule 3 (CSE.g[1].r[2128]) actuated; antecedent is -nobody is in the room-...'),
	(504,'2014-02-13 10:19:57','Rule 3 (CSE.g[1].r[2132]) actuated; antecedent is -nobody is in the room-...'),
	(505,'2014-02-13 10:19:57','Rule 3 (CSE.g[1].r[2134]) actuated; antecedent is -nobody is in the room-...'),
	(506,'2014-02-13 10:19:57','Rule 3 (CSE.g[1].r[2136]) actuated; antecedent is -nobody is in the room-...'),
	(507,'2014-02-13 10:19:57','Rule 3 (CSE.g[1].r[2138]) actuated; antecedent is -nobody is in the room-...'),
	(508,'2014-02-13 10:19:57','Rule 3 (CSE.g[1].r[2140]) actuated; antecedent is -nobody is in the room-...'),
	(509,'2014-02-13 10:19:57','Rule 3 (CSE.g[1].r[2144]) NOT actuated; antecedent is -nobody is in the room-...'),
	(510,'2014-02-13 10:19:57','Rule 3 (CSE.g[1].r[2154]) NOT actuated; antecedent is -nobody is in the room-...'),
	(511,'2014-02-13 10:19:57','Rule 3 (CSE.g[1].r[2203]) NOT actuated; antecedent is -nobody is in the room-...'),
	(512,'2014-02-13 10:19:57','Rule 3 (CSE.g[1].r[2215]) actuated; antecedent is -nobody is in the room-...'),
	(513,'2014-02-13 10:19:57','Rule 3 (CSE.g[1].r[2217]) NOT actuated; antecedent is -nobody is in the room-...'),
	(514,'2014-02-13 10:19:57','Rule 3 (CSE.g[1].r[2230]) actuated; antecedent is -nobody is in the room-...'),
	(515,'2014-02-13 10:19:57','Rule 3 (CSE.g[1].r[2231]) actuated; antecedent is -nobody is in the room-...'),
	(516,'2014-02-13 10:19:57','Rule 3 (CSE.g[1].r[3113]) actuated; antecedent is -nobody is in the room-...'),
	(517,'2014-02-13 10:19:57','Rule 3 (CSE.g[1].r[3208]) NOT actuated; antecedent is -nobody is in the room-...'),
	(518,'2014-02-13 10:19:57','Rule 4 (CSE.r[2107]) actuated; antecedent is -someone is in the room-...'),
	(519,'2014-02-13 10:19:57','Rule 5 (CSE.r[2107]) NOT actuated; antecedent is -nobody is in the room-...'),
	(520,'2014-02-13 10:19:57','Rule 6 (CSE.r[2107]) actuated; antecedent is -it is cloudy-...'),
	(521,'2014-02-13 10:19:57','Rule 7 (CSE.r[2109]) NOT actuated; antecedent is -time is between 03.00 and 05.00-...'),
	(522,'2014-02-13 10:19:57','CSE - Total rules: 7'),
	(523,'2014-02-13 10:19:57','CSE - Triggered rules: 17'),
	(524,'2014-02-13 10:19:57','CSE - Number of rooms: 15'),
	(525,'2014-02-13 10:19:57','CSE - Number of CRV Groups: 0'),
	(526,'2014-02-13 10:19:57','Executing actions for rooms...'),
	(527,'2014-02-13 10:19:57','Room [CSE.2136]...'),
	(528,'2014-02-13 10:19:57','Rule 3 (CSE.g[1].r[2136]) actuated; consequent is -turn on the heating-...'),
	(529,'2014-02-13 10:19:57','Room [CSE.2134]...'),
	(530,'2014-02-13 10:19:57','Rule 3 (CSE.g[1].r[2134]) actuated; consequent is -turn on the heating-...'),
	(531,'2014-02-13 10:19:57','Room [CSE.2132]...'),
	(532,'2014-02-13 10:19:57','Rule 3 (CSE.g[1].r[2132]) actuated; consequent is -turn on the heating-...'),
	(533,'2014-02-13 10:19:57','Room [CSE.2215]...'),
	(534,'2014-02-13 10:19:57','Rule 3 (CSE.g[1].r[2215]) actuated; consequent is -turn on the heating-...'),
	(535,'2014-02-13 10:19:57','Room [CSE.2231]...'),
	(536,'2014-02-13 10:19:57','Rule 3 (CSE.g[1].r[2231]) actuated; consequent is -turn on the heating-...'),
	(537,'2014-02-13 10:19:57','Room [CSE.2128]...'),
	(538,'2014-02-13 10:19:57','Rule 3 (CSE.g[1].r[2128]) actuated; consequent is -turn on the heating-...'),
	(539,'2014-02-13 10:19:57','Room [CSE.2230]...'),
	(540,'2014-02-13 10:19:57','Rule 3 (CSE.g[1].r[2230]) actuated; consequent is -turn on the heating-...'),
	(541,'2014-02-13 10:19:57','Room [CSE.3113]...'),
	(542,'2014-02-13 10:19:57','Rule 3 (CSE.g[1].r[3113]) actuated; consequent is -turn on the heating-...'),
	(543,'2014-02-13 10:19:57','Room [CSE.2138]...'),
	(544,'2014-02-13 10:19:57','Rule 3 (CSE.g[1].r[2138]) actuated; consequent is -turn on the heating-...'),
	(545,'2014-02-13 10:19:57','Room [CSE.2118]...'),
	(546,'2014-02-13 10:19:57','Rule 3 (CSE.g[1].r[2118]) actuated; consequent is -turn on the heating-...'),
	(547,'2014-02-13 10:19:57','Room [CSE.2109]...'),
	(548,'2014-02-13 10:19:57','Rule 3 (CSE.g[1].r[2109]) actuated; consequent is -turn on the heating-...'),
	(549,'2014-02-13 10:19:57','Room [CSE.2108]...'),
	(550,'2014-02-13 10:19:57','Rule 3 (CSE.g[1].r[2108]) actuated; consequent is -turn on the heating-...'),
	(551,'2014-02-13 10:19:57','Room [CSE.2140]...'),
	(552,'2014-02-13 10:19:57','Rule 3 (CSE.g[1].r[2140]) actuated; consequent is -turn on the heating-...'),
	(553,'2014-02-13 10:19:57','Room [CSE.2111]...'),
	(554,'2014-02-13 10:19:57','Rule 3 (CSE.g[1].r[2111]) actuated; consequent is -turn on the heating-...'),
	(555,'2014-02-13 10:19:57','Room [CSE.2107]...'),
	(556,'2014-02-13 10:19:57','Rule 3 (CSE.g[1].r[2107]) actuated; consequent is -turn on the heating-...'),
	(557,'2014-02-13 10:19:57','CSE - Room 2107, ruleId 4 ignored.'),
	(558,'2014-02-13 10:19:57','Rule 6 (CSE.r[2107]) actuated; consequent is -close the curtains-...'),
	(559,'2014-02-13 10:19:57','Executing actions for CRV Groups...'),
	(560,'2014-02-13 10:19:57','The actuation process is ended.'),
	(561,'2014-02-13 10:25:32','RuleValidationError: authorUuid =  11, buildingName =  CSE, roomName =  2109, ruleSetDescr =  [{-category-: -WINDOWS-, -roomName-: u-2109-, -buildingName-: -CSE-, -antecedent-: -time is between 03.00 and 05.00-, -deleted-: False, -authorUuid-: 11, -enabled-: True, -lastEditTimestamp-: -2014-02-13 09:40:48-, -groupId-: None, -priority-: 29L, -consequent-: -open the windows-, -creationTimestamp-: -2014-02-13 09:40:48-, -id-: 7L}, {-category-: -LIGHT-, -roomName-: u-2109-, -buildingName-: -CSE-, -antecedent-: -nobody is in the room-, -deleted-: False, -authorUuid-: 1, -enabled-: True, -lastEditTimestamp-: -2014-02-13 09:16:56-, -groupId-: None, -priority-: 100, -consequent-: -turn on the heating-, -creationTimestamp-: -2014-02-13 09:16:56-, -id-: 3L}, {-category-: -HEATING-, -roomName-: u-2109-, -buildingName-: u-CSE-, -antecedent-: u-nobody is in the room-, -deleted-: False, -authorUuid-: u-11-, -enabled-: True, -lastEditTimestamp-: None, -groupId-: None, -priority-: u-75-, -consequent-: u-turn off the heating-, -creationTimestamp-: None, -id-: None}], newRule =  Rule {\"category\":\"HEATING\",\"roomName\":\"2109\",\"buildingName\":\"CSE\",\"antecedent\":\"nobody is in the room\",\"deleted\":false,\"authorUuid\":\"11\",\"enabled\":true,\"lastEditTimestamp\":null,\"groupId\":null,\"priority\":\"75\",\"consequent\":\"turn off the heating\",\"creationTimestamp\":null,\"id\":null}'),
	(562,'2014-02-13 10:25:32','RoomRuleVerification [FAILED]: #rules=3 - opTimeMilliseconds:151'),
	(563,'2014-02-13 10:26:34','RuleValidationError: authorUuid =  11, buildingName =  CSE, roomName =  2109, ruleSetDescr =  [{\"category\": \"WINDOWS\", \"roomName\": u\"2109\", \"buildingName\": \"CSE\", \"antecedent\": \"time is between 03.00 and 05.00\", \"deleted\": False, \"authorUuid\": 11, \"enabled\": True, \"lastEditTimestamp\": \"2014-02-13 09:40:48\", \"groupId\": None, \"priority\": 29L, \"consequent\": \"open the windows\", \"creationTimestamp\": \"2014-02-13 09:40:48\", \"id\": 7L}, {\"category\": \"LIGHT\", \"roomName\": u\"2109\", \"buildingName\": \"CSE\", \"antecedent\": \"nobody is in the room\", \"deleted\": False, \"authorUuid\": 1, \"enabled\": True, \"lastEditTimestamp\": \"2014-02-13 09:16:56\", \"groupId\": None, \"priority\": 100, \"consequent\": \"turn on the heating\", \"creationTimestamp\": \"2014-02-13 09:16:56\", \"id\": 3L}, {\"category\": \"HEATING\", \"roomName\": u\"2109\", \"buildingName\": u\"CSE\", \"antecedent\": u\"nobody is in the room\", \"deleted\": False, \"authorUuid\": u\"11\", \"enabled\": True, \"lastEditTimestamp\": None, \"groupId\": None, \"priority\": u\"75\", \"consequent\": u\"turn off the heating\", \"creationTimestamp\": None, \"id\": None}], newRule =  Rule {\"category\":\"HEATING\",\"roomName\":\"2109\",\"buildingName\":\"CSE\",\"antecedent\":\"nobody is in the room\",\"deleted\":false,\"authorUuid\":\"11\",\"enabled\":true,\"lastEditTimestamp\":null,\"groupId\":null,\"priority\":\"75\",\"consequent\":\"turn off the heating\",\"creationTimestamp\":null,\"id\":null}'),
	(564,'2014-02-13 10:26:34','RoomRuleVerification [FAILED]: #rules=3 - opTimeMilliseconds:174'),
	(565,'2014-02-13 10:27:21','RuleValidationError: authorUuid =  11, buildingName =  CSE, roomName =  2109, ruleSetDescr =  [{\"category\": \"WINDOWS\", \"roomName\": u\"2109\", \"buildingName\": \"CSE\", \"antecedent\": \"time is between 03.00 and 05.00\", \"deleted\": False, \"authorUuid\": 11, \"enabled\": True, \"lastEditTimestamp\": \"2014-02-13 09:40:48\", \"groupId\": None, \"priority\": 29L, \"consequent\": \"open the windows\", \"creationTimestamp\": \"2014-02-13 09:40:48\", \"id\": 7L}, {\"category\": \"LIGHT\", \"roomName\": u\"2109\", \"buildingName\": \"CSE\", \"antecedent\": \"nobody is in the room\", \"deleted\": False, \"authorUuid\": 1, \"enabled\": True, \"lastEditTimestamp\": \"2014-02-13 09:16:56\", \"groupId\": None, \"priority\": 100, \"consequent\": \"turn on the heating\", \"creationTimestamp\": \"2014-02-13 09:16:56\", \"id\": 3L}, {\"category\": \"HEATING\", \"roomName\": u\"2109\", \"buildingName\": u\"CSE\", \"antecedent\": u\"nobody is in the room\", \"deleted\": False, \"authorUuid\": u\"11\", \"enabled\": True, \"lastEditTimestamp\": None, \"groupId\": None, \"priority\": u\"75\", \"consequent\": u\"turn off the heating\", \"creationTimestamp\": None, \"id\": None}], newRule =  Rule {\"category\":\"HEATING\",\"roomName\":\"2109\",\"buildingName\":\"CSE\",\"antecedent\":\"nobody is in the room\",\"deleted\":false,\"authorUuid\":\"11\",\"enabled\":true,\"lastEditTimestamp\":null,\"groupId\":null,\"priority\":\"75\",\"consequent\":\"turn off the heating\",\"creationTimestamp\":null,\"id\":null}'),
	(566,'2014-02-13 10:27:21','RoomRuleVerification [FAILED]: #rules=3 - opTimeMilliseconds:90'),
	(567,'2014-02-13 10:27:30','RuleValidationError: authorUuid =  11, buildingName =  CSE, roomName =  2109, ruleSetDescr =  [{\"category\": \"WINDOWS\", \"roomName\": u\"2109\", \"buildingName\": \"CSE\", \"antecedent\": \"time is between 03.00 and 05.00\", \"deleted\": False, \"authorUuid\": 11, \"enabled\": True, \"lastEditTimestamp\": \"2014-02-13 09:40:48\", \"groupId\": None, \"priority\": 29L, \"consequent\": \"open the windows\", \"creationTimestamp\": \"2014-02-13 09:40:48\", \"id\": 7L}, {\"category\": \"LIGHT\", \"roomName\": u\"2109\", \"buildingName\": \"CSE\", \"antecedent\": \"nobody is in the room\", \"deleted\": False, \"authorUuid\": 1, \"enabled\": True, \"lastEditTimestamp\": \"2014-02-13 09:16:56\", \"groupId\": None, \"priority\": 100, \"consequent\": \"turn on the heating\", \"creationTimestamp\": \"2014-02-13 09:16:56\", \"id\": 3L}, {\"category\": \"HEATING\", \"roomName\": u\"2109\", \"buildingName\": u\"CSE\", \"antecedent\": u\"nobody is in the room\", \"deleted\": False, \"authorUuid\": u\"11\", \"enabled\": True, \"lastEditTimestamp\": None, \"groupId\": None, \"priority\": u\"75\", \"consequent\": u\"turn off the heating\", \"creationTimestamp\": None, \"id\": None}], newRule =  Rule {\"category\":\"HEATING\",\"roomName\":\"2109\",\"buildingName\":\"CSE\",\"antecedent\":\"nobody is in the room\",\"deleted\":false,\"authorUuid\":\"11\",\"enabled\":true,\"lastEditTimestamp\":null,\"groupId\":null,\"priority\":\"75\",\"consequent\":\"turn off the heating\",\"creationTimestamp\":null,\"id\":null}'),
	(568,'2014-02-13 10:27:30','RoomRuleVerification [FAILED]: #rules=3 - opTimeMilliseconds:122'),
	(569,'2014-02-13 10:27:56','RuleValidationError: authorUuid =  11, buildingName =  CSE, roomName =  2109, ruleSetDescr =  [{\"category\": \"WINDOWS\", \"roomName\": u\"2109\", \"buildingName\": \"CSE\", \"antecedent\": \"time is between 03.00 and 05.00\", \"deleted\": False, \"authorUuid\": 11, \"enabled\": True, \"lastEditTimestamp\": \"2014-02-13 09:40:48\", \"groupId\": None, \"priority\": 29L, \"consequent\": \"open the windows\", \"creationTimestamp\": \"2014-02-13 09:40:48\", \"id\": 7L}, {\"category\": \"LIGHT\", \"roomName\": u\"2109\", \"buildingName\": \"CSE\", \"antecedent\": \"nobody is in the room\", \"deleted\": False, \"authorUuid\": 1, \"enabled\": True, \"lastEditTimestamp\": \"2014-02-13 09:16:56\", \"groupId\": None, \"priority\": 100, \"consequent\": \"turn on the heating\", \"creationTimestamp\": \"2014-02-13 09:16:56\", \"id\": 3L}, {\"category\": \"HEATING\", \"roomName\": u\"2109\", \"buildingName\": u\"CSE\", \"antecedent\": u\"nobody is in the room\", \"deleted\": False, \"authorUuid\": u\"11\", \"enabled\": True, \"lastEditTimestamp\": None, \"groupId\": None, \"priority\": u\"75\", \"consequent\": u\"turn off the heating\", \"creationTimestamp\": None, \"id\": None}], newRule =  Rule {\"category\":\"HEATING\",\"roomName\":\"2109\",\"buildingName\":\"CSE\",\"antecedent\":\"nobody is in the room\",\"deleted\":false,\"authorUuid\":\"11\",\"enabled\":true,\"lastEditTimestamp\":null,\"groupId\":null,\"priority\":\"75\",\"consequent\":\"turn off the heating\",\"creationTimestamp\":null,\"id\":null}'),
	(570,'2014-02-13 10:27:56','RoomRuleVerification [FAILED]: #rules=3 - opTimeMilliseconds:113'),
	(571,'2014-02-13 10:29:21','RuleValidationError: authorUuid =  11, buildingName =  CSE, roomName =  2109, ruleSetDescr =  [{\"category\": \"WINDOWS\", \"roomName\": u\"2109\", \"buildingName\": \"CSE\", \"antecedent\": \"time is between 03.00 and 05.00\", \"deleted\": False, \"authorUuid\": 11, \"enabled\": True, \"lastEditTimestamp\": \"2014-02-13 09:40:48\", \"groupId\": None, \"priority\": 29L, \"consequent\": \"open the windows\", \"creationTimestamp\": \"2014-02-13 09:40:48\", \"id\": 7L}, {\"category\": \"LIGHT\", \"roomName\": u\"2109\", \"buildingName\": \"CSE\", \"antecedent\": \"nobody is in the room\", \"deleted\": False, \"authorUuid\": 1, \"enabled\": True, \"lastEditTimestamp\": \"2014-02-13 09:16:56\", \"groupId\": None, \"priority\": 100, \"consequent\": \"turn on the heating\", \"creationTimestamp\": \"2014-02-13 09:16:56\", \"id\": 3L}, {\"category\": \"HEATING\", \"roomName\": u\"2109\", \"buildingName\": u\"CSE\", \"antecedent\": u\"nobody is in the room\", \"deleted\": False, \"authorUuid\": u\"11\", \"enabled\": True, \"lastEditTimestamp\": None, \"groupId\": None, \"priority\": u\"75\", \"consequent\": u\"turn off the heating\", \"creationTimestamp\": None, \"id\": None}], newRule =  Rule {\"category\":\"HEATING\",\"roomName\":\"2109\",\"buildingName\":\"CSE\",\"antecedent\":\"nobody is in the room\",\"deleted\":false,\"authorUuid\":\"11\",\"enabled\":true,\"lastEditTimestamp\":null,\"groupId\":null,\"priority\":\"75\",\"consequent\":\"turn off the heating\",\"creationTimestamp\":null,\"id\":null}'),
	(572,'2014-02-13 10:29:21','RoomRuleVerification [FAILED]: #rules=3 - opTimeMilliseconds:71'),
	(573,'2014-02-13 10:29:55','Updating weather informations...'),
	(574,'2014-02-13 10:29:57','Starting the actuation process...'),
	(575,'2014-02-13 10:29:58','Working on building -CSE-...'),
	(576,'2014-02-13 10:29:58','Rule 1 (CSE.r[2107]) NOT actuated; antecedent is -today is Tuesday-...'),
	(577,'2014-02-13 10:29:58','Rule 2 (CSE.r[2107]) NOT actuated; antecedent is -today is Tuesday-...'),
	(578,'2014-02-13 10:29:58','Rule 3 (CSE.g[1].r[2107]) NOT actuated; antecedent is -nobody is in the room-...'),
	(579,'2014-02-13 10:29:58','Rule 3 (CSE.g[1].r[2108]) actuated; antecedent is -nobody is in the room-...'),
	(580,'2014-02-13 10:29:58','Rule 3 (CSE.g[1].r[2109]) NOT actuated; antecedent is -nobody is in the room-...'),
	(581,'2014-02-13 10:29:58','Rule 3 (CSE.g[1].r[2111]) actuated; antecedent is -nobody is in the room-...'),
	(582,'2014-02-13 10:29:58','Rule 3 (CSE.g[1].r[2112]) actuated; antecedent is -nobody is in the room-...'),
	(583,'2014-02-13 10:29:58','Rule 3 (CSE.g[1].r[2116]) actuated; antecedent is -nobody is in the room-...'),
	(584,'2014-02-13 10:29:58','Rule 3 (CSE.g[1].r[2118]) actuated; antecedent is -nobody is in the room-...'),
	(585,'2014-02-13 10:29:58','Rule 3 (CSE.g[1].r[2122]) NOT actuated; antecedent is -nobody is in the room-...'),
	(586,'2014-02-13 10:29:58','Rule 3 (CSE.g[1].r[2126]) NOT actuated; antecedent is -nobody is in the room-...'),
	(587,'2014-02-13 10:29:58','Rule 3 (CSE.g[1].r[2128]) actuated; antecedent is -nobody is in the room-...'),
	(588,'2014-02-13 10:29:58','Rule 3 (CSE.g[1].r[2132]) NOT actuated; antecedent is -nobody is in the room-...'),
	(589,'2014-02-13 10:29:58','Rule 3 (CSE.g[1].r[2134]) actuated; antecedent is -nobody is in the room-...'),
	(590,'2014-02-13 10:29:58','Rule 3 (CSE.g[1].r[2136]) actuated; antecedent is -nobody is in the room-...'),
	(591,'2014-02-13 10:29:58','Rule 3 (CSE.g[1].r[2138]) NOT actuated; antecedent is -nobody is in the room-...'),
	(592,'2014-02-13 10:29:58','Rule 3 (CSE.g[1].r[2140]) actuated; antecedent is -nobody is in the room-...'),
	(593,'2014-02-13 10:29:58','Rule 3 (CSE.g[1].r[2144]) actuated; antecedent is -nobody is in the room-...'),
	(594,'2014-02-13 10:29:58','Rule 3 (CSE.g[1].r[2154]) actuated; antecedent is -nobody is in the room-...'),
	(595,'2014-02-13 10:29:58','Rule 3 (CSE.g[1].r[2203]) actuated; antecedent is -nobody is in the room-...'),
	(596,'2014-02-13 10:29:58','Rule 3 (CSE.g[1].r[2215]) NOT actuated; antecedent is -nobody is in the room-...'),
	(597,'2014-02-13 10:29:58','Rule 3 (CSE.g[1].r[2217]) actuated; antecedent is -nobody is in the room-...'),
	(598,'2014-02-13 10:29:58','Rule 3 (CSE.g[1].r[2230]) NOT actuated; antecedent is -nobody is in the room-...'),
	(599,'2014-02-13 10:29:58','Rule 3 (CSE.g[1].r[2231]) NOT actuated; antecedent is -nobody is in the room-...'),
	(600,'2014-02-13 10:29:58','Rule 3 (CSE.g[1].r[3113]) NOT actuated; antecedent is -nobody is in the room-...'),
	(601,'2014-02-13 10:29:58','Rule 3 (CSE.g[1].r[3208]) NOT actuated; antecedent is -nobody is in the room-...'),
	(602,'2014-02-13 10:29:58','Rule 4 (CSE.r[2107]) actuated; antecedent is -someone is in the room-...'),
	(603,'2014-02-13 10:29:58','Rule 5 (CSE.r[2107]) actuated; antecedent is -nobody is in the room-...'),
	(604,'2014-02-13 10:29:58','Rule 6 (CSE.r[2107]) actuated; antecedent is -it is cloudy-...'),
	(605,'2014-02-13 10:29:58','Rule 7 (CSE.r[2109]) NOT actuated; antecedent is -time is between 03.00 and 05.00-...'),
	(606,'2014-02-13 10:29:58','CSE - Total rules: 7'),
	(607,'2014-02-13 10:29:58','CSE - Triggered rules: 16'),
	(608,'2014-02-13 10:29:58','CSE - Number of rooms: 14'),
	(609,'2014-02-13 10:29:58','CSE - Number of CRV Groups: 0'),
	(610,'2014-02-13 10:29:58','Executing actions for rooms...'),
	(611,'2014-02-13 10:29:58','Room [CSE.2136]...'),
	(612,'2014-02-13 10:29:58','Rule 3 (CSE.g[1].r[2136]) actuated; consequent is -turn on the heating-...'),
	(613,'2014-02-13 10:29:58','Room [CSE.2154]...'),
	(614,'2014-02-13 10:29:58','Rule 3 (CSE.g[1].r[2154]) actuated; consequent is -turn on the heating-...'),
	(615,'2014-02-13 10:29:58','Room [CSE.2134]...'),
	(616,'2014-02-13 10:29:58','Rule 3 (CSE.g[1].r[2134]) actuated; consequent is -turn on the heating-...'),
	(617,'2014-02-13 10:29:58','Room [CSE.2144]...'),
	(618,'2014-02-13 10:29:58','Rule 3 (CSE.g[1].r[2144]) actuated; consequent is -turn on the heating-...'),
	(619,'2014-02-13 10:29:58','Room [CSE.2217]...'),
	(620,'2014-02-13 10:29:58','Rule 3 (CSE.g[1].r[2217]) actuated; consequent is -turn on the heating-...'),
	(621,'2014-02-13 10:29:58','Room [CSE.2203]...'),
	(622,'2014-02-13 10:29:58','Rule 3 (CSE.g[1].r[2203]) actuated; consequent is -turn on the heating-...'),
	(623,'2014-02-13 10:29:58','Room [CSE.2128]...'),
	(624,'2014-02-13 10:29:58','Rule 3 (CSE.g[1].r[2128]) actuated; consequent is -turn on the heating-...'),
	(625,'2014-02-13 10:29:58','Room [CSE.2118]...'),
	(626,'2014-02-13 10:29:58','Rule 3 (CSE.g[1].r[2118]) actuated; consequent is -turn on the heating-...'),
	(627,'2014-02-13 10:29:58','Room [CSE.2108]...'),
	(628,'2014-02-13 10:29:58','Rule 3 (CSE.g[1].r[2108]) actuated; consequent is -turn on the heating-...'),
	(629,'2014-02-13 10:29:58','Room [CSE.2140]...'),
	(630,'2014-02-13 10:29:58','Rule 3 (CSE.g[1].r[2140]) actuated; consequent is -turn on the heating-...'),
	(631,'2014-02-13 10:29:58','Room [CSE.2111]...'),
	(632,'2014-02-13 10:29:58','Rule 3 (CSE.g[1].r[2111]) actuated; consequent is -turn on the heating-...'),
	(633,'2014-02-13 10:29:58','Room [CSE.2112]...'),
	(634,'2014-02-13 10:29:58','Rule 3 (CSE.g[1].r[2112]) actuated; consequent is -turn on the heating-...'),
	(635,'2014-02-13 10:29:58','Room [CSE.2107]...'),
	(636,'2014-02-13 10:29:58','Rule 4 (CSE.r[2107]) actuated; consequent is -turn off the light-...'),
	(637,'2014-02-13 10:29:58','Rule 5 (CSE.r[2107]) actuated; consequent is -open the curtains-...'),
	(638,'2014-02-13 10:29:58','CSE - Room 2107, ruleId 6 ignored.'),
	(639,'2014-02-13 10:29:58','Room [CSE.2116]...'),
	(640,'2014-02-13 10:29:58','Rule 3 (CSE.g[1].r[2116]) actuated; consequent is -turn on the heating-...'),
	(641,'2014-02-13 10:29:58','Executing actions for CRV Groups...'),
	(642,'2014-02-13 10:29:58','The actuation process is ended.'),
	(643,'2014-02-13 10:39:55','Updating weather informations...'),
	(644,'2014-02-13 10:39:58','Starting the actuation process...'),
	(645,'2014-02-13 10:39:58','Working on building -CSE-...'),
	(646,'2014-02-13 10:39:58','Rule 1 (CSE.r[2107]) NOT actuated; antecedent is -today is Tuesday-...'),
	(647,'2014-02-13 10:39:58','Rule 2 (CSE.r[2107]) NOT actuated; antecedent is -today is Tuesday-...'),
	(648,'2014-02-13 10:39:59','Rule 3 (CSE.g[1].r[2107]) NOT actuated; antecedent is -nobody is in the room-...'),
	(649,'2014-02-13 10:39:59','Rule 3 (CSE.g[1].r[2108]) actuated; antecedent is -nobody is in the room-...'),
	(650,'2014-02-13 10:39:59','Rule 3 (CSE.g[1].r[2109]) NOT actuated; antecedent is -nobody is in the room-...'),
	(651,'2014-02-13 10:39:59','Rule 3 (CSE.g[1].r[2111]) NOT actuated; antecedent is -nobody is in the room-...'),
	(652,'2014-02-13 10:39:59','Rule 3 (CSE.g[1].r[2112]) actuated; antecedent is -nobody is in the room-...'),
	(653,'2014-02-13 10:39:59','Rule 3 (CSE.g[1].r[2116]) NOT actuated; antecedent is -nobody is in the room-...'),
	(654,'2014-02-13 10:39:59','Rule 3 (CSE.g[1].r[2118]) NOT actuated; antecedent is -nobody is in the room-...'),
	(655,'2014-02-13 10:39:59','Rule 3 (CSE.g[1].r[2122]) NOT actuated; antecedent is -nobody is in the room-...'),
	(656,'2014-02-13 10:39:59','Rule 3 (CSE.g[1].r[2126]) actuated; antecedent is -nobody is in the room-...'),
	(657,'2014-02-13 10:39:59','Rule 3 (CSE.g[1].r[2128]) actuated; antecedent is -nobody is in the room-...'),
	(658,'2014-02-13 10:39:59','Rule 3 (CSE.g[1].r[2132]) actuated; antecedent is -nobody is in the room-...'),
	(659,'2014-02-13 10:39:59','Rule 3 (CSE.g[1].r[2134]) actuated; antecedent is -nobody is in the room-...'),
	(660,'2014-02-13 10:39:59','Rule 3 (CSE.g[1].r[2136]) actuated; antecedent is -nobody is in the room-...'),
	(661,'2014-02-13 10:39:59','Rule 3 (CSE.g[1].r[2138]) actuated; antecedent is -nobody is in the room-...'),
	(662,'2014-02-13 10:39:59','Rule 3 (CSE.g[1].r[2140]) actuated; antecedent is -nobody is in the room-...'),
	(663,'2014-02-13 10:39:59','Rule 3 (CSE.g[1].r[2144]) actuated; antecedent is -nobody is in the room-...'),
	(664,'2014-02-13 10:39:59','Rule 3 (CSE.g[1].r[2154]) actuated; antecedent is -nobody is in the room-...'),
	(665,'2014-02-13 10:39:59','Rule 3 (CSE.g[1].r[2203]) NOT actuated; antecedent is -nobody is in the room-...'),
	(666,'2014-02-13 10:39:59','Rule 3 (CSE.g[1].r[2215]) actuated; antecedent is -nobody is in the room-...'),
	(667,'2014-02-13 10:39:59','Rule 3 (CSE.g[1].r[2217]) NOT actuated; antecedent is -nobody is in the room-...'),
	(668,'2014-02-13 10:39:59','Rule 3 (CSE.g[1].r[2230]) NOT actuated; antecedent is -nobody is in the room-...'),
	(669,'2014-02-13 10:39:59','Rule 3 (CSE.g[1].r[2231]) actuated; antecedent is -nobody is in the room-...'),
	(670,'2014-02-13 10:39:59','Rule 3 (CSE.g[1].r[3113]) actuated; antecedent is -nobody is in the room-...'),
	(671,'2014-02-13 10:39:59','Rule 3 (CSE.g[1].r[3208]) NOT actuated; antecedent is -nobody is in the room-...'),
	(672,'2014-02-13 10:39:59','Rule 4 (CSE.r[2107]) NOT actuated; antecedent is -someone is in the room-...'),
	(673,'2014-02-13 10:39:59','Rule 5 (CSE.r[2107]) NOT actuated; antecedent is -nobody is in the room-...'),
	(674,'2014-02-13 10:39:59','Rule 6 (CSE.r[2107]) actuated; antecedent is -it is cloudy-...'),
	(675,'2014-02-13 10:39:59','Rule 7 (CSE.r[2109]) NOT actuated; antecedent is -time is between 03.00 and 05.00-...'),
	(676,'2014-02-13 10:39:59','CSE - Total rules: 7'),
	(677,'2014-02-13 10:39:59','CSE - Triggered rules: 15'),
	(678,'2014-02-13 10:39:59','CSE - Number of rooms: 15'),
	(679,'2014-02-13 10:39:59','CSE - Number of CRV Groups: 0'),
	(680,'2014-02-13 10:39:59','Executing actions for rooms...'),
	(681,'2014-02-13 10:39:59','Room [CSE.2136]...'),
	(682,'2014-02-13 10:39:59','Rule 3 (CSE.g[1].r[2136]) actuated; consequent is -turn on the heating-...'),
	(683,'2014-02-13 10:39:59','Room [CSE.2134]...'),
	(684,'2014-02-13 10:39:59','Rule 3 (CSE.g[1].r[2134]) actuated; consequent is -turn on the heating-...'),
	(685,'2014-02-13 10:39:59','Room [CSE.2144]...'),
	(686,'2014-02-13 10:39:59','Rule 3 (CSE.g[1].r[2144]) actuated; consequent is -turn on the heating-...'),
	(687,'2014-02-13 10:39:59','Room [CSE.2132]...'),
	(688,'2014-02-13 10:39:59','Rule 3 (CSE.g[1].r[2132]) actuated; consequent is -turn on the heating-...'),
	(689,'2014-02-13 10:39:59','Room [CSE.2215]...'),
	(690,'2014-02-13 10:39:59','Rule 3 (CSE.g[1].r[2215]) actuated; consequent is -turn on the heating-...'),
	(691,'2014-02-13 10:39:59','Room [CSE.2126]...'),
	(692,'2014-02-13 10:39:59','Rule 3 (CSE.g[1].r[2126]) actuated; consequent is -turn on the heating-...'),
	(693,'2014-02-13 10:39:59','Room [CSE.2231]...'),
	(694,'2014-02-13 10:39:59','Rule 3 (CSE.g[1].r[2231]) actuated; consequent is -turn on the heating-...'),
	(695,'2014-02-13 10:39:59','Room [CSE.2128]...'),
	(696,'2014-02-13 10:39:59','Rule 3 (CSE.g[1].r[2128]) actuated; consequent is -turn on the heating-...'),
	(697,'2014-02-13 10:39:59','Room [CSE.3113]...'),
	(698,'2014-02-13 10:39:59','Rule 3 (CSE.g[1].r[3113]) actuated; consequent is -turn on the heating-...'),
	(699,'2014-02-13 10:39:59','Room [CSE.2138]...'),
	(700,'2014-02-13 10:39:59','Rule 3 (CSE.g[1].r[2138]) actuated; consequent is -turn on the heating-...'),
	(701,'2014-02-13 10:39:59','Room [CSE.2154]...'),
	(702,'2014-02-13 10:39:59','Rule 3 (CSE.g[1].r[2154]) actuated; consequent is -turn on the heating-...'),
	(703,'2014-02-13 10:39:59','Room [CSE.2108]...'),
	(704,'2014-02-13 10:39:59','Rule 3 (CSE.g[1].r[2108]) actuated; consequent is -turn on the heating-...'),
	(705,'2014-02-13 10:39:59','Room [CSE.2140]...'),
	(706,'2014-02-13 10:39:59','Rule 3 (CSE.g[1].r[2140]) actuated; consequent is -turn on the heating-...'),
	(707,'2014-02-13 10:39:59','Room [CSE.2112]...'),
	(708,'2014-02-13 10:39:59','Rule 3 (CSE.g[1].r[2112]) actuated; consequent is -turn on the heating-...'),
	(709,'2014-02-13 10:39:59','Room [CSE.2107]...'),
	(710,'2014-02-13 10:39:59','Rule 6 (CSE.r[2107]) actuated; consequent is -close the curtains-...'),
	(711,'2014-02-13 10:39:59','Executing actions for CRV Groups...'),
	(712,'2014-02-13 10:39:59','The actuation process is ended.'),
	(713,'2014-02-13 10:49:55','Updating weather informations...'),
	(714,'2014-02-13 10:49:59','Starting the actuation process...'),
	(715,'2014-02-13 10:49:59','Working on building -CSE-...'),
	(716,'2014-02-13 10:49:59','Rule 1 (CSE.r[2107]) NOT actuated; antecedent is -today is Tuesday-...'),
	(717,'2014-02-13 10:49:59','Rule 2 (CSE.r[2107]) NOT actuated; antecedent is -today is Tuesday-...'),
	(718,'2014-02-13 10:49:59','Rule 3 (CSE.g[1].r[2107]) NOT actuated; antecedent is -nobody is in the room-...'),
	(719,'2014-02-13 10:49:59','Rule 3 (CSE.g[1].r[2108]) actuated; antecedent is -nobody is in the room-...'),
	(720,'2014-02-13 10:49:59','Rule 3 (CSE.g[1].r[2109]) actuated; antecedent is -nobody is in the room-...'),
	(721,'2014-02-13 10:49:59','Rule 3 (CSE.g[1].r[2111]) NOT actuated; antecedent is -nobody is in the room-...'),
	(722,'2014-02-13 10:49:59','Rule 3 (CSE.g[1].r[2112]) actuated; antecedent is -nobody is in the room-...'),
	(723,'2014-02-13 10:49:59','Rule 3 (CSE.g[1].r[2116]) actuated; antecedent is -nobody is in the room-...'),
	(724,'2014-02-13 10:49:59','Rule 3 (CSE.g[1].r[2118]) actuated; antecedent is -nobody is in the room-...'),
	(725,'2014-02-13 10:49:59','Rule 3 (CSE.g[1].r[2122]) actuated; antecedent is -nobody is in the room-...'),
	(726,'2014-02-13 10:49:59','Rule 3 (CSE.g[1].r[2126]) actuated; antecedent is -nobody is in the room-...'),
	(727,'2014-02-13 10:49:59','Rule 3 (CSE.g[1].r[2128]) actuated; antecedent is -nobody is in the room-...'),
	(728,'2014-02-13 10:49:59','Rule 3 (CSE.g[1].r[2132]) NOT actuated; antecedent is -nobody is in the room-...'),
	(729,'2014-02-13 10:49:59','Rule 3 (CSE.g[1].r[2134]) NOT actuated; antecedent is -nobody is in the room-...'),
	(730,'2014-02-13 10:49:59','Rule 3 (CSE.g[1].r[2136]) NOT actuated; antecedent is -nobody is in the room-...'),
	(731,'2014-02-13 10:49:59','Rule 3 (CSE.g[1].r[2138]) actuated; antecedent is -nobody is in the room-...'),
	(732,'2014-02-13 10:49:59','Rule 3 (CSE.g[1].r[2140]) actuated; antecedent is -nobody is in the room-...'),
	(733,'2014-02-13 10:49:59','Rule 3 (CSE.g[1].r[2144]) NOT actuated; antecedent is -nobody is in the room-...'),
	(734,'2014-02-13 10:49:59','Rule 3 (CSE.g[1].r[2154]) NOT actuated; antecedent is -nobody is in the room-...'),
	(735,'2014-02-13 10:49:59','Rule 3 (CSE.g[1].r[2203]) actuated; antecedent is -nobody is in the room-...'),
	(736,'2014-02-13 10:49:59','Rule 3 (CSE.g[1].r[2215]) NOT actuated; antecedent is -nobody is in the room-...'),
	(737,'2014-02-13 10:49:59','Rule 3 (CSE.g[1].r[2217]) actuated; antecedent is -nobody is in the room-...'),
	(738,'2014-02-13 10:49:59','Rule 3 (CSE.g[1].r[2230]) actuated; antecedent is -nobody is in the room-...'),
	(739,'2014-02-13 10:49:59','Rule 3 (CSE.g[1].r[2231]) NOT actuated; antecedent is -nobody is in the room-...'),
	(740,'2014-02-13 10:49:59','Rule 3 (CSE.g[1].r[3113]) NOT actuated; antecedent is -nobody is in the room-...'),
	(741,'2014-02-13 10:49:59','Rule 3 (CSE.g[1].r[3208]) NOT actuated; antecedent is -nobody is in the room-...'),
	(742,'2014-02-13 10:49:59','Rule 4 (CSE.r[2107]) actuated; antecedent is -someone is in the room-...'),
	(743,'2014-02-13 10:50:00','Rule 5 (CSE.r[2107]) NOT actuated; antecedent is -nobody is in the room-...'),
	(744,'2014-02-13 10:50:00','Rule 6 (CSE.r[2107]) actuated; antecedent is -it is cloudy-...'),
	(745,'2014-02-13 10:50:00','Rule 7 (CSE.r[2109]) NOT actuated; antecedent is -time is between 03.00 and 05.00-...'),
	(746,'2014-02-13 10:50:00','CSE - Total rules: 7'),
	(747,'2014-02-13 10:50:00','CSE - Triggered rules: 15'),
	(748,'2014-02-13 10:50:00','CSE - Number of rooms: 14'),
	(749,'2014-02-13 10:50:00','CSE - Number of CRV Groups: 0'),
	(750,'2014-02-13 10:50:00','Executing actions for rooms...'),
	(751,'2014-02-13 10:50:00','Room [CSE.2122]...'),
	(752,'2014-02-13 10:50:00','Rule 3 (CSE.g[1].r[2122]) actuated; consequent is -turn on the heating-...'),
	(753,'2014-02-13 10:50:00','Room [CSE.2217]...'),
	(754,'2014-02-13 10:50:00','Rule 3 (CSE.g[1].r[2217]) actuated; consequent is -turn on the heating-...'),
	(755,'2014-02-13 10:50:00','Room [CSE.2126]...'),
	(756,'2014-02-13 10:50:00','Rule 3 (CSE.g[1].r[2126]) actuated; consequent is -turn on the heating-...'),
	(757,'2014-02-13 10:50:00','Room [CSE.2128]...'),
	(758,'2014-02-13 10:50:00','Rule 3 (CSE.g[1].r[2128]) actuated; consequent is -turn on the heating-...'),
	(759,'2014-02-13 10:50:00','Room [CSE.2230]...'),
	(760,'2014-02-13 10:50:00','Rule 3 (CSE.g[1].r[2230]) actuated; consequent is -turn on the heating-...'),
	(761,'2014-02-13 10:50:00','Room [CSE.2138]...'),
	(762,'2014-02-13 10:50:00','Rule 3 (CSE.g[1].r[2138]) actuated; consequent is -turn on the heating-...'),
	(763,'2014-02-13 10:50:00','Room [CSE.2118]...'),
	(764,'2014-02-13 10:50:00','Rule 3 (CSE.g[1].r[2118]) actuated; consequent is -turn on the heating-...'),
	(765,'2014-02-13 10:50:00','Room [CSE.2109]...'),
	(766,'2014-02-13 10:50:00','Rule 3 (CSE.g[1].r[2109]) actuated; consequent is -turn on the heating-...'),
	(767,'2014-02-13 10:50:00','Room [CSE.2108]...'),
	(768,'2014-02-13 10:50:00','Rule 3 (CSE.g[1].r[2108]) actuated; consequent is -turn on the heating-...'),
	(769,'2014-02-13 10:50:00','Room [CSE.2140]...'),
	(770,'2014-02-13 10:50:00','Rule 3 (CSE.g[1].r[2140]) actuated; consequent is -turn on the heating-...'),
	(771,'2014-02-13 10:50:00','Room [CSE.2112]...'),
	(772,'2014-02-13 10:50:00','Rule 3 (CSE.g[1].r[2112]) actuated; consequent is -turn on the heating-...'),
	(773,'2014-02-13 10:50:00','Room [CSE.2107]...'),
	(774,'2014-02-13 10:50:00','Rule 4 (CSE.r[2107]) actuated; consequent is -turn off the light-...'),
	(775,'2014-02-13 10:50:00','Rule 6 (CSE.r[2107]) actuated; consequent is -close the curtains-...'),
	(776,'2014-02-13 10:50:00','Room [CSE.2203]...'),
	(777,'2014-02-13 10:50:00','Rule 3 (CSE.g[1].r[2203]) actuated; consequent is -turn on the heating-...'),
	(778,'2014-02-13 10:50:00','Room [CSE.2116]...'),
	(779,'2014-02-13 10:50:00','Rule 3 (CSE.g[1].r[2116]) actuated; consequent is -turn on the heating-...'),
	(780,'2014-02-13 10:50:00','Executing actions for CRV Groups...'),
	(781,'2014-02-13 10:50:00','The actuation process is ended.'),
	(782,'2014-02-13 11:06:25','BuildingRules WeatherService is active...'),
	(783,'2014-02-13 11:06:25','BuildingRules Deamon is active...'),
	(784,'2014-02-13 11:06:25','Updating weather informations...'),
	(785,'2014-02-13 11:06:25','Starting the actuation process...'),
	(786,'2014-02-13 11:06:25','Working on building \"CSE\"...'),
	(787,'2014-02-13 11:06:25','Nothing to do...'),
	(788,'2014-02-13 11:06:25','The actuation process is ended.'),
	(789,'2014-02-13 11:07:30','RoomRuleVerification [SUCCESS]: #rules=1 - opTimeMilliseconds:150'),
	(790,'2014-02-13 11:16:25','Starting the actuation process...'),
	(791,'2014-02-13 11:16:25','Working on building \"CSE\"...'),
	(792,'2014-02-13 11:16:25','Rule 1 (CSE.r[2107]) actuated; antecedent is \"someone is in the room\"...'),
	(793,'2014-02-13 11:16:25','CSE - Total rules: 1'),
	(794,'2014-02-13 11:16:25','CSE - Triggered rules: 1'),
	(795,'2014-02-13 11:16:25','CSE - Number of rooms: 1'),
	(796,'2014-02-13 11:16:25','CSE - Number of CRV Groups: 0'),
	(797,'2014-02-13 11:16:25','Executing actions for rooms...'),
	(798,'2014-02-13 11:16:25','Room [CSE.2107]...'),
	(799,'2014-02-13 11:16:25','Rule 1 (CSE.r[2107]) actuated; consequent is \"turn off the light\"...'),
	(800,'2014-02-13 11:16:25','Executing actions for CRV Groups...'),
	(801,'2014-02-13 11:16:25','The actuation process is ended.'),
	(802,'2014-02-13 11:16:25','Updating weather informations...'),
	(803,'2014-02-13 11:26:25','Starting the actuation process...'),
	(804,'2014-02-13 11:26:25','Working on building \"CSE\"...'),
	(805,'2014-02-13 11:26:25','Rule 1 (CSE.r[2107]) actuated; antecedent is \"someone is in the room\"...'),
	(806,'2014-02-13 11:26:25','CSE - Total rules: 1'),
	(807,'2014-02-13 11:26:25','CSE - Triggered rules: 1'),
	(808,'2014-02-13 11:26:25','CSE - Number of rooms: 1'),
	(809,'2014-02-13 11:26:25','CSE - Number of CRV Groups: 0'),
	(810,'2014-02-13 11:26:25','Executing actions for rooms...'),
	(811,'2014-02-13 11:26:25','Room [CSE.2107]...'),
	(812,'2014-02-13 11:26:25','Rule 1 (CSE.r[2107]) actuated; consequent is \"turn off the light\"...'),
	(813,'2014-02-13 11:26:25','Executing actions for CRV Groups...'),
	(814,'2014-02-13 11:26:25','The actuation process is ended.'),
	(815,'2014-02-13 11:26:25','Updating weather informations...'),
	(816,'2014-02-13 11:36:25','Starting the actuation process...'),
	(817,'2014-02-13 11:36:25','Working on building \"CSE\"...'),
	(818,'2014-02-13 11:36:25','Rule 1 (CSE.r[2107]) NOT actuated; antecedent is \"someone is in the room\"...'),
	(819,'2014-02-13 11:36:25','CSE - Total rules: 1'),
	(820,'2014-02-13 11:36:25','CSE - Triggered rules: 0'),
	(821,'2014-02-13 11:36:25','CSE - Number of rooms: 0'),
	(822,'2014-02-13 11:36:25','CSE - Number of CRV Groups: 0'),
	(823,'2014-02-13 11:36:25','Executing actions for rooms...'),
	(824,'2014-02-13 11:36:25','Executing actions for CRV Groups...'),
	(825,'2014-02-13 11:36:25','The actuation process is ended.'),
	(826,'2014-02-13 11:36:26','Updating weather informations...'),
	(827,'2014-02-13 11:38:11','BuildingRules Deamon is active...'),
	(828,'2014-02-13 11:38:11','Starting the actuation process...'),
	(829,'2014-02-13 11:38:11','BuildingRules WeatherService is active...'),
	(830,'2014-02-13 11:38:11','Working on building \"CSE\"...'),
	(831,'2014-02-13 11:38:11','Updating weather informations...'),
	(832,'2014-02-13 11:38:11','Rule 1 (CSE.r[2107]) NOT actuated; antecedent is \"someone is in the room\"...'),
	(833,'2014-02-13 11:38:11','CSE - Total rules: 1'),
	(834,'2014-02-13 11:38:11','CSE - Triggered rules: 0'),
	(835,'2014-02-13 11:38:11','CSE - Number of rooms: 0'),
	(836,'2014-02-13 11:38:11','CSE - Number of CRV Groups: 0'),
	(837,'2014-02-13 11:38:11','Executing actions for rooms...'),
	(838,'2014-02-13 11:38:11','Executing actions for CRV Groups...'),
	(839,'2014-02-13 11:38:11','The actuation process is ended.'),
	(840,'2014-02-13 11:39:51','BuildingRules WeatherService is active...'),
	(841,'2014-02-13 11:39:51','Updating weather informations...'),
	(842,'2014-02-13 11:39:51','BuildingRules Deamon is active...'),
	(843,'2014-02-13 11:39:51','Starting the actuation process...'),
	(844,'2014-02-13 11:39:51','Working on building \"CSE\"...'),
	(845,'2014-02-13 11:39:51','Rule 1 (CSE.r[2107]) actuated; antecedent is \"someone is in the room\"...'),
	(846,'2014-02-13 11:39:51','CSE - Total rules: 1'),
	(847,'2014-02-13 11:39:51','CSE - Triggered rules: 1'),
	(848,'2014-02-13 11:39:51','CSE - Number of rooms: 1'),
	(849,'2014-02-13 11:39:51','CSE - Number of CRV Groups: 0'),
	(850,'2014-02-13 11:39:51','Executing actions for rooms...'),
	(851,'2014-02-13 11:39:51','Room [CSE.2107]...'),
	(852,'2014-02-13 11:39:51','Rule 1 (CSE.r[2107]) actuated; consequent is \"turn off the light\"...'),
	(853,'2014-02-13 11:39:51','Executing actions for CRV Groups...'),
	(854,'2014-02-13 11:39:51','The actuation process is ended.'),
	(855,'2014-02-13 11:40:22','BuildingRules WeatherService is active...'),
	(856,'2014-02-13 11:40:22','Updating weather informations...'),
	(857,'2014-02-13 11:40:22','BuildingRules Deamon is active...'),
	(858,'2014-02-13 11:40:22','Starting the actuation process...'),
	(859,'2014-02-13 11:40:22','Working on building \"CSE\"...'),
	(860,'2014-02-13 11:40:23','Rule 1 (CSE.r[2107]) actuated; antecedent is \"someone is in the room\"...'),
	(861,'2014-02-13 11:40:23','CSE - Total rules: 1'),
	(862,'2014-02-13 11:40:23','CSE - Triggered rules: 1'),
	(863,'2014-02-13 11:40:23','CSE - Number of rooms: 1'),
	(864,'2014-02-13 11:40:23','CSE - Number of CRV Groups: 0'),
	(865,'2014-02-13 11:40:23','Executing actions for rooms...'),
	(866,'2014-02-13 11:40:23','Room [CSE.2107]...'),
	(867,'2014-02-13 11:40:23','Rule 1 (CSE.r[2107]) actuated; consequent is \"turn off the light\"...'),
	(868,'2014-02-13 11:40:23','Executing actions for CRV Groups...'),
	(869,'2014-02-13 11:40:23','The actuation process is ended.'),
	(870,'2013-02-12 11:14:04','BuildingRules Deamon is active...'),
	(871,'2013-02-12 11:14:04','BuildingRules WeatherService is active...'),
	(872,'2013-02-12 11:14:04','Starting the actuation process...'),
	(873,'2013-02-12 11:14:04','Updating weather informations...'),
	(874,'2013-02-12 11:14:04','Working on building \"CSE\"...'),
	(875,'2013-02-12 11:14:04','Rule 1 (CSE.r[2107]) actuated; antecedent is \"someone is in the room\"...'),
	(876,'2013-02-12 11:14:04','CSE - Total rules: 1'),
	(877,'2013-02-12 11:14:04','CSE - Triggered rules: 1'),
	(878,'2013-02-12 11:14:04','CSE - Number of rooms: 1'),
	(879,'2013-02-12 11:14:04','CSE - Number of CRV Groups: 0'),
	(880,'2013-02-12 11:14:04','Executing actions for rooms...'),
	(881,'2013-02-12 11:14:04','Room [CSE.2107]...'),
	(882,'2013-02-12 11:14:04','Rule 1 (CSE.r[2107]) actuated; consequent is \"turn off the light\"...'),
	(883,'2013-02-12 11:14:04','Executing actions for CRV Groups...'),
	(884,'2013-02-12 11:14:04','The actuation process is ended.'),
	(885,'2013-02-13 11:14:11','BuildingRules WeatherService is active...'),
	(886,'2013-02-13 11:14:11','Updating weather informations...'),
	(887,'2013-02-13 11:14:11','BuildingRules Deamon is active...'),
	(888,'2013-02-13 11:14:11','Starting the actuation process...'),
	(889,'2013-02-13 11:14:11','Working on building \"CSE\"...'),
	(890,'2013-02-13 11:14:12','Rule 1 (CSE.r[2107]) NOT actuated; antecedent is \"someone is in the room\"...'),
	(891,'2013-02-13 11:14:12','CSE - Total rules: 1'),
	(892,'2013-02-13 11:14:12','CSE - Triggered rules: 0'),
	(893,'2013-02-13 11:14:12','CSE - Number of rooms: 0'),
	(894,'2013-02-13 11:14:12','CSE - Number of CRV Groups: 0'),
	(895,'2013-02-13 11:14:12','Executing actions for rooms...'),
	(896,'2013-02-13 11:14:12','Executing actions for CRV Groups...'),
	(897,'2013-02-13 11:14:12','The actuation process is ended.'),
	(898,'2014-02-19 11:16:28','RuleValidationError: authorUuid =  2, buildingName =  CSE, roomName =  2107, ruleSetDescr =  [{\"category\": \"LIGHT\", \"roomName\": u\"2107\", \"buildingName\": \"CSE\", \"antecedent\": \"someone is in the room\", \"deleted\": False, \"authorUuid\": 2, \"enabled\": True, \"lastEditTimestamp\": \"2014-02-13 11:07:30\", \"groupId\": None, \"priority\": 50L, \"consequent\": \"turn off the light\", \"creationTimestamp\": \"2014-02-13 11:07:30\", \"id\": 1L}, {\"category\": \"LIGHT\", \"roomName\": u\"2107\", \"buildingName\": u\"CSE\", \"antecedent\": u\"someone is in the room\", \"deleted\": False, \"authorUuid\": u\"2\", \"enabled\": True, \"lastEditTimestamp\": None, \"groupId\": None, \"priority\": u\"83\", \"consequent\": u\"turn on the light\", \"creationTimestamp\": None, \"id\": None}], newRule =  Rule {\"category\":\"LIGHT\",\"roomName\":\"2107\",\"buildingName\":\"CSE\",\"antecedent\":\"someone is in the room\",\"deleted\":false,\"authorUuid\":\"2\",\"enabled\":true,\"lastEditTimestamp\":null,\"groupId\":null,\"priority\":\"83\",\"consequent\":\"turn on the light\",\"creationTimestamp\":null,\"id\":null}'),
	(899,'2014-02-19 11:16:28','RoomRuleVerification [FAILED]: #rules=2 - opTimeMilliseconds:97'),
	(900,'2014-02-19 11:16:32','RoomRuleVerification [SUCCESS]: #rules=2 - opTimeMilliseconds:140'),
	(901,'2014-02-19 11:17:04','RoomRuleVerification [SUCCESS]: #rules=3 - opTimeMilliseconds:204'),
	(902,'2014-02-19 11:18:54','Starting the actuation process...'),
	(903,'2014-02-19 11:18:54','Working on building \"CSE\"...'),
	(904,'2014-02-19 11:18:54','Updating weather informations...'),
	(905,'2014-02-19 11:18:54','Rule 1 (CSE.r[2107]) actuated; antecedent is \"someone is in the room\"...'),
	(906,'2014-02-19 11:18:54','Rule 2 (CSE.r[2107]) actuated; antecedent is \"someone is in the room\"...'),
	(907,'2014-02-19 11:18:54','Rule 3 (CSE.r[2107]) NOT actuated; antecedent is \"someone is in the room\"...'),
	(908,'2014-02-19 11:18:54','CSE - Total rules: 3'),
	(909,'2014-02-19 11:18:54','CSE - Triggered rules: 2'),
	(910,'2014-02-19 11:18:54','CSE - Number of rooms: 1'),
	(911,'2014-02-19 11:18:54','CSE - Number of CRV Groups: 1'),
	(912,'2014-02-19 11:18:54','Executing actions for rooms...'),
	(913,'2014-02-19 11:18:54','Room [CSE.2107]...'),
	(914,'2014-02-19 11:18:54','Rule 1 (CSE.r[2107]) actuated; consequent is \"turn off the light\"...'),
	(915,'2014-02-19 11:18:54','Executing actions for CRV Groups...'),
	(916,'2014-02-19 11:18:54','Group CSE.g[10]...'),
	(917,'2014-02-19 11:18:54','Rule 2 (CSE.r[2107]) actuated; consequent is \"turn on the heating\"...'),
	(918,'2014-02-19 11:18:54','The actuation process is ended.'),
	(919,'2014-02-13 12:07:28','BuildingRules Deamon is active...'),
	(920,'2014-02-13 12:07:28','BuildingRules WeatherService is active...'),
	(921,'2014-02-13 12:07:28','Updating weather informations...'),
	(922,'2014-02-13 12:07:28','Starting the actuation process...'),
	(923,'2014-02-13 12:07:28','Working on building \"CSE\"...'),
	(924,'2014-02-13 12:07:28','Rule 1 (CSE.r[2107]) actuated; antecedent is \"someone is in the room\"...'),
	(925,'2014-02-13 12:07:28','Rule 2 (CSE.r[2107]) NOT actuated; antecedent is \"someone is in the room\"...'),
	(926,'2014-02-13 12:07:28','Rule 3 (CSE.r[2107]) actuated; antecedent is \"someone is in the room\"...'),
	(927,'2014-02-13 12:07:28','CSE - Total rules: 3'),
	(928,'2014-02-13 12:07:28','CSE - Triggered rules: 2'),
	(929,'2014-02-13 12:07:28','CSE - Number of rooms: 1'),
	(930,'2014-02-13 12:07:28','CSE - Number of CRV Groups: 0'),
	(931,'2014-02-13 12:07:28','Executing actions for rooms...'),
	(932,'2014-02-13 12:07:28','Room [CSE.2107]...'),
	(933,'2014-02-13 12:07:28','Rule 1 (CSE.r[2107]) actuated; consequent is \"turn off the light\"...'),
	(934,'2014-02-13 12:07:28','Rule 3 (CSE.r[2107]) actuated; consequent is \"turn off the cooling\"...'),
	(935,'2014-02-13 12:07:28','Executing actions for CRV Groups...'),
	(936,'2014-02-13 12:07:28','The actuation process is ended.'),
	(937,'2014-02-13 12:08:01','BuildingRules WeatherService is active...'),
	(938,'2014-02-13 12:08:01','Updating weather informations...'),
	(939,'2014-02-13 12:08:01','BuildingRules Deamon is active...'),
	(940,'2014-02-13 12:08:01','Starting the actuation process...'),
	(941,'2014-02-13 12:08:01','Working on building \"CSE\"...'),
	(942,'2014-02-13 12:08:01','Rule 1 (CSE.r[2107]) actuated; antecedent is \"someone is in the room\"...'),
	(943,'2014-02-13 12:08:01','Rule 2 (CSE.r[2107]) NOT actuated; antecedent is \"someone is in the room\"...'),
	(944,'2014-02-13 12:08:01','Rule 3 (CSE.r[2107]) NOT actuated; antecedent is \"someone is in the room\"...'),
	(945,'2014-02-13 12:08:01','CSE - Total rules: 3'),
	(946,'2014-02-13 12:08:01','CSE - Triggered rules: 1'),
	(947,'2014-02-13 12:08:01','CSE - Number of rooms: 1'),
	(948,'2014-02-13 12:08:01','CSE - Number of CRV Groups: 0'),
	(949,'2014-02-13 12:08:01','Executing actions for rooms...'),
	(950,'2014-02-13 12:08:01','Room [CSE.2107]...'),
	(951,'2014-02-13 12:08:01','Rule 1 (CSE.r[2107]) actuated; consequent is \"turn off the light\"...'),
	(952,'2014-02-13 12:08:01','Executing actions for CRV Groups...'),
	(953,'2014-02-13 12:08:01','The actuation process is ended.'),
	(954,'2014-02-13 12:08:58','BuildingRules WeatherService is active...'),
	(955,'2014-02-13 12:08:58','Updating weather informations...'),
	(956,'2014-02-13 12:08:58','BuildingRules Deamon is active...'),
	(957,'2014-02-13 12:08:58','Starting the actuation process...'),
	(958,'2014-02-13 12:08:58','Working on building \"CSE\"...'),
	(959,'2014-02-13 12:08:58','Rule 1 (CSE.r[2107]) NOT actuated; antecedent is \"someone is in the room\"...'),
	(960,'2014-02-13 12:08:58','Rule 2 (CSE.r[2107]) actuated; antecedent is \"someone is in the room\"...'),
	(961,'2014-02-13 12:08:58','Rule 3 (CSE.r[2107]) actuated; antecedent is \"someone is in the room\"...'),
	(962,'2014-02-13 12:08:58','CSE - Total rules: 3'),
	(963,'2014-02-13 12:08:58','CSE - Triggered rules: 2'),
	(964,'2014-02-13 12:08:58','CSE - Number of rooms: 1'),
	(965,'2014-02-13 12:08:59','CSE - Number of CRV Groups: 1'),
	(966,'2014-02-13 12:08:59','Executing actions for rooms...'),
	(967,'2014-02-13 12:08:59','Room [CSE.2107]...'),
	(968,'2014-02-13 12:08:59','Rule 3 (CSE.r[2107]) actuated; consequent is \"turn off the cooling\"...'),
	(969,'2014-02-13 12:08:59','Executing actions for CRV Groups...'),
	(970,'2014-02-13 12:08:59','Group CSE.g[10]...'),
	(971,'2014-02-13 12:08:59','Rule 2 (CSE.r[2107]) actuated; consequent is \"turn on the heating\"...'),
	(972,'2014-02-13 12:08:59','The actuation process is ended.'),
	(973,'2014-02-13 12:10:08','RoomRuleVerification [SUCCESS]: #rules=3 - opTimeMilliseconds:602'),
	(974,'2014-02-13 12:10:15','RoomRuleVerification [SUCCESS]: #rules=3 - opTimeMilliseconds:191'),
	(975,'2014-02-13 12:10:32','RoomRuleVerification [SUCCESS]: #rules=4 - opTimeMilliseconds:375'),
	(976,'2014-02-13 12:10:43','RoomRuleVerification [SUCCESS]: #rules=4 - opTimeMilliseconds:333'),
	(977,'2014-02-13 12:10:59','RoomRuleVerification [SUCCESS]: #rules=4 - opTimeMilliseconds:369'),
	(978,'2014-02-13 12:11:02','BuildingRules WeatherService is active...'),
	(979,'2014-02-13 12:11:03','Updating weather informations...'),
	(980,'2014-02-13 12:11:02','BuildingRules Deamon is active...'),
	(981,'2014-02-13 12:11:03','Starting the actuation process...'),
	(982,'2014-02-13 12:11:03','Working on building \"CSE\"...'),
	(983,'2014-02-13 12:11:03','Rule 1 (CSE.r[2107]) NOT actuated; antecedent is \"someone is in the room\"...'),
	(984,'2014-02-13 12:11:03','Rule 2 (CSE.r[2107]) actuated; antecedent is \"someone is in the room\"...'),
	(985,'2014-02-13 12:11:03','Rule 3 (CSE.r[2107]) NOT actuated; antecedent is \"it is rainy\"...'),
	(986,'2014-02-13 12:11:03','Rule 4 (CSE.r[2107]) actuated; antecedent is \"time is between 01.00 and 05.00\"...'),
	(987,'2014-02-13 12:11:03','CSE - Total rules: 4'),
	(988,'2014-02-13 12:11:03','CSE - Triggered rules: 2'),
	(989,'2014-02-13 12:11:03','CSE - Number of rooms: 1'),
	(990,'2014-02-13 12:11:03','CSE - Number of CRV Groups: 1'),
	(991,'2014-02-13 12:11:03','Executing actions for rooms...'),
	(992,'2014-02-13 12:11:03','Room [CSE.2107]...'),
	(993,'2014-02-13 12:11:03','Rule 4 (CSE.r[2107]) actuated; consequent is \"turn on the cooling\"...'),
	(994,'2014-02-13 12:11:03','Executing actions for CRV Groups...'),
	(995,'2014-02-13 12:11:03','Group CSE.g[10]...'),
	(996,'2014-02-13 12:11:03','Rule 2 (CSE.r[2107]) actuated; consequent is \"turn on the heating\"...'),
	(997,'2014-02-13 12:11:03','The actuation process is ended.'),
	(998,'2014-02-13 12:11:19','RoomRuleVerification [SUCCESS]: #rules=5 - opTimeMilliseconds:385'),
	(999,'2014-02-13 12:12:41','RoomRuleVerification [SUCCESS]: #rules=6 - opTimeMilliseconds:463'),
	(1000,'2014-02-13 12:13:10','RoomRuleVerification [SUCCESS]: #rules=1 - opTimeMilliseconds:192'),
	(1001,'2014-02-13 12:13:30','RoomRuleVerification [SUCCESS]: #rules=1 - opTimeMilliseconds:189'),
	(1002,'2014-02-13 12:14:50','RoomRuleVerification [SUCCESS]: #rules=7 - opTimeMilliseconds:500'),
	(1003,'2014-02-13 12:15:12','RoomRuleVerification [SUCCESS]: #rules=7 - opTimeMilliseconds:544'),
	(1004,'2014-02-13 12:15:26','RoomRuleVerification [SUCCESS]: #rules=2 - opTimeMilliseconds:243'),
	(1005,'2014-02-13 12:15:40','RoomRuleVerification [SUCCESS]: #rules=1 - opTimeMilliseconds:186'),
	(1006,'2014-02-13 12:15:59','RoomRuleVerification [SUCCESS]: #rules=1 - opTimeMilliseconds:165'),
	(1007,'2014-02-13 12:16:12','RoomRuleVerification [SUCCESS]: #rules=1 - opTimeMilliseconds:62'),
	(1008,'2014-02-13 12:22:11','Updating weather informations...'),
	(1009,'2014-02-13 12:22:11','Starting the actuation process...'),
	(1010,'2014-02-13 12:22:11','Working on building \"CSE\"...'),
	(1011,'2014-02-13 12:22:11','Rule 1 (CSE.r[2107]) actuated; antecedent is \"someone is in the room\"...'),
	(1012,'2014-02-13 12:22:11','Rule 2 (CSE.r[2107]) actuated; antecedent is \"someone is in the room\"...'),
	(1013,'2014-02-13 12:22:11','Rule 3 (CSE.r[2107]) NOT actuated; antecedent is \"it is rainy\"...'),
	(1014,'2014-02-13 12:22:11','Rule 4 (CSE.r[2107]) actuated; antecedent is \"time is between 01.00 and 05.00\"...'),
	(1015,'2014-02-13 12:22:11','Rule 5 (CSE.r[2107]) NOT actuated; antecedent is \"it is sunny\"...'),
	(1016,'2014-02-13 12:22:11','Rule 6 (CSE.r[2107]) NOT actuated; antecedent is \"it is cloudy\"...'),
	(1017,'2014-02-13 12:22:11','Rule 7 (CSE.r[2112]) NOT actuated; antecedent is \"time is between 06.00 and 14.00\"...'),
	(1018,'2014-02-13 12:22:11','Rule 8 (CSE.r[2107]) NOT actuated; antecedent is \"it is sunny\"...'),
	(1019,'2014-02-13 12:22:11','Rule 9 (CSE.r[2144]) NOT actuated; antecedent is \"external temperature is between 61F and 66F\"...'),
	(1020,'2014-02-13 12:22:11','Rule 10 (CSE.r[3208]) NOT actuated; antecedent is \"time is between 08.00 and 06.00\"...'),
	(1021,'2014-02-13 12:22:11','Rule 11 (CSE.r[3113]) NOT actuated; antecedent is \"external temperature is between 64F and 71F\"...'),
	(1022,'2014-02-13 12:22:11','Rule 12 (CSE.r[2109]) NOT actuated; antecedent is \"it is cloudy\"...'),
	(1023,'2014-02-13 12:22:11','CSE - Total rules: 12'),
	(1024,'2014-02-13 12:22:11','CSE - Triggered rules: 3'),
	(1025,'2014-02-13 12:22:11','CSE - Number of rooms: 1'),
	(1026,'2014-02-13 12:22:11','CSE - Number of CRV Groups: 1'),
	(1027,'2014-02-13 12:22:11','Executing actions for rooms...'),
	(1028,'2014-02-13 12:22:11','Room [CSE.2107]...'),
	(1029,'2014-02-13 12:22:11','Rule 1 (CSE.r[2107]) actuated; consequent is \"turn off the light\"...'),
	(1030,'2014-02-13 12:22:11','Rule 4 (CSE.r[2107]) actuated; consequent is \"turn on the cooling\"...'),
	(1031,'2014-02-13 12:22:11','Executing actions for CRV Groups...'),
	(1032,'2014-02-13 12:22:11','Group CSE.g[10]...'),
	(1033,'2014-02-13 12:22:11','Rule 2 (CSE.r[2107]) actuated; consequent is \"turn on the heating\"...'),
	(1034,'2014-02-13 12:22:11','The actuation process is ended.'),
	(1035,'2014-02-13 12:32:11','Starting the actuation process...'),
	(1036,'2014-02-13 12:32:11','Updating weather informations...'),
	(1037,'2014-02-13 12:32:11','Working on building \"CSE\"...'),
	(1038,'2014-02-13 12:32:11','Rule 1 (CSE.r[2107]) NOT actuated; antecedent is \"someone is in the room\"...'),
	(1039,'2014-02-13 12:32:11','Rule 2 (CSE.r[2107]) NOT actuated; antecedent is \"someone is in the room\"...'),
	(1040,'2014-02-13 12:32:11','Rule 3 (CSE.r[2107]) NOT actuated; antecedent is \"it is rainy\"...'),
	(1041,'2014-02-13 12:32:11','Rule 4 (CSE.r[2107]) actuated; antecedent is \"time is between 01.00 and 05.00\"...'),
	(1042,'2014-02-13 12:32:11','Rule 5 (CSE.r[2107]) NOT actuated; antecedent is \"it is sunny\"...'),
	(1043,'2014-02-13 12:32:11','Rule 6 (CSE.r[2107]) NOT actuated; antecedent is \"it is cloudy\"...'),
	(1044,'2014-02-13 12:32:11','Rule 7 (CSE.r[2112]) NOT actuated; antecedent is \"time is between 06.00 and 14.00\"...'),
	(1045,'2014-02-13 12:32:11','Rule 8 (CSE.r[2107]) NOT actuated; antecedent is \"it is sunny\"...'),
	(1046,'2014-02-13 12:32:11','Rule 9 (CSE.r[2144]) NOT actuated; antecedent is \"external temperature is between 61F and 66F\"...'),
	(1047,'2014-02-13 12:32:11','Rule 10 (CSE.r[3208]) NOT actuated; antecedent is \"time is between 08.00 and 06.00\"...'),
	(1048,'2014-02-13 12:32:11','Rule 11 (CSE.r[3113]) NOT actuated; antecedent is \"external temperature is between 64F and 71F\"...'),
	(1049,'2014-02-13 12:32:11','Rule 12 (CSE.r[2109]) NOT actuated; antecedent is \"it is cloudy\"...'),
	(1050,'2014-02-13 12:32:11','CSE - Total rules: 12'),
	(1051,'2014-02-13 12:32:11','CSE - Triggered rules: 1'),
	(1052,'2014-02-13 12:32:11','CSE - Number of rooms: 1'),
	(1053,'2014-02-13 12:32:11','CSE - Number of CRV Groups: 0'),
	(1054,'2014-02-13 12:32:11','Executing actions for rooms...'),
	(1055,'2014-02-13 12:32:11','Room [CSE.2107]...'),
	(1056,'2014-02-13 12:32:11','Rule 4 (CSE.r[2107]) actuated; consequent is \"turn on the cooling\"...'),
	(1057,'2014-02-13 12:32:11','Executing actions for CRV Groups...'),
	(1058,'2014-02-13 12:32:11','The actuation process is ended.'),
	(1059,'2014-02-13 12:42:11','Starting the actuation process...'),
	(1060,'2014-02-13 12:42:11','Working on building \"CSE\"...'),
	(1061,'2014-02-13 12:42:11','Rule 1 (CSE.r[2107]) actuated; antecedent is \"someone is in the room\"...'),
	(1062,'2014-02-13 12:42:11','Rule 2 (CSE.r[2107]) NOT actuated; antecedent is \"someone is in the room\"...'),
	(1063,'2014-02-13 12:42:11','Rule 3 (CSE.r[2107]) NOT actuated; antecedent is \"it is rainy\"...'),
	(1064,'2014-02-13 12:42:11','Rule 4 (CSE.r[2107]) actuated; antecedent is \"time is between 01.00 and 05.00\"...'),
	(1065,'2014-02-13 12:42:11','Rule 5 (CSE.r[2107]) NOT actuated; antecedent is \"it is sunny\"...'),
	(1066,'2014-02-13 12:42:11','Rule 6 (CSE.r[2107]) NOT actuated; antecedent is \"it is cloudy\"...'),
	(1067,'2014-02-13 12:42:11','Rule 7 (CSE.r[2112]) NOT actuated; antecedent is \"time is between 06.00 and 14.00\"...'),
	(1068,'2014-02-13 12:42:11','Rule 8 (CSE.r[2107]) NOT actuated; antecedent is \"it is sunny\"...'),
	(1069,'2014-02-13 12:42:11','Rule 9 (CSE.r[2144]) NOT actuated; antecedent is \"external temperature is between 61F and 66F\"...'),
	(1070,'2014-02-13 12:42:11','Rule 10 (CSE.r[3208]) NOT actuated; antecedent is \"time is between 08.00 and 06.00\"...'),
	(1071,'2014-02-13 12:42:11','Rule 11 (CSE.r[3113]) NOT actuated; antecedent is \"external temperature is between 64F and 71F\"...'),
	(1072,'2014-02-13 12:42:11','Rule 12 (CSE.r[2109]) NOT actuated; antecedent is \"it is cloudy\"...'),
	(1073,'2014-02-13 12:42:11','CSE - Total rules: 12'),
	(1074,'2014-02-13 12:42:11','CSE - Triggered rules: 2'),
	(1075,'2014-02-13 12:42:12','CSE - Number of rooms: 1'),
	(1076,'2014-02-13 12:42:12','CSE - Number of CRV Groups: 0'),
	(1077,'2014-02-13 12:42:12','Executing actions for rooms...'),
	(1078,'2014-02-13 12:42:12','Room [CSE.2107]...'),
	(1079,'2014-02-13 12:42:12','Rule 1 (CSE.r[2107]) actuated; consequent is \"turn off the light\"...'),
	(1080,'2014-02-13 12:42:12','Rule 4 (CSE.r[2107]) actuated; consequent is \"turn on the cooling\"...'),
	(1081,'2014-02-13 12:42:12','Executing actions for CRV Groups...'),
	(1082,'2014-02-13 12:42:12','The actuation process is ended.'),
	(1083,'2014-02-13 12:42:12','Updating weather informations...'),
	(1084,'2014-02-13 12:52:12','Starting the actuation process...'),
	(1085,'2014-02-13 12:52:12','Working on building \"CSE\"...'),
	(1086,'2014-02-13 12:52:12','Rule 1 (CSE.r[2107]) NOT actuated; antecedent is \"someone is in the room\"...'),
	(1087,'2014-02-13 12:52:12','Rule 2 (CSE.r[2107]) actuated; antecedent is \"someone is in the room\"...'),
	(1088,'2014-02-13 12:52:12','Rule 3 (CSE.r[2107]) NOT actuated; antecedent is \"it is rainy\"...'),
	(1089,'2014-02-13 12:52:12','Rule 4 (CSE.r[2107]) actuated; antecedent is \"time is between 01.00 and 05.00\"...'),
	(1090,'2014-02-13 12:52:12','Rule 5 (CSE.r[2107]) NOT actuated; antecedent is \"it is sunny\"...'),
	(1091,'2014-02-13 12:52:12','Rule 6 (CSE.r[2107]) NOT actuated; antecedent is \"it is cloudy\"...'),
	(1092,'2014-02-13 12:52:12','Rule 7 (CSE.r[2112]) NOT actuated; antecedent is \"time is between 06.00 and 14.00\"...'),
	(1093,'2014-02-13 12:52:12','Rule 8 (CSE.r[2107]) NOT actuated; antecedent is \"it is sunny\"...'),
	(1094,'2014-02-13 12:52:12','Rule 9 (CSE.r[2144]) NOT actuated; antecedent is \"external temperature is between 61F and 66F\"...'),
	(1095,'2014-02-13 12:52:12','Rule 10 (CSE.r[3208]) NOT actuated; antecedent is \"time is between 08.00 and 06.00\"...'),
	(1096,'2014-02-13 12:52:12','Rule 11 (CSE.r[3113]) NOT actuated; antecedent is \"external temperature is between 64F and 71F\"...'),
	(1097,'2014-02-13 12:52:12','Rule 12 (CSE.r[2109]) NOT actuated; antecedent is \"it is cloudy\"...'),
	(1098,'2014-02-13 12:52:12','CSE - Total rules: 12'),
	(1099,'2014-02-13 12:52:12','CSE - Triggered rules: 2'),
	(1100,'2014-02-13 12:52:12','CSE - Number of rooms: 1'),
	(1101,'2014-02-13 12:52:12','CSE - Number of CRV Groups: 1'),
	(1102,'2014-02-13 12:52:12','Executing actions for rooms...'),
	(1103,'2014-02-13 12:52:12','Room [CSE.2107]...'),
	(1104,'2014-02-13 12:52:12','Rule 4 (CSE.r[2107]) actuated; consequent is \"turn on the cooling\"...'),
	(1105,'2014-02-13 12:52:12','Executing actions for CRV Groups...'),
	(1106,'2014-02-13 12:52:12','Group CSE.g[10]...'),
	(1107,'2014-02-13 12:52:12','Rule 2 (CSE.r[2107]) actuated; consequent is \"turn on the heating\"...'),
	(1108,'2014-02-13 12:52:12','The actuation process is ended.'),
	(1109,'2014-02-13 12:52:12','Updating weather informations...'),
	(1110,'2014-02-13 13:02:12','Starting the actuation process...'),
	(1111,'2014-02-13 13:02:12','Working on building \"CSE\"...'),
	(1112,'2014-02-13 13:02:12','Rule 1 (CSE.r[2107]) NOT actuated; antecedent is \"someone is in the room\"...'),
	(1113,'2014-02-13 13:02:12','Rule 2 (CSE.r[2107]) actuated; antecedent is \"someone is in the room\"...'),
	(1114,'2014-02-13 13:02:12','Rule 3 (CSE.r[2107]) NOT actuated; antecedent is \"it is rainy\"...'),
	(1115,'2014-02-13 13:02:12','Rule 4 (CSE.r[2107]) actuated; antecedent is \"time is between 01.00 and 05.00\"...'),
	(1116,'2014-02-13 13:02:12','Rule 5 (CSE.r[2107]) NOT actuated; antecedent is \"it is sunny\"...'),
	(1117,'2014-02-13 13:02:12','Rule 6 (CSE.r[2107]) NOT actuated; antecedent is \"it is cloudy\"...'),
	(1118,'2014-02-13 13:02:12','Rule 7 (CSE.r[2112]) NOT actuated; antecedent is \"time is between 06.00 and 14.00\"...'),
	(1119,'2014-02-13 13:02:12','Rule 8 (CSE.r[2107]) NOT actuated; antecedent is \"it is sunny\"...'),
	(1120,'2014-02-13 13:02:12','Rule 9 (CSE.r[2144]) NOT actuated; antecedent is \"external temperature is between 61F and 66F\"...'),
	(1121,'2014-02-13 13:02:12','Rule 10 (CSE.r[3208]) NOT actuated; antecedent is \"time is between 08.00 and 06.00\"...'),
	(1122,'2014-02-13 13:02:12','Rule 11 (CSE.r[3113]) NOT actuated; antecedent is \"external temperature is between 64F and 71F\"...'),
	(1123,'2014-02-13 13:02:12','Rule 12 (CSE.r[2109]) NOT actuated; antecedent is \"it is cloudy\"...'),
	(1124,'2014-02-13 13:02:12','CSE - Total rules: 12'),
	(1125,'2014-02-13 13:02:12','CSE - Triggered rules: 2'),
	(1126,'2014-02-13 13:02:12','CSE - Number of rooms: 1'),
	(1127,'2014-02-13 13:02:12','CSE - Number of CRV Groups: 1'),
	(1128,'2014-02-13 13:02:12','Executing actions for rooms...'),
	(1129,'2014-02-13 13:02:12','Room [CSE.2107]...'),
	(1130,'2014-02-13 13:02:12','Rule 4 (CSE.r[2107]) actuated; consequent is \"turn on the cooling\"...'),
	(1131,'2014-02-13 13:02:12','Executing actions for CRV Groups...'),
	(1132,'2014-02-13 13:02:12','Group CSE.g[10]...'),
	(1133,'2014-02-13 13:02:12','Rule 2 (CSE.r[2107]) actuated; consequent is \"turn on the heating\"...'),
	(1134,'2014-02-13 13:02:12','The actuation process is ended.'),
	(1135,'2014-02-13 13:02:12','Updating weather informations...'),
	(1136,'2014-02-13 13:12:12','Starting the actuation process...'),
	(1137,'2014-02-13 13:12:12','Working on building \"CSE\"...'),
	(1138,'2014-02-13 13:12:12','Rule 1 (CSE.r[2107]) NOT actuated; antecedent is \"someone is in the room\"...'),
	(1139,'2014-02-13 13:12:12','Rule 2 (CSE.r[2107]) NOT actuated; antecedent is \"someone is in the room\"...'),
	(1140,'2014-02-13 13:12:12','Rule 3 (CSE.r[2107]) NOT actuated; antecedent is \"it is rainy\"...'),
	(1141,'2014-02-13 13:12:12','Rule 4 (CSE.r[2107]) actuated; antecedent is \"time is between 01.00 and 05.00\"...'),
	(1142,'2014-02-13 13:12:12','Rule 5 (CSE.r[2107]) NOT actuated; antecedent is \"it is sunny\"...'),
	(1143,'2014-02-13 13:12:12','Rule 6 (CSE.r[2107]) NOT actuated; antecedent is \"it is cloudy\"...'),
	(1144,'2014-02-13 13:12:12','Rule 7 (CSE.r[2112]) NOT actuated; antecedent is \"time is between 06.00 and 14.00\"...'),
	(1145,'2014-02-13 13:12:12','Rule 8 (CSE.r[2107]) NOT actuated; antecedent is \"it is sunny\"...'),
	(1146,'2014-02-13 13:12:12','Rule 9 (CSE.r[2144]) NOT actuated; antecedent is \"external temperature is between 61F and 66F\"...'),
	(1147,'2014-02-13 13:12:12','Rule 10 (CSE.r[3208]) NOT actuated; antecedent is \"time is between 08.00 and 06.00\"...'),
	(1148,'2014-02-13 13:12:12','Rule 11 (CSE.r[3113]) NOT actuated; antecedent is \"external temperature is between 64F and 71F\"...'),
	(1149,'2014-02-13 13:12:12','Rule 12 (CSE.r[2109]) NOT actuated; antecedent is \"it is cloudy\"...'),
	(1150,'2014-02-13 13:12:12','CSE - Total rules: 12'),
	(1151,'2014-02-13 13:12:12','CSE - Triggered rules: 1'),
	(1152,'2014-02-13 13:12:12','CSE - Number of rooms: 1'),
	(1153,'2014-02-13 13:12:12','CSE - Number of CRV Groups: 0'),
	(1154,'2014-02-13 13:12:12','Executing actions for rooms...'),
	(1155,'2014-02-13 13:12:12','Room [CSE.2107]...'),
	(1156,'2014-02-13 13:12:12','Rule 4 (CSE.r[2107]) actuated; consequent is \"turn on the cooling\"...'),
	(1157,'2014-02-13 13:12:12','Executing actions for CRV Groups...'),
	(1158,'2014-02-13 13:12:12','The actuation process is ended.'),
	(1159,'2014-02-13 13:12:12','Updating weather informations...'),
	(1160,'2014-02-13 13:22:12','Starting the actuation process...'),
	(1161,'2014-02-13 13:22:12','Working on building \"CSE\"...'),
	(1162,'2014-02-13 13:22:12','Rule 1 (CSE.r[2107]) NOT actuated; antecedent is \"someone is in the room\"...'),
	(1163,'2014-02-13 13:22:12','Rule 2 (CSE.r[2107]) actuated; antecedent is \"someone is in the room\"...'),
	(1164,'2014-02-13 13:22:12','Rule 3 (CSE.r[2107]) NOT actuated; antecedent is \"it is rainy\"...'),
	(1165,'2014-02-13 13:22:12','Rule 4 (CSE.r[2107]) actuated; antecedent is \"time is between 01.00 and 05.00\"...'),
	(1166,'2014-02-13 13:22:12','Rule 5 (CSE.r[2107]) NOT actuated; antecedent is \"it is sunny\"...'),
	(1167,'2014-02-13 13:22:12','Rule 6 (CSE.r[2107]) NOT actuated; antecedent is \"it is cloudy\"...'),
	(1168,'2014-02-13 13:22:12','Rule 7 (CSE.r[2112]) NOT actuated; antecedent is \"time is between 06.00 and 14.00\"...'),
	(1169,'2014-02-13 13:22:12','Rule 8 (CSE.r[2107]) NOT actuated; antecedent is \"it is sunny\"...'),
	(1170,'2014-02-13 13:22:12','Rule 9 (CSE.r[2144]) NOT actuated; antecedent is \"external temperature is between 61F and 66F\"...'),
	(1171,'2014-02-13 13:22:12','Rule 10 (CSE.r[3208]) NOT actuated; antecedent is \"time is between 08.00 and 06.00\"...'),
	(1172,'2014-02-13 13:22:12','Rule 11 (CSE.r[3113]) NOT actuated; antecedent is \"external temperature is between 64F and 71F\"...'),
	(1173,'2014-02-13 13:22:12','Rule 12 (CSE.r[2109]) NOT actuated; antecedent is \"it is cloudy\"...'),
	(1174,'2014-02-13 13:22:12','CSE - Total rules: 12'),
	(1175,'2014-02-13 13:22:12','CSE - Triggered rules: 2'),
	(1176,'2014-02-13 13:22:12','CSE - Number of rooms: 1'),
	(1177,'2014-02-13 13:22:12','CSE - Number of CRV Groups: 1'),
	(1178,'2014-02-13 13:22:12','Executing actions for rooms...'),
	(1179,'2014-02-13 13:22:12','Room [CSE.2107]...'),
	(1180,'2014-02-13 13:22:12','Rule 4 (CSE.r[2107]) actuated; consequent is \"turn on the cooling\"...'),
	(1181,'2014-02-13 13:22:12','Executing actions for CRV Groups...'),
	(1182,'2014-02-13 13:22:12','Group CSE.g[10]...'),
	(1183,'2014-02-13 13:22:12','Rule 2 (CSE.r[2107]) actuated; consequent is \"turn on the heating\"...'),
	(1184,'2014-02-13 13:22:12','The actuation process is ended.'),
	(1185,'2014-02-13 13:22:13','Updating weather informations...'),
	(1186,'2014-02-13 13:32:13','Starting the actuation process...'),
	(1187,'2014-02-13 13:32:13','Working on building \"CSE\"...'),
	(1188,'2014-02-13 13:32:13','Rule 1 (CSE.r[2107]) NOT actuated; antecedent is \"someone is in the room\"...'),
	(1189,'2014-02-13 13:32:13','Rule 2 (CSE.r[2107]) NOT actuated; antecedent is \"someone is in the room\"...'),
	(1190,'2014-02-13 13:32:13','Rule 3 (CSE.r[2107]) NOT actuated; antecedent is \"it is rainy\"...'),
	(1191,'2014-02-13 13:32:13','Rule 4 (CSE.r[2107]) actuated; antecedent is \"time is between 01.00 and 05.00\"...'),
	(1192,'2014-02-13 13:32:13','Rule 5 (CSE.r[2107]) actuated; antecedent is \"it is sunny\"...'),
	(1193,'2014-02-13 13:32:13','Rule 6 (CSE.r[2107]) NOT actuated; antecedent is \"it is cloudy\"...'),
	(1194,'2014-02-13 13:32:13','Rule 7 (CSE.r[2112]) NOT actuated; antecedent is \"time is between 06.00 and 14.00\"...'),
	(1195,'2014-02-13 13:32:13','Rule 8 (CSE.r[2107]) actuated; antecedent is \"it is sunny\"...'),
	(1196,'2014-02-13 13:32:13','Rule 9 (CSE.r[2144]) NOT actuated; antecedent is \"external temperature is between 61F and 66F\"...'),
	(1197,'2014-02-13 13:32:13','Rule 10 (CSE.r[3208]) NOT actuated; antecedent is \"time is between 08.00 and 06.00\"...'),
	(1198,'2014-02-13 13:32:13','Rule 11 (CSE.r[3113]) NOT actuated; antecedent is \"external temperature is between 64F and 71F\"...'),
	(1199,'2014-02-13 13:32:13','Rule 12 (CSE.r[2109]) NOT actuated; antecedent is \"it is cloudy\"...'),
	(1200,'2014-02-13 13:32:13','CSE - Total rules: 12'),
	(1201,'2014-02-13 13:32:13','CSE - Triggered rules: 3'),
	(1202,'2014-02-13 13:32:13','CSE - Number of rooms: 1'),
	(1203,'2014-02-13 13:32:13','CSE - Number of CRV Groups: 0'),
	(1204,'2014-02-13 13:32:13','Executing actions for rooms...'),
	(1205,'2014-02-13 13:32:13','Room [CSE.2107]...'),
	(1206,'2014-02-13 13:32:13','Rule 4 (CSE.r[2107]) actuated; consequent is \"turn on the cooling\"...'),
	(1207,'2014-02-13 13:32:13','Rule 8 (CSE.r[2107]) actuated; consequent is \"close the windows\"...'),
	(1208,'2014-02-13 13:32:13','CSE - Room 2107, ruleId 5 ignored.'),
	(1209,'2014-02-13 13:32:13','Executing actions for CRV Groups...'),
	(1210,'2014-02-13 13:32:13','The actuation process is ended.'),
	(1211,'2014-02-13 13:32:13','Updating weather informations...'),
	(1212,'2014-02-13 13:42:13','Starting the actuation process...'),
	(1213,'2014-02-13 13:42:13','Working on building \"CSE\"...'),
	(1214,'2014-02-13 13:42:13','Rule 1 (CSE.r[2107]) actuated; antecedent is \"someone is in the room\"...'),
	(1215,'2014-02-13 13:42:13','Rule 2 (CSE.r[2107]) NOT actuated; antecedent is \"someone is in the room\"...'),
	(1216,'2014-02-13 13:42:13','Rule 3 (CSE.r[2107]) NOT actuated; antecedent is \"it is rainy\"...'),
	(1217,'2014-02-13 13:42:13','Rule 4 (CSE.r[2107]) actuated; antecedent is \"time is between 01.00 and 05.00\"...'),
	(1218,'2014-02-13 13:42:13','Rule 5 (CSE.r[2107]) actuated; antecedent is \"it is sunny\"...'),
	(1219,'2014-02-13 13:42:13','Rule 6 (CSE.r[2107]) NOT actuated; antecedent is \"it is cloudy\"...'),
	(1220,'2014-02-13 13:42:13','Rule 7 (CSE.r[2112]) NOT actuated; antecedent is \"time is between 06.00 and 14.00\"...'),
	(1221,'2014-02-13 13:42:13','Rule 8 (CSE.r[2107]) actuated; antecedent is \"it is sunny\"...'),
	(1222,'2014-02-13 13:42:13','Rule 9 (CSE.r[2144]) NOT actuated; antecedent is \"external temperature is between 61F and 66F\"...'),
	(1223,'2014-02-13 13:42:13','Rule 10 (CSE.r[3208]) NOT actuated; antecedent is \"time is between 08.00 and 06.00\"...'),
	(1224,'2014-02-13 13:42:13','Rule 11 (CSE.r[3113]) NOT actuated; antecedent is \"external temperature is between 64F and 71F\"...'),
	(1225,'2014-02-13 13:42:13','Rule 12 (CSE.r[2109]) NOT actuated; antecedent is \"it is cloudy\"...'),
	(1226,'2014-02-13 13:42:13','CSE - Total rules: 12'),
	(1227,'2014-02-13 13:42:13','CSE - Triggered rules: 4'),
	(1228,'2014-02-13 13:42:13','CSE - Number of rooms: 1'),
	(1229,'2014-02-13 13:42:13','CSE - Number of CRV Groups: 0'),
	(1230,'2014-02-13 13:42:13','Executing actions for rooms...'),
	(1231,'2014-02-13 13:42:13','Room [CSE.2107]...'),
	(1232,'2014-02-13 13:42:13','Rule 1 (CSE.r[2107]) actuated; consequent is \"turn off the light\"...'),
	(1233,'2014-02-13 13:42:13','Rule 4 (CSE.r[2107]) actuated; consequent is \"turn on the cooling\"...'),
	(1234,'2014-02-13 13:42:13','Rule 8 (CSE.r[2107]) actuated; consequent is \"close the windows\"...'),
	(1235,'2014-02-13 13:42:13','CSE - Room 2107, ruleId 5 ignored.'),
	(1236,'2014-02-13 13:42:13','Executing actions for CRV Groups...'),
	(1237,'2014-02-13 13:42:13','The actuation process is ended.'),
	(1238,'2014-02-13 13:42:13','Updating weather informations...'),
	(1239,'2014-02-13 13:52:13','Starting the actuation process...'),
	(1240,'2014-02-13 13:52:13','Working on building \"CSE\"...'),
	(1241,'2014-02-13 13:52:13','Rule 1 (CSE.r[2107]) NOT actuated; antecedent is \"someone is in the room\"...'),
	(1242,'2014-02-13 13:52:13','Rule 2 (CSE.r[2107]) NOT actuated; antecedent is \"someone is in the room\"...'),
	(1243,'2014-02-13 13:52:13','Rule 3 (CSE.r[2107]) NOT actuated; antecedent is \"it is rainy\"...'),
	(1244,'2014-02-13 13:52:13','Rule 4 (CSE.r[2107]) actuated; antecedent is \"time is between 01.00 and 05.00\"...'),
	(1245,'2014-02-13 13:52:13','Rule 5 (CSE.r[2107]) actuated; antecedent is \"it is sunny\"...'),
	(1246,'2014-02-13 13:52:13','Rule 6 (CSE.r[2107]) NOT actuated; antecedent is \"it is cloudy\"...'),
	(1247,'2014-02-13 13:52:13','Rule 7 (CSE.r[2112]) NOT actuated; antecedent is \"time is between 06.00 and 14.00\"...'),
	(1248,'2014-02-13 13:52:13','Rule 8 (CSE.r[2107]) actuated; antecedent is \"it is sunny\"...'),
	(1249,'2014-02-13 13:52:13','Rule 9 (CSE.r[2144]) NOT actuated; antecedent is \"external temperature is between 61F and 66F\"...'),
	(1250,'2014-02-13 13:52:13','Rule 10 (CSE.r[3208]) NOT actuated; antecedent is \"time is between 08.00 and 06.00\"...'),
	(1251,'2014-02-13 13:52:13','Rule 11 (CSE.r[3113]) NOT actuated; antecedent is \"external temperature is between 64F and 71F\"...'),
	(1252,'2014-02-13 13:52:13','Rule 12 (CSE.r[2109]) NOT actuated; antecedent is \"it is cloudy\"...'),
	(1253,'2014-02-13 13:52:13','CSE - Total rules: 12'),
	(1254,'2014-02-13 13:52:13','CSE - Triggered rules: 3'),
	(1255,'2014-02-13 13:52:13','CSE - Number of rooms: 1'),
	(1256,'2014-02-13 13:52:13','CSE - Number of CRV Groups: 0'),
	(1257,'2014-02-13 13:52:13','Executing actions for rooms...'),
	(1258,'2014-02-13 13:52:13','Room [CSE.2107]...'),
	(1259,'2014-02-13 13:52:13','Rule 4 (CSE.r[2107]) actuated; consequent is \"turn on the cooling\"...'),
	(1260,'2014-02-13 13:52:13','Rule 8 (CSE.r[2107]) actuated; consequent is \"close the windows\"...'),
	(1261,'2014-02-13 13:52:13','CSE - Room 2107, ruleId 5 ignored.'),
	(1262,'2014-02-13 13:52:13','Executing actions for CRV Groups...'),
	(1263,'2014-02-13 13:52:13','The actuation process is ended.'),
	(1264,'2014-02-13 13:52:14','Updating weather informations...'),
	(1265,'2014-02-13 14:02:13','Starting the actuation process...'),
	(1266,'2014-02-13 14:02:13','Working on building \"CSE\"...'),
	(1267,'2014-02-13 14:02:13','Rule 1 (CSE.r[2107]) NOT actuated; antecedent is \"someone is in the room\"...'),
	(1268,'2014-02-13 14:02:13','Rule 2 (CSE.r[2107]) NOT actuated; antecedent is \"someone is in the room\"...'),
	(1269,'2014-02-13 14:02:13','Rule 3 (CSE.r[2107]) NOT actuated; antecedent is \"it is rainy\"...'),
	(1270,'2014-02-13 14:02:13','Rule 4 (CSE.r[2107]) actuated; antecedent is \"time is between 01.00 and 05.00\"...'),
	(1271,'2014-02-13 14:02:13','Rule 5 (CSE.r[2107]) actuated; antecedent is \"it is sunny\"...'),
	(1272,'2014-02-13 14:02:13','Rule 6 (CSE.r[2107]) NOT actuated; antecedent is \"it is cloudy\"...'),
	(1273,'2014-02-13 14:02:13','Rule 7 (CSE.r[2112]) NOT actuated; antecedent is \"time is between 06.00 and 14.00\"...'),
	(1274,'2014-02-13 14:02:13','Rule 8 (CSE.r[2107]) actuated; antecedent is \"it is sunny\"...'),
	(1275,'2014-02-13 14:02:13','Rule 9 (CSE.r[2144]) NOT actuated; antecedent is \"external temperature is between 61F and 66F\"...'),
	(1276,'2014-02-13 14:02:13','Rule 10 (CSE.r[3208]) NOT actuated; antecedent is \"time is between 08.00 and 06.00\"...'),
	(1277,'2014-02-13 14:02:13','Rule 11 (CSE.r[3113]) NOT actuated; antecedent is \"external temperature is between 64F and 71F\"...'),
	(1278,'2014-02-13 14:02:13','Rule 12 (CSE.r[2109]) NOT actuated; antecedent is \"it is cloudy\"...'),
	(1279,'2014-02-13 14:02:13','CSE - Total rules: 12'),
	(1280,'2014-02-13 14:02:13','CSE - Triggered rules: 3'),
	(1281,'2014-02-13 14:02:13','CSE - Number of rooms: 1'),
	(1282,'2014-02-13 14:02:13','CSE - Number of CRV Groups: 0'),
	(1283,'2014-02-13 14:02:13','Executing actions for rooms...'),
	(1284,'2014-02-13 14:02:13','Room [CSE.2107]...'),
	(1285,'2014-02-13 14:02:13','Rule 4 (CSE.r[2107]) actuated; consequent is \"turn on the cooling\"...'),
	(1286,'2014-02-13 14:02:13','Rule 8 (CSE.r[2107]) actuated; consequent is \"close the windows\"...'),
	(1287,'2014-02-13 14:02:13','CSE - Room 2107, ruleId 5 ignored.'),
	(1288,'2014-02-13 14:02:13','Executing actions for CRV Groups...'),
	(1289,'2014-02-13 14:02:13','The actuation process is ended.'),
	(1290,'2014-02-13 14:02:14','Updating weather informations...'),
	(1291,'2014-02-13 14:04:22','BuildingRules Deamon is active...'),
	(1292,'2014-02-13 14:04:22','Starting the actuation process...'),
	(1293,'2014-02-13 14:04:22','BuildingRules WeatherService is active...'),
	(1294,'2014-02-13 14:04:22','Updating weather informations...'),
	(1295,'2014-02-13 14:04:22','Working on building \"CSE\"...'),
	(1296,'2014-02-13 14:04:22','Nothing to do...'),
	(1297,'2014-02-13 14:04:22','The actuation process is ended.'),
	(1298,'2014-02-13 14:13:09','BuildingRules Deamon is active...'),
	(1299,'2014-02-13 14:13:09','BuildingRules WeatherService is active...'),
	(1300,'2014-02-13 14:13:10','Starting the actuation process...'),
	(1301,'2014-02-13 14:13:10','Updating weather informations...'),
	(1302,'2014-02-13 14:13:10','Working on building \"CSE\"...'),
	(1303,'2014-02-13 14:13:10','Nothing to do...'),
	(1304,'2014-02-13 14:13:10','The actuation process is ended.'),
	(1305,'2014-02-13 14:23:10','Starting the actuation process...'),
	(1306,'2014-02-13 14:23:10','Working on building \"CSE\"...'),
	(1307,'2014-02-13 14:23:10','Nothing to do...'),
	(1308,'2014-02-13 14:23:10','The actuation process is ended.'),
	(1309,'2014-02-13 14:23:10','Updating weather informations...'),
	(1310,'2014-02-13 14:33:10','Starting the actuation process...'),
	(1311,'2014-02-13 14:33:10','Working on building \"CSE\"...'),
	(1312,'2014-02-13 14:33:10','Nothing to do...'),
	(1313,'2014-02-13 14:33:10','The actuation process is ended.'),
	(1314,'2014-02-13 14:33:10','Updating weather informations...'),
	(1315,'2014-02-13 14:34:25','BuildingRules WeatherService is active...'),
	(1316,'2014-02-13 14:34:25','Updating weather informations...'),
	(1317,'2014-02-13 14:34:25','BuildingRules Deamon is active...'),
	(1318,'2014-02-13 14:34:25','Starting the actuation process...'),
	(1319,'2014-02-13 14:34:25','Working on building \"CSE\"...'),
	(1320,'2014-02-13 14:34:25','Nothing to do...'),
	(1321,'2014-02-13 14:34:25','The actuation process is ended.'),
	(1322,'2014-02-13 14:35:33','RoomRuleVerification [SUCCESS]: #rules=1 - opTimeMilliseconds:195'),
	(1323,'2014-02-13 14:35:50','RoomRuleVerification [SUCCESS]: #rules=1 - opTimeMilliseconds:176'),
	(1324,'2014-02-13 14:36:03','RoomRuleVerification [SUCCESS]: #rules=2 - opTimeMilliseconds:271'),
	(1325,'2014-02-13 14:38:30','RoomRuleVerification [SUCCESS]: #rules=2 - opTimeMilliseconds:219'),
	(1326,'2014-02-13 14:38:42','RoomRuleVerification [SUCCESS]: #rules=1 - opTimeMilliseconds:75'),
	(1327,'2014-02-13 14:41:01','RoomRuleVerification [SUCCESS]: #rules=1 - opTimeMilliseconds:162'),
	(1328,'2014-02-13 14:44:04','BuildingRules WeatherService is active...'),
	(1329,'2014-02-13 14:44:04','Updating weather informations...'),
	(1330,'2014-02-13 14:44:04','BuildingRules Deamon is active...'),
	(1331,'2014-02-13 14:44:04','Starting the actuation process...'),
	(1332,'2014-02-13 14:44:04','Working on building \"CSE\"...'),
	(1333,'2014-02-13 14:44:04','Nothing to do...'),
	(1334,'2014-02-13 14:44:04','The actuation process is ended.'),
	(1335,'2014-02-13 14:44:31','RoomRuleVerification [SUCCESS]: #rules=1 - opTimeMilliseconds:118'),
	(1336,'2014-02-13 14:44:49','RoomRuleVerification [SUCCESS]: #rules=2 - opTimeMilliseconds:241'),
	(1337,'2014-02-14 18:00:26','RoomRuleVerification [SUCCESS]: #rules=1 - opTimeMilliseconds:167'),
	(1338,'2014-02-14 18:00:37','RoomRuleVerification [SUCCESS]: #rules=2 - opTimeMilliseconds:254'),
	(1339,'2014-02-15 18:00:45','RoomRuleVerification [SUCCESS]: #rules=2 - opTimeMilliseconds:398'),
	(1340,'2014-02-16 18:00:20','RoomRuleVerification [SUCCESS]: #rules=1 - opTimeMilliseconds:176'),
	(1341,'2014-02-17 18:00:14','RoomRuleVerification [SUCCESS]: #rules=1 - opTimeMilliseconds:57'),
	(1342,'2014-02-18 18:00:22','RoomRuleVerification [SUCCESS]: #rules=1 - opTimeMilliseconds:167'),
	(1343,'2014-02-19 18:00:16','RoomRuleVerification [SUCCESS]: #rules=1 - opTimeMilliseconds:76'),
	(1344,'2014-02-19 18:04:09','Starting the actuation process...'),
	(1345,'2014-02-19 18:04:09','Working on building \"CSE\"...'),
	(1346,'2014-02-19 18:04:09','Rule 1 (CSE.r[2107]) NOT actuated; antecedent is \"someone is in the room\"...'),
	(1347,'2014-02-19 18:04:10','Updating weather informations...'),
	(1348,'2014-02-19 18:04:10','Rule 2 (CSE.r[2107]) NOT actuated; antecedent is \"room temperature is between 62F and 64F\"...'),
	(1349,'2014-02-19 18:04:10','Rule 3 (CSE.r[2109]) NOT actuated; antecedent is \"room temperature is between 63F and 65F\"...'),
	(1350,'2014-02-19 18:04:10','Rule 4 (CSE.r[2109]) NOT actuated; antecedent is \"it is rainy\"...'),
	(1351,'2014-02-19 18:04:10','Rule 5 (CSE.r[2144]) NOT actuated; antecedent is \"external temperature is between 61F and 67F\"...'),
	(1352,'2014-02-19 18:04:10','Rule 6 (CSE.r[2112]) NOT actuated; antecedent is \"external temperature is between 61F and 68F\"...'),
	(1353,'2014-02-19 18:04:10','Rule 7 (CSE.r[2230]) actuated; antecedent is \"nobody is in the room\"...'),
	(1354,'2014-02-19 18:04:10','Rule 8 (CSE.r[3208]) NOT actuated; antecedent is \"room temperature is between 63F and 64F\"...'),
	(1355,'2014-02-19 18:04:10','Rule 9 (CSE.r[3113]) NOT actuated; antecedent is \"nobody is in the room\"...'),
	(1356,'2014-02-19 18:04:10','CSE - Total rules: 9'),
	(1357,'2014-02-19 18:04:10','CSE - Triggered rules: 1'),
	(1358,'2014-02-19 18:04:10','CSE - Number of rooms: 1'),
	(1359,'2014-02-19 18:04:10','CSE - Number of CRV Groups: 0'),
	(1360,'2014-02-19 18:04:10','Executing actions for rooms...'),
	(1361,'2014-02-19 18:04:10','Room [CSE.2230]...'),
	(1362,'2014-02-19 18:04:10','Rule 7 (CSE.r[2230]) actuated; consequent is \"turn off the cooling\"...'),
	(1363,'2014-02-19 18:04:10','Executing actions for CRV Groups...'),
	(1364,'2014-02-19 18:04:10','The actuation process is ended.'),
	(1365,'2014-02-13 15:07:37','BuildingRules WeatherService is active...'),
	(1366,'2014-02-13 15:07:37','BuildingRules Deamon is active...'),
	(1367,'2014-02-13 15:07:37','Updating weather informations...'),
	(1368,'2014-02-13 15:07:37','Starting the actuation process...'),
	(1369,'2014-02-13 15:07:37','Working on building \"CSE\"...'),
	(1370,'2014-02-13 15:07:37','Rule 1 (CSE.r[2107]) actuated; antecedent is \"someone is in the room\"...'),
	(1371,'2014-02-13 15:07:38','Rule 2 (CSE.r[2107]) NOT actuated; antecedent is \"room temperature is between 62F and 64F\"...'),
	(1372,'2014-02-13 15:07:38','Rule 3 (CSE.r[2109]) NOT actuated; antecedent is \"room temperature is between 63F and 65F\"...'),
	(1373,'2014-02-13 15:07:38','Rule 4 (CSE.r[2109]) NOT actuated; antecedent is \"it is rainy\"...'),
	(1374,'2014-02-13 15:07:38','Rule 5 (CSE.r[2144]) NOT actuated; antecedent is \"external temperature is between 61F and 67F\"...'),
	(1375,'2014-02-13 15:07:38','Rule 6 (CSE.r[2112]) NOT actuated; antecedent is \"external temperature is between 61F and 68F\"...'),
	(1376,'2014-02-13 15:07:38','Rule 7 (CSE.r[2230]) actuated; antecedent is \"nobody is in the room\"...'),
	(1377,'2014-02-13 15:07:38','Rule 8 (CSE.r[3208]) NOT actuated; antecedent is \"room temperature is between 63F and 64F\"...'),
	(1378,'2014-02-13 15:07:38','Rule 9 (CSE.r[3113]) NOT actuated; antecedent is \"nobody is in the room\"...'),
	(1379,'2014-02-13 15:07:38','CSE - Total rules: 9'),
	(1380,'2014-02-13 15:07:38','CSE - Triggered rules: 2'),
	(1381,'2014-02-13 15:07:38','CSE - Number of rooms: 2'),
	(1382,'2014-02-13 15:07:38','CSE - Number of CRV Groups: 0'),
	(1383,'2014-02-13 15:07:38','Executing actions for rooms...'),
	(1384,'2014-02-13 15:07:38','Room [CSE.2230]...'),
	(1385,'2014-02-13 15:07:38','Rule 7 (CSE.r[2230]) actuated; consequent is \"turn off the cooling\"...'),
	(1386,'2014-02-13 15:07:38','Room [CSE.2107]...'),
	(1387,'2014-02-13 15:07:38','Rule 1 (CSE.r[2107]) actuated; consequent is \"turn on the light\"...'),
	(1388,'2014-02-13 15:07:38','Executing actions for CRV Groups...'),
	(1389,'2014-02-13 15:07:38','The actuation process is ended.'),
	(1390,'2014-02-13 15:08:38','BuildingRules WeatherService is active...'),
	(1391,'2014-02-13 15:08:38','Updating weather informations...'),
	(1392,'2014-02-13 15:08:38','BuildingRules Deamon is active...'),
	(1393,'2014-02-13 15:08:38','Starting the actuation process...'),
	(1394,'2014-02-13 15:08:38','Working on building \"CSE\"...'),
	(1395,'2014-02-13 15:08:38','Rule 1 (CSE.r[2107]) NOT actuated; antecedent is \"someone is in the room\"...'),
	(1396,'2014-02-13 15:08:38','Rule 2 (CSE.r[2107]) NOT actuated; antecedent is \"room temperature is between 62F and 64F\"...'),
	(1397,'2014-02-13 15:08:38','Rule 3 (CSE.r[2109]) NOT actuated; antecedent is \"room temperature is between 63F and 65F\"...'),
	(1398,'2014-02-13 15:08:38','Rule 4 (CSE.r[2109]) NOT actuated; antecedent is \"it is rainy\"...'),
	(1399,'2014-02-13 15:08:38','Rule 5 (CSE.r[2144]) NOT actuated; antecedent is \"external temperature is between 61F and 67F\"...'),
	(1400,'2014-02-13 15:08:38','Rule 6 (CSE.r[2112]) NOT actuated; antecedent is \"external temperature is between 61F and 68F\"...'),
	(1401,'2014-02-13 15:08:38','Rule 7 (CSE.r[2230]) actuated; antecedent is \"nobody is in the room\"...'),
	(1402,'2014-02-13 15:08:38','Rule 8 (CSE.r[3208]) NOT actuated; antecedent is \"room temperature is between 63F and 64F\"...'),
	(1403,'2014-02-13 15:08:38','Rule 9 (CSE.r[3113]) actuated; antecedent is \"nobody is in the room\"...'),
	(1404,'2014-02-13 15:08:38','CSE - Total rules: 9'),
	(1405,'2014-02-13 15:08:38','CSE - Triggered rules: 2'),
	(1406,'2014-02-13 15:08:38','CSE - Number of rooms: 2'),
	(1407,'2014-02-13 15:08:38','CSE - Number of CRV Groups: 0'),
	(1408,'2014-02-13 15:08:38','Executing actions for rooms...'),
	(1409,'2014-02-13 15:08:38','Room [CSE.2230]...'),
	(1410,'2014-02-13 15:08:38','Rule 7 (CSE.r[2230]) actuated; consequent is \"turn off the cooling\"...'),
	(1411,'2014-02-13 15:08:38','Room [CSE.3113]...'),
	(1412,'2014-02-13 15:08:38','Rule 9 (CSE.r[3113]) actuated; consequent is \"turn on the heating\"...'),
	(1413,'2014-02-13 15:08:38','Executing actions for CRV Groups...'),
	(1414,'2014-02-13 15:08:38','The actuation process is ended.'),
	(1415,'2014-02-13 15:08:55','BuildingRules Deamon is active...'),
	(1416,'2014-02-13 15:08:55','Starting the actuation process...'),
	(1417,'2014-02-13 15:08:55','BuildingRules WeatherService is active...'),
	(1418,'2014-02-13 15:08:55','Updating weather informations...'),
	(1419,'2014-02-13 15:08:55','Working on building \"CSE\"...'),
	(1420,'2014-02-13 15:08:56','Rule 1 (CSE.r[2107]) actuated; antecedent is \"someone is in the room\"...'),
	(1421,'2014-02-13 15:08:56','Rule 2 (CSE.r[2107]) NOT actuated; antecedent is \"room temperature is between 62F and 64F\"...'),
	(1422,'2014-02-13 15:08:56','Rule 3 (CSE.r[2109]) NOT actuated; antecedent is \"room temperature is between 63F and 65F\"...'),
	(1423,'2014-02-13 15:08:56','Rule 4 (CSE.r[2109]) NOT actuated; antecedent is \"it is rainy\"...'),
	(1424,'2014-02-13 15:08:56','Rule 5 (CSE.r[2144]) NOT actuated; antecedent is \"external temperature is between 61F and 67F\"...'),
	(1425,'2014-02-13 15:08:56','Rule 6 (CSE.r[2112]) NOT actuated; antecedent is \"external temperature is between 61F and 68F\"...'),
	(1426,'2014-02-13 15:08:56','Rule 7 (CSE.r[2230]) actuated; antecedent is \"nobody is in the room\"...'),
	(1427,'2014-02-13 15:08:56','Rule 8 (CSE.r[3208]) NOT actuated; antecedent is \"room temperature is between 63F and 64F\"...'),
	(1428,'2014-02-13 15:08:56','Rule 9 (CSE.r[3113]) actuated; antecedent is \"nobody is in the room\"...'),
	(1429,'2014-02-13 15:08:56','CSE - Total rules: 9'),
	(1430,'2014-02-13 15:08:56','CSE - Triggered rules: 3'),
	(1431,'2014-02-13 15:08:56','CSE - Number of rooms: 3'),
	(1432,'2014-02-13 15:08:56','CSE - Number of CRV Groups: 0'),
	(1433,'2014-02-13 15:08:56','Executing actions for rooms...'),
	(1434,'2014-02-13 15:08:56','Room [CSE.2230]...'),
	(1435,'2014-02-13 15:08:56','Rule 7 (CSE.r[2230]) actuated; consequent is \"turn off the cooling\"...'),
	(1436,'2014-02-13 15:08:56','Room [CSE.2107]...'),
	(1437,'2014-02-13 15:08:56','Rule 1 (CSE.r[2107]) actuated; consequent is \"turn on the light\"...'),
	(1438,'2014-02-13 15:08:56','Room [CSE.3113]...'),
	(1439,'2014-02-13 15:08:56','Rule 9 (CSE.r[3113]) actuated; consequent is \"turn on the heating\"...'),
	(1440,'2014-02-13 15:08:56','Executing actions for CRV Groups...'),
	(1441,'2014-02-13 15:08:56','The actuation process is ended.'),
	(1442,'2014-02-13 15:12:05','BuildingRules WeatherService is active...'),
	(1443,'2014-02-13 15:12:05','Updating weather informations...'),
	(1444,'2014-02-13 15:12:05','BuildingRules Deamon is active...'),
	(1445,'2014-02-13 15:12:05','Starting the actuation process...'),
	(1446,'2014-02-13 15:12:05','Working on building \"CSE\"...'),
	(1447,'2014-02-13 15:12:05','Rule 1 (CSE.r[2107]) NOT actuated; antecedent is \"someone is in the room\"...'),
	(1448,'2014-02-13 15:12:05','Rule 2 (CSE.r[2107]) NOT actuated; antecedent is \"room temperature is between 62F and 64F\"...'),
	(1449,'2014-02-13 15:12:05','Rule 3 (CSE.r[2109]) NOT actuated; antecedent is \"room temperature is between 63F and 65F\"...'),
	(1450,'2014-02-13 15:12:05','Rule 4 (CSE.r[2109]) NOT actuated; antecedent is \"it is rainy\"...'),
	(1451,'2014-02-13 15:12:05','Rule 5 (CSE.r[2144]) NOT actuated; antecedent is \"external temperature is between 61F and 67F\"...'),
	(1452,'2014-02-13 15:12:05','Rule 6 (CSE.r[2112]) NOT actuated; antecedent is \"external temperature is between 61F and 68F\"...'),
	(1453,'2014-02-13 15:12:05','Rule 7 (CSE.r[2230]) actuated; antecedent is \"nobody is in the room\"...'),
	(1454,'2014-02-13 15:12:05','Rule 8 (CSE.r[3208]) NOT actuated; antecedent is \"room temperature is between 63F and 64F\"...'),
	(1455,'2014-02-13 15:12:05','Rule 9 (CSE.r[3113]) NOT actuated; antecedent is \"nobody is in the room\"...'),
	(1456,'2014-02-13 15:12:05','CSE - Total rules: 9'),
	(1457,'2014-02-13 15:12:05','CSE - Triggered rules: 1'),
	(1458,'2014-02-13 15:12:05','CSE - Number of rooms: 1'),
	(1459,'2014-02-13 15:12:05','CSE - Number of CRV Groups: 0'),
	(1460,'2014-02-13 15:12:05','Executing actions for rooms...'),
	(1461,'2014-02-13 15:12:05','Room [CSE.2230]...'),
	(1462,'2014-02-13 15:12:05','Rule 7 (CSE.r[2230]) actuated; consequent is \"turn off the cooling\"...'),
	(1463,'2014-02-13 15:12:05','Executing actions for CRV Groups...'),
	(1464,'2014-02-13 15:12:05','The actuation process is ended.'),
	(1465,'2014-02-13 15:22:05','Updating weather informations...'),
	(1466,'2014-02-13 15:22:06','Starting the actuation process...'),
	(1467,'2014-02-13 15:22:06','Working on building \"CSE\"...'),
	(1468,'2014-02-13 15:22:06','Rule 1 (CSE.r[2107]) actuated; antecedent is \"someone is in the room\"...'),
	(1469,'2014-02-13 15:22:06','Rule 2 (CSE.r[2107]) NOT actuated; antecedent is \"room temperature is between 62F and 64F\"...'),
	(1470,'2014-02-13 15:22:06','Rule 3 (CSE.r[2109]) NOT actuated; antecedent is \"room temperature is between 63F and 65F\"...'),
	(1471,'2014-02-13 15:22:06','Rule 4 (CSE.r[2109]) NOT actuated; antecedent is \"it is rainy\"...'),
	(1472,'2014-02-13 15:22:06','Rule 5 (CSE.r[2144]) NOT actuated; antecedent is \"external temperature is between 61F and 67F\"...'),
	(1473,'2014-02-13 15:22:06','Rule 6 (CSE.r[2112]) NOT actuated; antecedent is \"external temperature is between 61F and 68F\"...'),
	(1474,'2014-02-13 15:22:06','Rule 7 (CSE.r[2230]) NOT actuated; antecedent is \"nobody is in the room\"...'),
	(1475,'2014-02-13 15:22:06','Rule 8 (CSE.r[3208]) NOT actuated; antecedent is \"room temperature is between 63F and 64F\"...'),
	(1476,'2014-02-13 15:22:06','Rule 9 (CSE.r[3113]) NOT actuated; antecedent is \"nobody is in the room\"...'),
	(1477,'2014-02-13 15:22:06','CSE - Total rules: 9'),
	(1478,'2014-02-13 15:22:06','CSE - Triggered rules: 1'),
	(1479,'2014-02-13 15:22:06','CSE - Number of rooms: 1'),
	(1480,'2014-02-13 15:22:06','CSE - Number of CRV Groups: 0'),
	(1481,'2014-02-13 15:22:06','Executing actions for rooms...'),
	(1482,'2014-02-13 15:22:06','Room [CSE.2107]...'),
	(1483,'2014-02-13 15:22:06','Rule 1 (CSE.r[2107]) actuated; consequent is \"turn on the light\"...'),
	(1484,'2014-02-13 15:22:06','Executing actions for CRV Groups...'),
	(1485,'2014-02-13 15:22:06','The actuation process is ended.'),
	(1486,'2014-02-13 15:28:10','BuildingRules WeatherService is active...'),
	(1487,'2014-02-13 15:28:10','Updating weather informations...'),
	(1488,'2014-02-13 15:28:10','BuildingRules Deamon is active...'),
	(1489,'2014-02-13 15:28:10','Starting the actuation process...'),
	(1490,'2014-02-13 15:28:10','Working on building \"CSE\"...'),
	(1491,'2014-02-13 15:28:10','Rule 1 (CSE.r[2107]) actuated; antecedent is \"someone is in the room\"...'),
	(1492,'2014-02-13 15:28:10','Rule 2 (CSE.r[2107]) NOT actuated; antecedent is \"room temperature is between 62F and 64F\"...'),
	(1493,'2014-02-13 15:28:11','Rule 3 (CSE.r[2109]) NOT actuated; antecedent is \"room temperature is between 63F and 65F\"...'),
	(1494,'2014-02-13 15:28:11','Rule 4 (CSE.r[2109]) NOT actuated; antecedent is \"it is rainy\"...'),
	(1495,'2014-02-13 15:28:11','Rule 5 (CSE.r[2144]) NOT actuated; antecedent is \"external temperature is between 61F and 67F\"...'),
	(1496,'2014-02-13 15:28:11','Rule 6 (CSE.r[2112]) NOT actuated; antecedent is \"external temperature is between 61F and 68F\"...'),
	(1497,'2014-02-13 15:28:11','Rule 7 (CSE.r[2230]) NOT actuated; antecedent is \"nobody is in the room\"...'),
	(1498,'2014-02-13 15:28:11','Rule 8 (CSE.r[3208]) NOT actuated; antecedent is \"room temperature is between 63F and 64F\"...'),
	(1499,'2014-02-13 15:28:11','Rule 9 (CSE.r[3113]) NOT actuated; antecedent is \"nobody is in the room\"...'),
	(1500,'2014-02-13 15:28:11','CSE - Total rules: 9'),
	(1501,'2014-02-13 15:28:11','CSE - Triggered rules: 1'),
	(1502,'2014-02-13 15:28:11','CSE - Number of rooms: 1'),
	(1503,'2014-02-13 15:28:11','CSE - Number of CRV Groups: 0'),
	(1504,'2014-02-13 15:28:11','Executing actions for rooms...'),
	(1505,'2014-02-13 15:28:11','Room [CSE.2107]...'),
	(1506,'2014-02-13 15:28:11','Rule 1 (CSE.r[2107]) actuated; consequent is \"turn on the light\"...'),
	(1507,'2014-02-13 15:28:11','Executing actions for CRV Groups...'),
	(1508,'2014-02-13 15:28:11','The actuation process is ended.'),
	(1509,'2014-02-13 15:29:47','BuildingRules WeatherService is active...'),
	(1510,'2014-02-13 15:29:47','Updating weather informations...'),
	(1511,'2014-02-13 15:29:47','BuildingRules Deamon is active...'),
	(1512,'2014-02-13 15:29:47','Starting the actuation process...'),
	(1513,'2014-02-13 15:29:47','Working on building \"CSE\"...'),
	(1514,'2014-02-13 15:29:48','Rule 1 (CSE.r[2107]) NOT actuated; antecedent is \"someone is in the room\"...'),
	(1515,'2014-02-13 15:29:48','Rule 2 (CSE.r[2107]) NOT actuated; antecedent is \"room temperature is between 62F and 64F\"...'),
	(1516,'2014-02-13 15:29:48','Rule 3 (CSE.r[2109]) NOT actuated; antecedent is \"room temperature is between 63F and 65F\"...'),
	(1517,'2014-02-13 15:29:48','Rule 4 (CSE.r[2109]) NOT actuated; antecedent is \"it is rainy\"...'),
	(1518,'2014-02-13 15:29:48','Rule 5 (CSE.r[2144]) NOT actuated; antecedent is \"external temperature is between 61F and 67F\"...'),
	(1519,'2014-02-13 15:29:48','Rule 6 (CSE.r[2112]) NOT actuated; antecedent is \"external temperature is between 61F and 68F\"...'),
	(1520,'2014-02-13 15:29:48','Rule 7 (CSE.r[2230]) actuated; antecedent is \"nobody is in the room\"...'),
	(1521,'2014-02-13 15:29:48','Rule 8 (CSE.r[3208]) NOT actuated; antecedent is \"room temperature is between 63F and 64F\"...'),
	(1522,'2014-02-13 15:29:48','Rule 9 (CSE.r[3113]) actuated; antecedent is \"nobody is in the room\"...'),
	(1523,'2014-02-13 15:29:48','CSE - Total rules: 9'),
	(1524,'2014-02-13 15:29:48','CSE - Triggered rules: 2'),
	(1525,'2014-02-13 15:29:48','CSE - Number of rooms: 2'),
	(1526,'2014-02-13 15:29:48','CSE - Number of CRV Groups: 0'),
	(1527,'2014-02-13 15:29:48','Executing actions for rooms...'),
	(1528,'2014-02-13 15:29:48','Room [CSE.2230]...'),
	(1529,'2014-02-13 15:29:48','Rule 7 (CSE.r[2230]) actuated; consequent is \"turn off the cooling\"...'),
	(1530,'2014-02-13 15:29:48','Room [CSE.3113]...'),
	(1531,'2014-02-13 15:29:48','Rule 9 (CSE.r[3113]) actuated; consequent is \"turn on the heating\"...'),
	(1532,'2014-02-13 15:29:48','Executing actions for CRV Groups...'),
	(1533,'2014-02-13 15:29:48','The actuation process is ended.');

/*!40000 ALTER TABLE `logs` ENABLE KEYS */;
UNLOCK TABLES;


# Dump of table mturk
# ------------------------------------------------------------

DROP TABLE IF EXISTS `mturk`;

CREATE TABLE `mturk` (
  `id` int(11) unsigned NOT NULL AUTO_INCREMENT,
  `day` int(11) DEFAULT NULL,
  `user_uuid` int(11) DEFAULT NULL,
  `token` varchar(64) DEFAULT NULL,
  PRIMARY KEY (`id`)
) ENGINE=InnoDB DEFAULT CHARSET=latin1;

LOCK TABLES `mturk` WRITE;
/*!40000 ALTER TABLE `mturk` DISABLE KEYS */;

INSERT INTO `mturk` (`id`, `day`, `user_uuid`, `token`)
VALUES
	(1,0,1,'1-0-OA4KL13KA5XFYDRJ'),
	(2,1,1,'1-1-Z0Q4FLH7MMVY0EIM'),
	(3,2,1,'1-2-C8P3IJXINAAL068W'),
	(4,3,1,'1-3-Z1PL0664PNTX2702'),
	(5,4,1,'1-4-ESBDBL0TVEPKVE42'),
	(6,5,1,'1-5-ZZY745TU5JK6C2HD'),
	(7,6,1,'1-6-LZE2ET1YY7XM1MHT'),
	(8,7,1,'1-7-UB7LRJ5THR268TAY'),
	(9,0,2,'2-0-4NN9H70JQJ5LS3YF'),
	(10,1,2,'2-1-K90QM9VZ9RXHC98C'),
	(11,2,2,'2-2-OVTGT7KTS54L8EFA'),
	(12,3,2,'2-3-DMUP26OEMREP3P9M'),
	(13,4,2,'2-4-T4DN0Y45RI7311XK'),
	(14,5,2,'2-5-59YC11COVGKY9LVI'),
	(15,6,2,'2-6-BZKMWLBDET2VIGM9'),
	(16,7,2,'2-7-9F0VASGJGQPE7C0G'),
	(17,0,3,'3-0-PXAW78YGLWW4DV2P'),
	(18,1,3,'3-1-2GA8JKLMOZOPTT29'),
	(19,2,3,'3-2-BXZF9NQFAP4OVSA7'),
	(20,3,3,'3-3-LF3QQ7Y2Y63GRR55'),
	(21,4,3,'3-4-X81ZATN1MNX5KX9W'),
	(22,5,3,'3-5-M7AXTUSUY3WGE53V'),
	(23,6,3,'3-6-YFX640ZXNKRHVNQG'),
	(24,7,3,'3-7-WTRYHSVCM8VKJUJ3'),
	(25,0,4,'4-0-49BUPU3CB3RJO596'),
	(26,1,4,'4-1-CBW7VP7GCY1694Z5'),
	(27,2,4,'4-2-ZTZTJ5YSN2K3AI8R'),
	(28,3,4,'4-3-D6CN769Z77OV4YR8'),
	(29,4,4,'4-4-VIGI7CMHQ3MDYH98'),
	(30,5,4,'4-5-2BV0SIE6066K6RWE'),
	(31,6,4,'4-6-LNQDF56UFE6JE136'),
	(32,7,4,'4-7-PM90JA2VCAVJJOCU'),
	(33,0,5,'5-0-RUM7LGTPSYHGXWOZ'),
	(34,1,5,'5-1-7SO1D2QBEECTDOOK'),
	(35,2,5,'5-2-XS9FTRICE1PXO676'),
	(36,3,5,'5-3-K4LPNSBDOHWTZLD4'),
	(37,4,5,'5-4-95BXBG5G906C44L0'),
	(38,5,5,'5-5-8JYLISMS14PLXC84'),
	(39,6,5,'5-6-RLUCSEOMA3L0EZBM'),
	(40,7,5,'5-7-31ERQTRQ9GDAZH1N'),
	(41,0,6,'6-0-JJCRP8EXEBJ1163S'),
	(42,1,6,'6-1-TBAB4CX1664J7I8I'),
	(43,2,6,'6-2-QPDT35UB0ZOLJFHF'),
	(44,3,6,'6-3-N9GOTBWV013HQVFP'),
	(45,4,6,'6-4-BONYRZ6YVZO3JP70'),
	(46,5,6,'6-5-XBEIIHRI64EMGRD8'),
	(47,6,6,'6-6-SMAWRCDZNDR8E029'),
	(48,7,6,'6-7-XY6RXMK39U6K4B81'),
	(49,0,7,'7-0-BCQNGFMRHAQUYBIV'),
	(50,1,7,'7-1-FUPVLL9WD8MXN2N9'),
	(51,2,7,'7-2-VLRGXDUTB74OVM4O'),
	(52,3,7,'7-3-E0OYDOS845N114S3'),
	(53,4,7,'7-4-TZQXCMBQAHSY97QO'),
	(54,5,7,'7-5-A3WNUBNAJ3MJPJRT'),
	(55,6,7,'7-6-3QL4NUKHQS6DUA3T'),
	(56,7,7,'7-7-GDDWYTY2C5KFDMNR'),
	(57,0,8,'8-0-HVTAQG7DYEM2HSJE'),
	(58,1,8,'8-1-4B59NZK7ZOLJ7WE7'),
	(59,2,8,'8-2-VO4BIXA4X6O6VFNY'),
	(60,3,8,'8-3-ZRTHJ4EZCW1I78R8'),
	(61,4,8,'8-4-9BJ6EQGCBHXQIG43'),
	(62,5,8,'8-5-E8YS0W6S4WBJAX3S'),
	(63,6,8,'8-6-7NK3R80J9V54PKGE'),
	(64,7,8,'8-7-LWUCDRZXKJ33RHE4'),
	(65,0,9,'9-0-MAY14OKY3JS8ZLJK'),
	(66,1,9,'9-1-CV3PI9OGUAC0XGHW'),
	(67,2,9,'9-2-B1KXRR1YBKFIO63H'),
	(68,3,9,'9-3-R3S5XUNYV88RD8H5'),
	(69,4,9,'9-4-A10OGN084411R5R4'),
	(70,5,9,'9-5-AU5ZOFU7TH0ET6AR'),
	(71,6,9,'9-6-35KSUM6RZ6ERZ3EO'),
	(72,7,9,'9-7-SEUAT6P9YZ5X00Z5'),
	(73,0,10,'10-0-V7FQMRJDX42DU56V'),
	(74,1,10,'10-1-6JR9A7H1RS58F1UG'),
	(75,2,10,'10-2-CKVVOUGJSLJ86B4H'),
	(76,3,10,'10-3-WRQ03U9PSWGEWETF'),
	(77,4,10,'10-4-05S145GMEXX4Z36Y'),
	(78,5,10,'10-5-JKX9HSZA7PVMO89Q'),
	(79,6,10,'10-6-1JFIH0XALGBJY2WS'),
	(80,7,10,'10-7-FINFXVQVP3XLG5AK'),
	(81,0,11,'11-0-C0ORKZ4YK0I94M7M'),
	(82,1,11,'11-1-3T2X263SUG32EU62'),
	(83,2,11,'11-2-BBRPSFKUXQIZTDAZ'),
	(84,3,11,'11-3-SKN3UQEE29OJ1IVV'),
	(85,4,11,'11-4-VIWL2TQYNJKQDTY6'),
	(86,5,11,'11-5-2U5ZTHWVN6UAAIR3'),
	(87,6,11,'11-6-USJM2SUG11JHKH86'),
	(88,7,11,'11-7-7WFUMCF77KZEC53Y'),
	(89,0,12,'12-0-4IE7U1BKWNU56ZLW'),
	(90,1,12,'12-1-X44006SIP8EY3HM4'),
	(91,2,12,'12-2-SHF5DNL2MLRUIM2Q'),
	(92,3,12,'12-3-ZXG21Z2L184L0TBN'),
	(93,4,12,'12-4-5NO7WWMK5PMK2HAJ'),
	(94,5,12,'12-5-7N2XQQD4QNGALSPP'),
	(95,6,12,'12-6-2GZQQ963Y4BHA3W4'),
	(96,7,12,'12-7-LZ2CZLLYAW8VXRAV'),
	(97,0,13,'13-0-6OHUKX22SR0F6LQZ'),
	(98,1,13,'13-1-YPVQI7HBWKREHYTX'),
	(99,2,13,'13-2-A0G8R7LPSIDVLNTW'),
	(100,3,13,'13-3-GHCYWKANIJ0RM7U8'),
	(101,4,13,'13-4-3MKMRN0SXVN9IK3Z'),
	(102,5,13,'13-5-OOPO5CP5ZIVOOTAE'),
	(103,6,13,'13-6-J955M93GHHAPQPFD'),
	(104,7,13,'13-7-24DGSOW0VCZ1OKJY'),
	(105,0,14,'14-0-O2K2IB35AFG0AG2K'),
	(106,1,14,'14-1-J6XSW3YIEUBMYKFW'),
	(107,2,14,'14-2-C15RAW270YEXM6QZ'),
	(108,3,14,'14-3-UY84Z0SZETIB0DCD'),
	(109,4,14,'14-4-ICF2J4TVHMDW1Y6V'),
	(110,5,14,'14-5-B9LMHTB7TG5DNTHW'),
	(111,6,14,'14-6-1RB3EHOUVLPC4ONO'),
	(112,7,14,'14-7-I51U0LABR3WEEXKR'),
	(113,0,15,'15-0-FXCJK5IOH3MKBOXR'),
	(114,1,15,'15-1-E2MR8BE2MJFC87HZ'),
	(115,2,15,'15-2-NS0QRRBGTARYI51J'),
	(116,3,15,'15-3-NOBSVXSHCRA0BVE8'),
	(117,4,15,'15-4-SKQAPR9K24FC0H7U'),
	(118,5,15,'15-5-K9NO6FXMR1CF1XDV'),
	(119,6,15,'15-6-LXV3QNQ93ZC33OEP'),
	(120,7,15,'15-7-S2R8PXRMJ2RVXNWX'),
	(121,0,16,'16-0-VTGLDGC6FK69I3HR'),
	(122,1,16,'16-1-8AMXL8POIJ4YDAOZ'),
	(123,2,16,'16-2-UQDP4A0NHXZAQAD2'),
	(124,3,16,'16-3-8QCMP7OTLRNB008D'),
	(125,4,16,'16-4-072816MMHZ0DIB03'),
	(126,5,16,'16-5-V049MGSDH4K3YCPL'),
	(127,6,16,'16-6-VF04XL0GIZMMDM0B'),
	(128,7,16,'16-7-R2P61G1C2ELP14ZJ'),
	(129,0,17,'17-0-6IJGRMVSMSKXHHVD'),
	(130,1,17,'17-1-VU1M2ZG8EXUMX810'),
	(131,2,17,'17-2-NU9X762LUFAKSMVE'),
	(132,3,17,'17-3-RLK6HFZU8MR11UL5'),
	(133,4,17,'17-4-VWQ5MQ4DVN18GCB7'),
	(134,5,17,'17-5-BY7J5TUEFQ5NUGQ1'),
	(135,6,17,'17-6-4DKHX22FZSDLZ4QY'),
	(136,7,17,'17-7-D8SKMKLQIU7TG3WY'),
	(137,0,18,'18-0-A2CE33Q4SHFH6VDX'),
	(138,1,18,'18-1-EDN3T0RKRWVEGP8A'),
	(139,2,18,'18-2-QCGC3SNXFTF23EGT'),
	(140,3,18,'18-3-MQTMD7O0EHZTAURF'),
	(141,4,18,'18-4-4X90V09CIY40MNG6'),
	(142,5,18,'18-5-KCM7YV4C3FZK93II'),
	(143,6,18,'18-6-6CC5OJ50BCY7MC66'),
	(144,7,18,'18-7-O2T8YTH90394UX82'),
	(145,0,19,'19-0-17VND4NMAPHH3EGK'),
	(146,1,19,'19-1-5S9J3DOAQ21ELRC5'),
	(147,2,19,'19-2-8U7P89BN90L856MO'),
	(148,3,19,'19-3-JJQ19P7HFJCZ4889'),
	(149,4,19,'19-4-F5G7JRDQE8NM4U22'),
	(150,5,19,'19-5-LOD80OAKJRT4HT39'),
	(151,6,19,'19-6-EDYZQKDPOWSMF52C'),
	(152,7,19,'19-7-DF54H1XIBR36EHLU'),
	(153,0,20,'20-0-87YTP970DIEJZBP8'),
	(154,1,20,'20-1-XYQRX9AJG8FDKI2P'),
	(155,2,20,'20-2-YM10WTY81JEMDJUO'),
	(156,3,20,'20-3-0GWIHSV2QKMVF2VI'),
	(157,4,20,'20-4-R0BM851BIGUQWLKR'),
	(158,5,20,'20-5-RQ4RJZMFA4SL7HI3'),
	(159,6,20,'20-6-JMPZIF2M0FM55GXK'),
	(160,7,20,'20-7-0P751NO4O7FROEIS'),
	(161,0,21,'21-0-C798R45GYUZJ7TCJ'),
	(162,1,21,'21-1-35SMHA0SV9XF3E26'),
	(163,2,21,'21-2-27ZLYEIZS5BKKWVQ'),
	(164,3,21,'21-3-CEYTZEOE0Z3ZGTHP'),
	(165,4,21,'21-4-696QN9X7JYK3GMD5'),
	(166,5,21,'21-5-AZV29DX1EJ9QVT2Y'),
	(167,6,21,'21-6-QU782GA2VGEXHGA0'),
	(168,7,21,'21-7-53LG8AJHJHEGY71H'),
	(169,0,22,'22-0-8RJ52X7JB1O7GDDW'),
	(170,1,22,'22-1-IDL3VAH5LT48MPRJ'),
	(171,2,22,'22-2-4YE140VTD1YRGHRD'),
	(172,3,22,'22-3-SC4H3CDWX46PFPEO'),
	(173,4,22,'22-4-RJ67WWPXJG5NBAEI'),
	(174,5,22,'22-5-BLSI7E1CWLCD8WXC'),
	(175,6,22,'22-6-KPHYNLNYWHOA6KDN'),
	(176,7,22,'22-7-Q3MPRCZU2USPGX1T'),
	(177,0,23,'23-0-UM28SE8OY96KU16Y'),
	(178,1,23,'23-1-SMZ7HE4BAOUBKPXE'),
	(179,2,23,'23-2-2XLJCP2Z8JU5JST7'),
	(180,3,23,'23-3-PXBD6QDHNLMK2CPP'),
	(181,4,23,'23-4-K11UQL0GZUAZU2JA'),
	(182,5,23,'23-5-X3HGVZEF1BKB1WMQ'),
	(183,6,23,'23-6-JUSAPV87DWFJWO05'),
	(184,7,23,'23-7-1OACEXF1D9G1UBRQ'),
	(185,0,24,'24-0-P27H4QKSRSBARQ0Q'),
	(186,1,24,'24-1-NHPJ6K0GLTKL4E3W'),
	(187,2,24,'24-2-5TTSRWYAOXK459O2'),
	(188,3,24,'24-3-6E2ZF7NAW1KLD362'),
	(189,4,24,'24-4-PWNJEGK1VDYZVR8J'),
	(190,5,24,'24-5-74W0EHY2UIM9UEG2'),
	(191,6,24,'24-6-NZP2CT5ZX2FYFUPG'),
	(192,7,24,'24-7-TG3RIWDC4I8KL18K'),
	(193,0,25,'25-0-JIZSZAFOHRQPYD0P'),
	(194,1,25,'25-1-NT4SSQ1TXL2QJ6KE'),
	(195,2,25,'25-2-5KY5CQ7AYSQX66LV'),
	(196,3,25,'25-3-42T38OM5SMPX6DV4'),
	(197,4,25,'25-4-C3XMFS1OMBW2CHEY'),
	(198,5,25,'25-5-9D3G2BFWFU7FFDU4'),
	(199,6,25,'25-6-354ND7T6Z30NH6NC'),
	(200,7,25,'25-7-YEGZCA8MK40TBNI4'),
	(201,0,26,'26-0-KGNYS130V4557CA4'),
	(202,1,26,'26-1-C5AKAEOGFV4EXBIE'),
	(203,2,26,'26-2-X1YIEXI9QYQXMRVP'),
	(204,3,26,'26-3-M9OV8KTS59U534GA'),
	(205,4,26,'26-4-I313PI883CL15W92'),
	(206,5,26,'26-5-40Q3PNVPA6FPGIRU'),
	(207,6,26,'26-6-O5Y2FL5XZBN0GKGD'),
	(208,7,26,'26-7-RXDCXANOJENLX3C5'),
	(209,0,27,'27-0-9XAC25X70ZXVMKNC'),
	(210,1,27,'27-1-LLFTNEUA23TQ7L28'),
	(211,2,27,'27-2-DQY6Q6NWBBES3GO2'),
	(212,3,27,'27-3-Z7JZTMDSOY4UP8RW'),
	(213,4,27,'27-4-BM1KF9XJGIQYGEX3'),
	(214,5,27,'27-5-EM2N00W238KAWODE'),
	(215,6,27,'27-6-YSINKIT9GL3R9K3K'),
	(216,7,27,'27-7-URSK2HCCKX9EKXEX'),
	(217,0,28,'28-0-KPI9FWVI3Z5YHSPR'),
	(218,1,28,'28-1-DUZP50QUHLX7ALHY'),
	(219,2,28,'28-2-YPH6793YVDOC6TD9'),
	(220,3,28,'28-3-9VMQVNUNK1T09X1Z'),
	(221,4,28,'28-4-8ZGPCQCN4EOJZPEK'),
	(222,5,28,'28-5-MQ783686VHN4FCCU'),
	(223,6,28,'28-6-2KBJW0Q89A11DYVN'),
	(224,7,28,'28-7-A2V8JLOV4DEE15R6'),
	(225,0,29,'29-0-5NNUAUKDZPM5OQGV'),
	(226,1,29,'29-1-RWPR750CQYHQ1M78'),
	(227,2,29,'29-2-4M312UX2NN5WD744'),
	(228,3,29,'29-3-QRVAQBTXJTTTZLCB'),
	(229,4,29,'29-4-XWOJ394DY9IHRNYQ'),
	(230,5,29,'29-5-HIFYMW1GON4563KS'),
	(231,6,29,'29-6-M0LTJ8R7RQGPRZ2M'),
	(232,7,29,'29-7-R3H62PV4PMLKQ9U9'),
	(233,0,30,'30-0-MLTXLYE7N9VLJRM1'),
	(234,1,30,'30-1-TM20QA23JY73PPMH'),
	(235,2,30,'30-2-5QWPTI6J15ZSJ2T3'),
	(236,3,30,'30-3-WSNYZHFK6HRLS4DK'),
	(237,4,30,'30-4-7X13KPMBZ4O6X9H6'),
	(238,5,30,'30-5-YSI8F1BG69WQUMLN'),
	(239,6,30,'30-6-OFLI42PX8CUWNPCJ'),
	(240,7,30,'30-7-9R9008T7X32CVZZT'),
	(241,0,31,'31-0-SONT2U9BM1EXWN2J'),
	(242,1,31,'31-1-SPK2HE8200O4H7V8'),
	(243,2,31,'31-2-FMEQHKH1NZ9BMRW6'),
	(244,3,31,'31-3-KWNS85355KGVUFJ3'),
	(245,4,31,'31-4-YXAZB93WBYWVFM4D'),
	(246,5,31,'31-5-9E22H5DR7QN17ATU'),
	(247,6,31,'31-6-3WEOQZN48TJEW4BH'),
	(248,7,31,'31-7-QPRO9IMHPIUZHLLH'),
	(249,0,32,'32-0-FHRXO1CLT45Y6E12'),
	(250,1,32,'32-1-NSZAPPJZTJASWES7'),
	(251,2,32,'32-2-J0LVR2KMWOJJJ591'),
	(252,3,32,'32-3-SH4IKYKWQ9UQBOUQ'),
	(253,4,32,'32-4-GLU7BZJVHU3RUJ5G'),
	(254,5,32,'32-5-Y0II8D60W49LWNXK'),
	(255,6,32,'32-6-V1BLJE8VI6RILZ7T'),
	(256,7,32,'32-7-9IY1O52YU09YY1NW'),
	(257,0,33,'33-0-NDZ9BN6QGC04RGZ9'),
	(258,1,33,'33-1-HPHGBW9XWRKFFLOW'),
	(259,2,33,'33-2-7M0IBA59XNXAN4I3'),
	(260,3,33,'33-3-YKYTC6LB6I4TTOA3'),
	(261,4,33,'33-4-2BOFL4AL4TF14YB8'),
	(262,5,33,'33-5-C98SSODDYCVX9Q4A'),
	(263,6,33,'33-6-CF0CMQRHRDALEH25'),
	(264,7,33,'33-7-A8DVPEAHNUAOPFI7'),
	(265,0,34,'34-0-DA1NYEL7WJ83AWPC'),
	(266,1,34,'34-1-0V58ZZFXWMFVN66Q'),
	(267,2,34,'34-2-FND422TP7J5UUJGF'),
	(268,3,34,'34-3-L8H72VUG6RWNYKDU'),
	(269,4,34,'34-4-NQVV99O4DO7R74M5'),
	(270,5,34,'34-5-H1KOCK2X5SRWSP1C'),
	(271,6,34,'34-6-TFRVU0YOEQ9DIGTR'),
	(272,7,34,'34-7-IU81TEHPA3NSZA72'),
	(273,0,35,'35-0-8KD3241J2HIPBHPT'),
	(274,1,35,'35-1-ER1UW5B7SBBT4HRI'),
	(275,2,35,'35-2-4VFX7208GBPCPA3C'),
	(276,3,35,'35-3-GFXGN2FOM0IKW74P'),
	(277,4,35,'35-4-419MDOYMXLPD90WK'),
	(278,5,35,'35-5-WY0V9PMTTSTV5I5F'),
	(279,6,35,'35-6-AGPM46YE2SVD28C2'),
	(280,7,35,'35-7-S77RL4P6R9VE5ZHJ'),
	(281,0,36,'36-0-K5AG5LKEZALUOSQV'),
	(282,1,36,'36-1-0M7BXCCDWAH4H15E'),
	(283,2,36,'36-2-WBGNBH091NQ9B8RB'),
	(284,3,36,'36-3-I6POQD9XTCORIHRU'),
	(285,4,36,'36-4-U8ETU2BA2PC9BOT3'),
	(286,5,36,'36-5-RMK0WLX388DUFO8A'),
	(287,6,36,'36-6-DM38XQXGN48GRCK6'),
	(288,7,36,'36-7-K2KRHRBLH1U99TG8'),
	(289,0,37,'37-0-OR86ER15NNR37NWE'),
	(290,1,37,'37-1-D938J1CT7UFIJX61'),
	(291,2,37,'37-2-I2508JKGLLYP5NS9'),
	(292,3,37,'37-3-8XR7GQAUP6H4H0DF'),
	(293,4,37,'37-4-I3BIXSBVXY39O6AZ'),
	(294,5,37,'37-5-KSYULD14682ZH7YQ'),
	(295,6,37,'37-6-BQXROYJ1ATD8XBUI'),
	(296,7,37,'37-7-DPVKY3LGJOIJT8WM'),
	(297,0,38,'38-0-68W4OD2HAVE528B3'),
	(298,1,38,'38-1-VHA1Q4SLP3U4UWJ2'),
	(299,2,38,'38-2-8NTPL8YQ8EZ2EP3P'),
	(300,3,38,'38-3-KEFAY0I315WLOBVH'),
	(301,4,38,'38-4-OTP250KFXL5KPSXL'),
	(302,5,38,'38-5-UPO733AI9FX9O030'),
	(303,6,38,'38-6-0E72VACQ8J5GGLGM'),
	(304,7,38,'38-7-WH2CU8BHEEWDFNJU'),
	(305,0,39,'39-0-YQOR1I7FJ4ACF3VD'),
	(306,1,39,'39-1-7FTLUGJX5ZV0BKH5'),
	(307,2,39,'39-2-FYVKB791A89DNMJA'),
	(308,3,39,'39-3-J1UTNMBCOWNASETK'),
	(309,4,39,'39-4-Z9O50V3GUAS90PHP'),
	(310,5,39,'39-5-R7CTHHEYAM0W1P6X'),
	(311,6,39,'39-6-2GU26FH24Y3892WN'),
	(312,7,39,'39-7-C1QFUCDU62PY92W1'),
	(313,0,40,'40-0-AT9496CSIUQODFQR'),
	(314,1,40,'40-1-89FFOLZLLGX9Y7MS'),
	(315,2,40,'40-2-P7ZQRB447PAIPQOV'),
	(316,3,40,'40-3-BHZY3438F1ZSWGMJ'),
	(317,4,40,'40-4-B91EOA8XVN6UAFM9'),
	(318,5,40,'40-5-F2OSBT9G5IN7171Z'),
	(319,6,40,'40-6-NM9NJQLI4CLOMW9B'),
	(320,7,40,'40-7-9SQ04QSH30Z2UL4S'),
	(321,0,41,'41-0-T401WHU69CDFADM7'),
	(322,1,41,'41-1-P21UIHP1HYJG6D4C'),
	(323,2,41,'41-2-SWPYN8EPCEKFLIUK'),
	(324,3,41,'41-3-WRDJVC2AB60RQR0C'),
	(325,4,41,'41-4-EYQRA4FM8KNHH1TK'),
	(326,5,41,'41-5-W8JVXMEY9GAF6LK3'),
	(327,6,41,'41-6-5OTDH0UOTE6RSK82'),
	(328,7,41,'41-7-2ETHLFCU5IGRUA8N'),
	(329,0,42,'42-0-GAGPY48J15YX3XTE'),
	(330,1,42,'42-1-DY825Z081KM7ON7U'),
	(331,2,42,'42-2-4KZG50K4GHEBWLL2'),
	(332,3,42,'42-3-CM8443QSVE41X1P1'),
	(333,4,42,'42-4-TZBTG0319D8LSI8L'),
	(334,5,42,'42-5-XL8I7UXS6VSEVP7O'),
	(335,6,42,'42-6-S563MEMHA2HG4L6W'),
	(336,7,42,'42-7-S40ETOJQO540ZY92'),
	(337,0,43,'43-0-0FTZ3OKM7GHFEDI6'),
	(338,1,43,'43-1-NK384YF24XRT8U3L'),
	(339,2,43,'43-2-7BS1BXIAEW2LLUO2'),
	(340,3,43,'43-3-FOEJKKYE3HEJU7EX'),
	(341,4,43,'43-4-N6IS7VUFSISA4105'),
	(342,5,43,'43-5-XA0D8Z2RU7E9TUZI'),
	(343,6,43,'43-6-M557OZ5CXN5PRM3E'),
	(344,7,43,'43-7-8N42X0YMWMZUD0AT'),
	(345,0,44,'44-0-MT6R5NRRU1L92GCV'),
	(346,1,44,'44-1-P2OZF8M0KKW8AVAQ'),
	(347,2,44,'44-2-LHRWZ3KQ6PO9E6YQ'),
	(348,3,44,'44-3-JVKNMNQWGZNMWBVE'),
	(349,4,44,'44-4-5RT1LWMMN4VXO3HM'),
	(350,5,44,'44-5-M40FV31U5GIODW4L'),
	(351,6,44,'44-6-K9YB1RBFFNYWENVP'),
	(352,7,44,'44-7-CBOVHR8PC2SBNOWP'),
	(353,0,45,'45-0-CHFF09ZB22XMCAYI'),
	(354,1,45,'45-1-97LSYQ2F6K15DB78'),
	(355,2,45,'45-2-CWU00EIU62OOBIIX'),
	(356,3,45,'45-3-DQ9XSPCL2Q01AZAK'),
	(357,4,45,'45-4-03C98RQ7V3BME027'),
	(358,5,45,'45-5-NZKWVBBCO4EXQ7QJ'),
	(359,6,45,'45-6-IFG37XMRBM72FRAJ'),
	(360,7,45,'45-7-5FZBGKOGG8CYYZ11'),
	(361,0,46,'46-0-QCBJTB3V3HKIYU2L'),
	(362,1,46,'46-1-DHSF3D1TI1P5DDSW'),
	(363,2,46,'46-2-TOVH04VBW8D7OCZU'),
	(364,3,46,'46-3-09W2WXNYAPJ8J632'),
	(365,4,46,'46-4-PRM17MH1QMJG0M8K'),
	(366,5,46,'46-5-24EK42Q8A16QHSJB'),
	(367,6,46,'46-6-C0QIOL5YRT7URBVI'),
	(368,7,46,'46-7-5WL2T7XC03Q7ZREC'),
	(369,0,47,'47-0-HJYMWG43DQT4UYYQ'),
	(370,1,47,'47-1-ABI1FDG6KXLUDEH0'),
	(371,2,47,'47-2-7FUHCA6Q5M4KGSFV'),
	(372,3,47,'47-3-8Q6P0MQ7IAC6DLE1'),
	(373,4,47,'47-4-Z01JYBMANH729USY'),
	(374,5,47,'47-5-3VI8TAFXJ2ED3KUD'),
	(375,6,47,'47-6-RUPU5LKH6P0559HJ'),
	(376,7,47,'47-7-8MXYCGR9FF8Q33HD'),
	(377,0,48,'48-0-HRPWON6AGVEF1TI3'),
	(378,1,48,'48-1-ZRUQ0QM04CYGZDL9'),
	(379,2,48,'48-2-KRC1VJK8XFSM8BUQ'),
	(380,3,48,'48-3-UFWMHU6AY4BT3KLS'),
	(381,4,48,'48-4-4TNB0WU7KQ5DNGGT'),
	(382,5,48,'48-5-5TWGWE34LQTMCA1J'),
	(383,6,48,'48-6-1L15NXVPO7AKKOMH'),
	(384,7,48,'48-7-VYUOWH2YIH1HCHJD'),
	(385,0,49,'49-0-CBIHPCFTKXYK3NZJ'),
	(386,1,49,'49-1-S7KXJKZ0WRLYADBQ'),
	(387,2,49,'49-2-J473GVYO0RA2C3AX'),
	(388,3,49,'49-3-XNKU2DPLWXZ0QZIF'),
	(389,4,49,'49-4-K8DVUAJ7FBP5RYMT'),
	(390,5,49,'49-5-BRMVFCNJBIZ016BD'),
	(391,6,49,'49-6-MUDZRROZRQVU2A9N'),
	(392,7,49,'49-7-EK8RQFSHVKQ0S0J5'),
	(393,0,50,'50-0-HT7KVOXVXHKRDE5J'),
	(394,1,50,'50-1-615WP4GQK4U0DNJ5'),
	(395,2,50,'50-2-9D5OPEX1P7YC6P1A'),
	(396,3,50,'50-3-VKZBW80IQPHOVBTB'),
	(397,4,50,'50-4-783BZEJRBVZM1WK3'),
	(398,5,50,'50-5-WEAAAVUBHD1XC0KJ'),
	(399,6,50,'50-6-WUIV1FJ5BMXM6ZBZ'),
	(400,7,50,'50-7-ZZFOCUQWLOGDWVZH'),
	(401,0,51,'51-0-NJYMEZK04WU1EWID'),
	(402,1,51,'51-1-5U3HUMUKFW33G4EJ'),
	(403,2,51,'51-2-4TVQ7ZVC96D5UN3U'),
	(404,3,51,'51-3-QMROWP9SVF1XAPKE'),
	(405,4,51,'51-4-0MN34WUJ9RPOYG7J'),
	(406,5,51,'51-5-TXHYFB2N5T0M9WLT'),
	(407,6,51,'51-6-OI02G0V3QHDTRCHO'),
	(408,7,51,'51-7-LEUHZAOJEB95PPWV'),
	(409,0,52,'52-0-7ZNPGGL6B19KA6Q5'),
	(410,1,52,'52-1-DGIQSO8FW63DO4ZN'),
	(411,2,52,'52-2-DM3A64SD963BXHEY'),
	(412,3,52,'52-3-J2VQ7K29WL69E8KA'),
	(413,4,52,'52-4-TLIPZQJXBS7KH9AM'),
	(414,5,52,'52-5-NN02SLZR9A9WXOPO'),
	(415,6,52,'52-6-LTKWRBQLMA138KNX'),
	(416,7,52,'52-7-K8KFZVDQZ67WK11P'),
	(417,0,53,'53-0-DM1YD9U466D5L87V'),
	(418,1,53,'53-1-NUK12ZOQOM85ZU10'),
	(419,2,53,'53-2-8QFUDWVET02LTQ8V'),
	(420,3,53,'53-3-6WLHN0XNO4668NPH'),
	(421,4,53,'53-4-Q56DP5RG16346NW3'),
	(422,5,53,'53-5-BQUZXBSNA94EAM15'),
	(423,6,53,'53-6-Q8JUJN4YAT1E8T6T'),
	(424,7,53,'53-7-5E20UYSJY9P5EZJJ'),
	(425,0,54,'54-0-8BUOXOSJ4AZGFAEB'),
	(426,1,54,'54-1-RS9GBQ0V2KBL5QF7'),
	(427,2,54,'54-2-02OE8VR7LFGDT6MX'),
	(428,3,54,'54-3-J815W7DC4LJ9KGI1'),
	(429,4,54,'54-4-IJ73F8PVJ1HD8C63'),
	(430,5,54,'54-5-J6H40LK41MB5YFKG'),
	(431,6,54,'54-6-4KA59W4ZHQFY6F23'),
	(432,7,54,'54-7-BC0UKVBH29RN6F8L');

/*!40000 ALTER TABLE `mturk` ENABLE KEYS */;
UNLOCK TABLES;


# Dump of table notifications
# ------------------------------------------------------------

DROP TABLE IF EXISTS `notifications`;

CREATE TABLE `notifications` (
  `id` int(11) unsigned NOT NULL AUTO_INCREMENT,
  `send_timestamp` timestamp NULL DEFAULT NULL,
  `message_subject` varchar(128) DEFAULT NULL,
  `message_text` longtext,
  `recipient_uuid` int(11) DEFAULT NULL,
  `message_read` int(11) DEFAULT NULL,
  PRIMARY KEY (`id`)
) ENGINE=InnoDB DEFAULT CHARSET=latin1;



# Dump of table rooms
# ------------------------------------------------------------

DROP TABLE IF EXISTS `rooms`;

CREATE TABLE `rooms` (
  `room_name` varchar(11) NOT NULL DEFAULT '',
  `building_name` varchar(11) NOT NULL DEFAULT '',
  `description` longtext,
  PRIMARY KEY (`room_name`,`building_name`)
) ENGINE=InnoDB DEFAULT CHARSET=latin1;

LOCK TABLES `rooms` WRITE;
/*!40000 ALTER TABLE `rooms` DISABLE KEYS */;

INSERT INTO `rooms` (`room_name`, `building_name`, `description`)
VALUES
	('2107','CSE','Kitchen'),
	('2108','CSE','Office Room'),
	('2109','CSE','Lobby'),
	('2111','CSE','Office Room'),
	('2112','CSE','Office Room'),
	('2116','CSE','Office Room'),
	('2118','CSE','Office Room'),
	('2122','CSE','Office Room'),
	('2126','CSE','Office Room'),
	('2128','CSE','Office Room'),
	('2132','CSE','Office Room'),
	('2134','CSE','Office Room'),
	('2136','CSE','Office Room'),
	('2138','CSE','Office Room'),
	('2140','CSE','Meeting Room'),
	('2144','CSE','Storage'),
	('2154','CSE','Meeting Room'),
	('2203','CSE','Office Room'),
	('2215','CSE','Office Room'),
	('2217','CSE','Office Room'),
	('2230','CSE','Study Room'),
	('2231','CSE','Office Room'),
	('3113','CSE','Laboratory'),
	('3208','CSE','Conference Room');

/*!40000 ALTER TABLE `rooms` ENABLE KEYS */;
UNLOCK TABLES;


# Dump of table rooms_actions
# ------------------------------------------------------------

DROP TABLE IF EXISTS `rooms_actions`;

CREATE TABLE `rooms_actions` (
  `room_name` varchar(11) NOT NULL DEFAULT '',
  `building_name` varchar(11) NOT NULL DEFAULT '',
  `action_id` int(11) NOT NULL DEFAULT '0',
  PRIMARY KEY (`room_name`,`building_name`,`action_id`)
) ENGINE=InnoDB DEFAULT CHARSET=latin1;

LOCK TABLES `rooms_actions` WRITE;
/*!40000 ALTER TABLE `rooms_actions` DISABLE KEYS */;

INSERT INTO `rooms_actions` (`room_name`, `building_name`, `action_id`)
VALUES
	('2107','CSE',1),
	('2107','CSE',2),
	('2107','CSE',3),
	('2107','CSE',4),
	('2107','CSE',5),
	('2107','CSE',6),
	('2107','CSE',7),
	('2107','CSE',8),
	('2107','CSE',9),
	('2107','CSE',10),
	('2108','CSE',1),
	('2108','CSE',2),
	('2108','CSE',3),
	('2108','CSE',4),
	('2108','CSE',5),
	('2108','CSE',6),
	('2108','CSE',7),
	('2108','CSE',8),
	('2108','CSE',9),
	('2108','CSE',10),
	('2109','CSE',1),
	('2109','CSE',2),
	('2109','CSE',3),
	('2109','CSE',4),
	('2109','CSE',5),
	('2109','CSE',6),
	('2109','CSE',7),
	('2109','CSE',8),
	('2109','CSE',9),
	('2109','CSE',10),
	('2111','CSE',1),
	('2111','CSE',2),
	('2111','CSE',3),
	('2111','CSE',4),
	('2111','CSE',5),
	('2111','CSE',6),
	('2111','CSE',7),
	('2111','CSE',8),
	('2111','CSE',9),
	('2111','CSE',10),
	('2112','CSE',1),
	('2112','CSE',2),
	('2112','CSE',3),
	('2112','CSE',4),
	('2112','CSE',5),
	('2112','CSE',6),
	('2112','CSE',7),
	('2112','CSE',8),
	('2112','CSE',9),
	('2112','CSE',10),
	('2116','CSE',1),
	('2116','CSE',2),
	('2116','CSE',3),
	('2116','CSE',4),
	('2116','CSE',5),
	('2116','CSE',6),
	('2116','CSE',7),
	('2116','CSE',8),
	('2116','CSE',9),
	('2116','CSE',10),
	('2118','CSE',1),
	('2118','CSE',2),
	('2118','CSE',3),
	('2118','CSE',4),
	('2118','CSE',5),
	('2118','CSE',6),
	('2118','CSE',7),
	('2118','CSE',8),
	('2118','CSE',9),
	('2118','CSE',10),
	('2122','CSE',1),
	('2122','CSE',2),
	('2122','CSE',3),
	('2122','CSE',4),
	('2122','CSE',5),
	('2122','CSE',6),
	('2122','CSE',7),
	('2122','CSE',8),
	('2122','CSE',9),
	('2122','CSE',10),
	('2126','CSE',1),
	('2126','CSE',2),
	('2126','CSE',3),
	('2126','CSE',4),
	('2126','CSE',5),
	('2126','CSE',6),
	('2126','CSE',7),
	('2126','CSE',8),
	('2126','CSE',9),
	('2126','CSE',10),
	('2128','CSE',1),
	('2128','CSE',2),
	('2128','CSE',3),
	('2128','CSE',4),
	('2128','CSE',5),
	('2128','CSE',6),
	('2128','CSE',7),
	('2128','CSE',8),
	('2128','CSE',9),
	('2128','CSE',10),
	('2132','CSE',1),
	('2132','CSE',2),
	('2132','CSE',3),
	('2132','CSE',4),
	('2132','CSE',5),
	('2132','CSE',6),
	('2132','CSE',7),
	('2132','CSE',8),
	('2132','CSE',9),
	('2132','CSE',10),
	('2134','CSE',1),
	('2134','CSE',2),
	('2134','CSE',3),
	('2134','CSE',4),
	('2134','CSE',5),
	('2134','CSE',6),
	('2134','CSE',7),
	('2134','CSE',8),
	('2134','CSE',9),
	('2134','CSE',10),
	('2136','CSE',1),
	('2136','CSE',2),
	('2136','CSE',3),
	('2136','CSE',4),
	('2136','CSE',5),
	('2136','CSE',6),
	('2136','CSE',7),
	('2136','CSE',8),
	('2136','CSE',9),
	('2136','CSE',10),
	('2138','CSE',1),
	('2138','CSE',2),
	('2138','CSE',3),
	('2138','CSE',4),
	('2138','CSE',5),
	('2138','CSE',6),
	('2138','CSE',7),
	('2138','CSE',8),
	('2138','CSE',9),
	('2138','CSE',10),
	('2140','CSE',1),
	('2140','CSE',2),
	('2140','CSE',3),
	('2140','CSE',4),
	('2140','CSE',5),
	('2140','CSE',6),
	('2140','CSE',7),
	('2140','CSE',8),
	('2140','CSE',9),
	('2140','CSE',10),
	('2144','CSE',1),
	('2144','CSE',2),
	('2144','CSE',3),
	('2144','CSE',4),
	('2144','CSE',5),
	('2144','CSE',6),
	('2144','CSE',7),
	('2144','CSE',8),
	('2144','CSE',9),
	('2144','CSE',10),
	('2154','CSE',1),
	('2154','CSE',2),
	('2154','CSE',3),
	('2154','CSE',4),
	('2154','CSE',5),
	('2154','CSE',6),
	('2154','CSE',7),
	('2154','CSE',8),
	('2154','CSE',9),
	('2154','CSE',10),
	('2203','CSE',1),
	('2203','CSE',2),
	('2203','CSE',3),
	('2203','CSE',4),
	('2203','CSE',5),
	('2203','CSE',6),
	('2203','CSE',7),
	('2203','CSE',8),
	('2203','CSE',9),
	('2203','CSE',10),
	('2215','CSE',1),
	('2215','CSE',2),
	('2215','CSE',3),
	('2215','CSE',4),
	('2215','CSE',5),
	('2215','CSE',6),
	('2215','CSE',7),
	('2215','CSE',8),
	('2215','CSE',9),
	('2215','CSE',10),
	('2217','CSE',1),
	('2217','CSE',2),
	('2217','CSE',3),
	('2217','CSE',4),
	('2217','CSE',5),
	('2217','CSE',6),
	('2217','CSE',7),
	('2217','CSE',8),
	('2217','CSE',9),
	('2217','CSE',10),
	('2230','CSE',1),
	('2230','CSE',2),
	('2230','CSE',3),
	('2230','CSE',4),
	('2230','CSE',5),
	('2230','CSE',6),
	('2230','CSE',7),
	('2230','CSE',8),
	('2230','CSE',9),
	('2230','CSE',10),
	('2231','CSE',1),
	('2231','CSE',2),
	('2231','CSE',3),
	('2231','CSE',4),
	('2231','CSE',5),
	('2231','CSE',6),
	('2231','CSE',7),
	('2231','CSE',8),
	('2231','CSE',9),
	('2231','CSE',10),
	('3113','CSE',1),
	('3113','CSE',2),
	('3113','CSE',3),
	('3113','CSE',4),
	('3113','CSE',5),
	('3113','CSE',6),
	('3113','CSE',7),
	('3113','CSE',8),
	('3113','CSE',9),
	('3113','CSE',10),
	('3208','CSE',1),
	('3208','CSE',2),
	('3208','CSE',3),
	('3208','CSE',4),
	('3208','CSE',5),
	('3208','CSE',6),
	('3208','CSE',7),
	('3208','CSE',8),
	('3208','CSE',9),
	('3208','CSE',10);

/*!40000 ALTER TABLE `rooms_actions` ENABLE KEYS */;
UNLOCK TABLES;


# Dump of table rooms_groups
# ------------------------------------------------------------

DROP TABLE IF EXISTS `rooms_groups`;

CREATE TABLE `rooms_groups` (
  `group_id` int(11) NOT NULL AUTO_INCREMENT,
  `building_name` varchar(11) NOT NULL DEFAULT '',
  `room_name` varchar(11) NOT NULL DEFAULT '0',
  PRIMARY KEY (`group_id`,`building_name`,`room_name`)
) ENGINE=InnoDB DEFAULT CHARSET=latin1;

LOCK TABLES `rooms_groups` WRITE;
/*!40000 ALTER TABLE `rooms_groups` DISABLE KEYS */;

INSERT INTO `rooms_groups` (`group_id`, `building_name`, `room_name`)
VALUES
	(1,'CSE','2107'),
	(1,'CSE','2108'),
	(1,'CSE','2109'),
	(1,'CSE','2111'),
	(1,'CSE','2112'),
	(1,'CSE','2116'),
	(1,'CSE','2118'),
	(1,'CSE','2122'),
	(1,'CSE','2126'),
	(1,'CSE','2128'),
	(1,'CSE','2132'),
	(1,'CSE','2134'),
	(1,'CSE','2136'),
	(1,'CSE','2138'),
	(1,'CSE','2140'),
	(1,'CSE','2144'),
	(1,'CSE','2154'),
	(1,'CSE','2203'),
	(1,'CSE','2215'),
	(1,'CSE','2217'),
	(1,'CSE','2230'),
	(1,'CSE','2231'),
	(1,'CSE','3113'),
	(1,'CSE','3208'),
	(2,'CSE','2108'),
	(2,'CSE','2111'),
	(2,'CSE','2112'),
	(2,'CSE','2116'),
	(2,'CSE','2118'),
	(2,'CSE','2122'),
	(2,'CSE','2126'),
	(2,'CSE','2128'),
	(3,'CSE','2132'),
	(3,'CSE','2134'),
	(3,'CSE','2136'),
	(3,'CSE','2138'),
	(3,'CSE','2203'),
	(3,'CSE','2215'),
	(3,'CSE','2217'),
	(3,'CSE','2231'),
	(4,'CSE','2108'),
	(4,'CSE','2112'),
	(5,'CSE','2111'),
	(5,'CSE','2116'),
	(6,'CSE','2118'),
	(6,'CSE','2122'),
	(7,'CSE','2132'),
	(7,'CSE','2134'),
	(8,'CSE','2136'),
	(8,'CSE','2138'),
	(8,'CSE','2231'),
	(9,'CSE','2203'),
	(9,'CSE','2215'),
	(9,'CSE','2217'),
	(10,'CSE','2107'),
	(10,'CSE','2144');

/*!40000 ALTER TABLE `rooms_groups` ENABLE KEYS */;
UNLOCK TABLES;


# Dump of table rooms_triggers
# ------------------------------------------------------------

DROP TABLE IF EXISTS `rooms_triggers`;

CREATE TABLE `rooms_triggers` (
  `room_name` varchar(11) NOT NULL DEFAULT '',
  `building_name` varchar(11) NOT NULL DEFAULT '',
  `trigger_id` int(11) NOT NULL DEFAULT '0',
  PRIMARY KEY (`room_name`,`building_name`,`trigger_id`)
) ENGINE=InnoDB DEFAULT CHARSET=latin1;

LOCK TABLES `rooms_triggers` WRITE;
/*!40000 ALTER TABLE `rooms_triggers` DISABLE KEYS */;

INSERT INTO `rooms_triggers` (`room_name`, `building_name`, `trigger_id`)
VALUES
	('2107','CSE',1),
	('2107','CSE',2),
	('2107','CSE',5),
	('2107','CSE',8),
	('2107','CSE',9),
	('2107','CSE',10),
	('2107','CSE',11),
	('2107','CSE',12),
	('2107','CSE',13),
	('2107','CSE',14),
	('2107','CSE',15),
	('2108','CSE',1),
	('2108','CSE',2),
	('2108','CSE',5),
	('2108','CSE',8),
	('2108','CSE',9),
	('2108','CSE',10),
	('2108','CSE',11),
	('2108','CSE',12),
	('2108','CSE',13),
	('2108','CSE',14),
	('2108','CSE',15),
	('2109','CSE',1),
	('2109','CSE',2),
	('2109','CSE',5),
	('2109','CSE',8),
	('2109','CSE',9),
	('2109','CSE',10),
	('2109','CSE',11),
	('2109','CSE',12),
	('2109','CSE',13),
	('2109','CSE',14),
	('2109','CSE',15),
	('2111','CSE',1),
	('2111','CSE',2),
	('2111','CSE',5),
	('2111','CSE',8),
	('2111','CSE',9),
	('2111','CSE',10),
	('2111','CSE',11),
	('2111','CSE',12),
	('2111','CSE',13),
	('2111','CSE',14),
	('2111','CSE',15),
	('2112','CSE',1),
	('2112','CSE',2),
	('2112','CSE',5),
	('2112','CSE',8),
	('2112','CSE',9),
	('2112','CSE',10),
	('2112','CSE',11),
	('2112','CSE',12),
	('2112','CSE',13),
	('2112','CSE',14),
	('2112','CSE',15),
	('2116','CSE',1),
	('2116','CSE',2),
	('2116','CSE',5),
	('2116','CSE',8),
	('2116','CSE',9),
	('2116','CSE',10),
	('2116','CSE',11),
	('2116','CSE',12),
	('2116','CSE',13),
	('2116','CSE',14),
	('2116','CSE',15),
	('2118','CSE',1),
	('2118','CSE',2),
	('2118','CSE',5),
	('2118','CSE',8),
	('2118','CSE',9),
	('2118','CSE',10),
	('2118','CSE',11),
	('2118','CSE',12),
	('2118','CSE',13),
	('2118','CSE',14),
	('2118','CSE',15),
	('2122','CSE',1),
	('2122','CSE',2),
	('2122','CSE',5),
	('2122','CSE',8),
	('2122','CSE',9),
	('2122','CSE',10),
	('2122','CSE',11),
	('2122','CSE',12),
	('2122','CSE',13),
	('2122','CSE',14),
	('2122','CSE',15),
	('2126','CSE',1),
	('2126','CSE',2),
	('2126','CSE',5),
	('2126','CSE',8),
	('2126','CSE',9),
	('2126','CSE',10),
	('2126','CSE',11),
	('2126','CSE',12),
	('2126','CSE',13),
	('2126','CSE',14),
	('2126','CSE',15),
	('2128','CSE',1),
	('2128','CSE',2),
	('2128','CSE',5),
	('2128','CSE',8),
	('2128','CSE',9),
	('2128','CSE',10),
	('2128','CSE',11),
	('2128','CSE',12),
	('2128','CSE',13),
	('2128','CSE',14),
	('2128','CSE',15),
	('2132','CSE',1),
	('2132','CSE',2),
	('2132','CSE',5),
	('2132','CSE',8),
	('2132','CSE',9),
	('2132','CSE',10),
	('2132','CSE',11),
	('2132','CSE',12),
	('2132','CSE',13),
	('2132','CSE',14),
	('2132','CSE',15),
	('2134','CSE',1),
	('2134','CSE',2),
	('2134','CSE',5),
	('2134','CSE',8),
	('2134','CSE',9),
	('2134','CSE',10),
	('2134','CSE',11),
	('2134','CSE',12),
	('2134','CSE',13),
	('2134','CSE',14),
	('2134','CSE',15),
	('2136','CSE',1),
	('2136','CSE',2),
	('2136','CSE',5),
	('2136','CSE',8),
	('2136','CSE',9),
	('2136','CSE',10),
	('2136','CSE',11),
	('2136','CSE',12),
	('2136','CSE',13),
	('2136','CSE',14),
	('2136','CSE',15),
	('2138','CSE',1),
	('2138','CSE',2),
	('2138','CSE',5),
	('2138','CSE',8),
	('2138','CSE',9),
	('2138','CSE',10),
	('2138','CSE',11),
	('2138','CSE',12),
	('2138','CSE',13),
	('2138','CSE',14),
	('2138','CSE',15),
	('2140','CSE',1),
	('2140','CSE',2),
	('2140','CSE',5),
	('2140','CSE',8),
	('2140','CSE',9),
	('2140','CSE',10),
	('2140','CSE',11),
	('2140','CSE',12),
	('2140','CSE',13),
	('2140','CSE',14),
	('2140','CSE',15),
	('2144','CSE',1),
	('2144','CSE',2),
	('2144','CSE',5),
	('2144','CSE',8),
	('2144','CSE',9),
	('2144','CSE',10),
	('2144','CSE',11),
	('2144','CSE',12),
	('2144','CSE',13),
	('2144','CSE',14),
	('2144','CSE',15),
	('2154','CSE',1),
	('2154','CSE',2),
	('2154','CSE',5),
	('2154','CSE',8),
	('2154','CSE',9),
	('2154','CSE',10),
	('2154','CSE',11),
	('2154','CSE',12),
	('2154','CSE',13),
	('2154','CSE',14),
	('2154','CSE',15),
	('2203','CSE',1),
	('2203','CSE',2),
	('2203','CSE',5),
	('2203','CSE',8),
	('2203','CSE',9),
	('2203','CSE',10),
	('2203','CSE',11),
	('2203','CSE',12),
	('2203','CSE',13),
	('2203','CSE',14),
	('2203','CSE',15),
	('2215','CSE',1),
	('2215','CSE',2),
	('2215','CSE',5),
	('2215','CSE',8),
	('2215','CSE',9),
	('2215','CSE',10),
	('2215','CSE',11),
	('2215','CSE',12),
	('2215','CSE',13),
	('2215','CSE',14),
	('2215','CSE',15),
	('2217','CSE',1),
	('2217','CSE',2),
	('2217','CSE',5),
	('2217','CSE',8),
	('2217','CSE',9),
	('2217','CSE',10),
	('2217','CSE',11),
	('2217','CSE',12),
	('2217','CSE',13),
	('2217','CSE',14),
	('2217','CSE',15),
	('2230','CSE',1),
	('2230','CSE',2),
	('2230','CSE',5),
	('2230','CSE',8),
	('2230','CSE',9),
	('2230','CSE',10),
	('2230','CSE',11),
	('2230','CSE',12),
	('2230','CSE',13),
	('2230','CSE',14),
	('2230','CSE',15),
	('2231','CSE',1),
	('2231','CSE',2),
	('2231','CSE',5),
	('2231','CSE',8),
	('2231','CSE',9),
	('2231','CSE',10),
	('2231','CSE',11),
	('2231','CSE',12),
	('2231','CSE',13),
	('2231','CSE',14),
	('2231','CSE',15),
	('3113','CSE',1),
	('3113','CSE',2),
	('3113','CSE',5),
	('3113','CSE',8),
	('3113','CSE',9),
	('3113','CSE',10),
	('3113','CSE',11),
	('3113','CSE',12),
	('3113','CSE',13),
	('3113','CSE',14),
	('3113','CSE',15),
	('3208','CSE',1),
	('3208','CSE',2),
	('3208','CSE',5),
	('3208','CSE',8),
	('3208','CSE',9),
	('3208','CSE',10),
	('3208','CSE',11),
	('3208','CSE',12),
	('3208','CSE',13),
	('3208','CSE',14),
	('3208','CSE',15);

/*!40000 ALTER TABLE `rooms_triggers` ENABLE KEYS */;
UNLOCK TABLES;


# Dump of table rule_translation_dictionary
# ------------------------------------------------------------

DROP TABLE IF EXISTS `rule_translation_dictionary`;

CREATE TABLE `rule_translation_dictionary` (
  `id` int(11) unsigned NOT NULL AUTO_INCREMENT,
  `language` varchar(11) DEFAULT NULL,
  `original` varchar(255) DEFAULT NULL,
  `translation` varchar(255) DEFAULT NULL,
  PRIMARY KEY (`id`)
) ENGINE=InnoDB DEFAULT CHARSET=latin1;

LOCK TABLES `rule_translation_dictionary` WRITE;
/*!40000 ALTER TABLE `rule_translation_dictionary` DISABLE KEYS */;

INSERT INTO `rule_translation_dictionary` (`id`, `language`, `original`, `translation`)
VALUES
	(1,'Z3','time is between @val and @val','(and (>= (time 1) @val) (<= (time 1) @val))'),
	(2,'Z3','someone is in the room','(inRoom 1)'),
	(3,'Z3','nobody is in the room','(not (inRoom 1))'),
	(4,'Z3','external temperature is between @val and @val','(and (>= (extTempInRoom 1) @val) (<= (extTempInRoom 1) @val))'),
	(5,'Z3','the date is between @val and @val','(and (>= (day 1) @val) (<= (day 1) @val))'),
	(6,'Z3','it is sunny','(sunny 1)'),
	(7,'Z3','it is rainy','(rainy 1)'),
	(8,'Z3','it is cloudy','(cloudy 1)'),
	(9,'Z3','room temperature is between @val and @val','(and (>= (tempInRoom 1) @val) (<= (tempInRoom 1) @val))'),
	(10,'Z3','turn on the light','(light 1)'),
	(11,'Z3','turn off the light','(not (light 1))'),
	(12,'Z3','turn on the heating','(heat 1)'),
	(13,'Z3','turn off the heating','(not (heat 1))'),
	(14,'Z3','turn on the cooling','(cool 1)'),
	(15,'Z3','turn off the cooling','(not (cool 1))'),
	(16,'Z3','open the windows','(openWindows 1)'),
	(17,'Z3','close the windows','(not (openWindows 1))'),
	(18,'Z3','open the curtains','(openCurtains 1)'),
	(19,'Z3','close the curtains','(not (openCurtains 1))'),
	(20,'Z3','no rule specified','(noRule 1)'),
	(21,'Z3','today is @val','(= (today 1) @val)');

/*!40000 ALTER TABLE `rule_translation_dictionary` ENABLE KEYS */;
UNLOCK TABLES;


# Dump of table rules
# ------------------------------------------------------------

DROP TABLE IF EXISTS `rules`;

CREATE TABLE `rules` (
  `id` int(11) unsigned NOT NULL AUTO_INCREMENT,
  `priority` int(11) DEFAULT NULL,
  `category` varchar(24) DEFAULT NULL,
  `building_name` varchar(11) DEFAULT NULL,
  `group_id` int(11) DEFAULT NULL,
  `room_name` varchar(11) DEFAULT NULL,
  `author_uuid` int(11) DEFAULT NULL,
  `antecedent` varchar(255) DEFAULT NULL,
  `consequent` varchar(255) DEFAULT NULL,
  `enabled` int(1) DEFAULT NULL,
  `deleted` int(1) DEFAULT NULL,
  `creation_timestamp` timestamp NULL DEFAULT NULL,
  `last_edit_timestamp` timestamp NULL DEFAULT NULL,
  PRIMARY KEY (`id`)
) ENGINE=InnoDB DEFAULT CHARSET=latin1;

LOCK TABLES `rules` WRITE;
/*!40000 ALTER TABLE `rules` DISABLE KEYS */;

INSERT INTO `rules` (`id`, `priority`, `category`, `building_name`, `group_id`, `room_name`, `author_uuid`, `antecedent`, `consequent`, `enabled`, `deleted`, `creation_timestamp`, `last_edit_timestamp`)
VALUES
	(1,50,'LIGHT','CSE',-1,'2107',2,'someone is in the room','turn on the light',1,0,'2014-02-13 14:44:31','2014-02-13 14:44:31'),
	(2,50,'HEATING','CSE',-1,'2107',2,'room temperature is between 62F and 64F','turn off the heating',1,0,'2014-02-13 14:44:49','2014-02-13 14:44:49'),
	(3,50,'COOLING','CSE',-1,'2109',2,'room temperature is between 63F and 65F','turn on the cooling',1,0,'2014-02-14 18:00:26','2014-02-14 18:00:26'),
	(4,50,'HEATING','CSE',-1,'2109',2,'it is rainy','turn off the heating',1,0,'2014-02-14 18:00:37','2014-02-14 18:00:37'),
	(5,50,'WINDOWS','CSE',-1,'2144',2,'external temperature is between 61F and 67F','close the windows',1,0,'2014-02-15 18:00:45','2014-02-15 18:00:45'),
	(6,50,'COOLING','CSE',-1,'2112',2,'external temperature is between 61F and 68F','turn on the cooling',1,0,'2014-02-16 18:00:20','2014-02-16 18:00:20'),
	(7,50,'COOLING','CSE',-1,'2230',2,'nobody is in the room','turn off the cooling',1,0,'2014-02-17 18:00:14','2014-02-17 18:00:14'),
	(8,50,'COOLING','CSE',-1,'3208',2,'room temperature is between 63F and 64F','turn on the cooling',1,0,'2014-02-18 18:00:22','2014-02-18 18:00:22'),
	(9,50,'HEATING','CSE',-1,'3113',2,'nobody is in the room','turn on the heating',1,0,'2014-02-19 18:00:16','2014-02-19 18:00:16');

/*!40000 ALTER TABLE `rules` ENABLE KEYS */;
UNLOCK TABLES;


# Dump of table rules_priority
# ------------------------------------------------------------

DROP TABLE IF EXISTS `rules_priority`;

CREATE TABLE `rules_priority` (
  `building_name` varchar(11) NOT NULL DEFAULT '0',
  `room_name` varchar(11) NOT NULL DEFAULT '0',
  `rule_id` int(11) NOT NULL DEFAULT '0',
  `rule_priority` int(11) DEFAULT NULL,
  PRIMARY KEY (`building_name`,`room_name`,`rule_id`)
) ENGINE=InnoDB DEFAULT CHARSET=latin1;

LOCK TABLES `rules_priority` WRITE;
/*!40000 ALTER TABLE `rules_priority` DISABLE KEYS */;

INSERT INTO `rules_priority` (`building_name`, `room_name`, `rule_id`, `rule_priority`)
VALUES
	('CSE','2107',1,50),
	('CSE','2107',2,50),
	('CSE','2109',3,50),
	('CSE','2109',4,50),
	('CSE','2112',6,50),
	('CSE','2144',5,50),
	('CSE','2230',7,50),
	('CSE','3113',9,50),
	('CSE','3208',8,50);

/*!40000 ALTER TABLE `rules_priority` ENABLE KEYS */;
UNLOCK TABLES;


# Dump of table sessions
# ------------------------------------------------------------

DROP TABLE IF EXISTS `sessions`;

CREATE TABLE `sessions` (
  `session_key` varchar(64) NOT NULL DEFAULT '',
  `user_uuid` int(11) DEFAULT NULL,
  `expire_timestamp` timestamp NULL DEFAULT NULL,
  PRIMARY KEY (`session_key`)
) ENGINE=InnoDB DEFAULT CHARSET=latin1;

LOCK TABLES `sessions` WRITE;
/*!40000 ALTER TABLE `sessions` DISABLE KEYS */;

INSERT INTO `sessions` (`session_key`, `user_uuid`, `expire_timestamp`)
VALUES
	('3YBU72-c87e4eba36b07d482a5631ff28d30823',2,'2014-02-14 15:28:27'),
	('JT3RQN-c7d9de0aa7eee98ba94872abf64568fb',2,'2014-02-14 15:28:26'),
	('NWVDLT-0d8f5d389b57973a109fb623f757b59c',2,'2014-02-14 15:09:22'),
	('WMDC27-6e81f95549e7f9855d973e73153f0d97',2,'2014-02-14 15:10:17');

/*!40000 ALTER TABLE `sessions` ENABLE KEYS */;
UNLOCK TABLES;


# Dump of table triggers
# ------------------------------------------------------------

DROP TABLE IF EXISTS `triggers`;

CREATE TABLE `triggers` (
  `id` int(11) unsigned NOT NULL AUTO_INCREMENT,
  `category` varchar(16) DEFAULT NULL,
  `trigger_name` varchar(24) DEFAULT NULL,
  `rule_antecedent` varchar(255) DEFAULT NULL,
  `description` longtext,
  PRIMARY KEY (`id`)
) ENGINE=InnoDB DEFAULT CHARSET=latin1;

LOCK TABLES `triggers` WRITE;
/*!40000 ALTER TABLE `triggers` DISABLE KEYS */;

INSERT INTO `triggers` (`id`, `category`, `trigger_name`, `rule_antecedent`, `description`)
VALUES
	(1,'OCCUPANCY','OCCUPANCY_TRUE','someone is in the room','check if someone is in the room'),
	(2,'OCCUPANCY','OCCUPANCY_FALSE','nobody is in the room','check if nobody is in the room'),
	(5,'EXT_TEMPERATURE','EXT_TEMPERATURE_RANGE','external temperature is between @val and @val','check temperature'),
	(8,'TIME','TIME_RANGE','time is between @val and @val','check time'),
	(9,'DATE','DATE_RANGE','the date is between @val and @val','check day'),
	(10,'WEATHER','SUNNY','it is sunny','check the weather'),
	(11,'WEATHER','RAINY','it is rainy','check the weather'),
	(12,'ROOM_TEMPERATURE','ROOM_TEMPERATURE_RANGE','room temperature is between @val and @val','check temperature'),
	(13,'WEATHER','CLOUDY','it is cloudy','check the weather'),
	(14,'DEFAULT_STATUS','NO_RULE','no rule specified','default rule'),
	(15,'DAY','TODAY','today is @val','rules for the current day');

/*!40000 ALTER TABLE `triggers` ENABLE KEYS */;
UNLOCK TABLES;


# Dump of table users
# ------------------------------------------------------------

DROP TABLE IF EXISTS `users`;

CREATE TABLE `users` (
  `uuid` int(11) unsigned NOT NULL AUTO_INCREMENT,
  `username` varchar(11) NOT NULL DEFAULT '',
  `email` varchar(64) DEFAULT NULL,
  `password` varchar(128) DEFAULT NULL,
  `person_name` varchar(24) DEFAULT NULL,
  `level` int(11) DEFAULT NULL,
  `registration_timestamp` timestamp NULL DEFAULT '2014-01-01 08:00:00',
  PRIMARY KEY (`uuid`)
) ENGINE=InnoDB DEFAULT CHARSET=latin1;

LOCK TABLES `users` WRITE;
/*!40000 ALTER TABLE `users` DISABLE KEYS */;

INSERT INTO `users` (`uuid`, `username`, `email`, `password`, `person_name`, `level`, `registration_timestamp`)
VALUES
	(1,'admin','energybox.buildingrules@gmail.com','brulesAdmin2014','Administrator',100,'2014-01-01 08:00:00'),
	(2,'alenacci','None','alenacci','alenacci',10,'2014-02-13 14:44:09'),
	(3,'user_2','--','verycomplexpasswordverycomplex-54--$$$-1-2-passwordverycomplexpassword','User2',10,'2014-01-01 08:00:00'),
	(4,'user_3','--','verycomplexpasswordverycomplex-54--$$$-1-2-passwordverycomplexpassword','User3',10,'2014-01-01 08:00:00'),
	(5,'user_4','--','verycomplexpasswordverycomplex-54--$$$-1-2-passwordverycomplexpassword','User4',10,'2014-01-01 08:00:00'),
	(6,'user_5','--','verycomplexpasswordverycomplex-54--$$$-1-2-passwordverycomplexpassword','User5',10,'2014-01-01 08:00:00'),
	(7,'user_6','--','verycomplexpasswordverycomplex-54--$$$-1-2-passwordverycomplexpassword','User6',10,'2014-01-01 08:00:00'),
	(8,'user_7','--','verycomplexpasswordverycomplex-54--$$$-1-2-passwordverycomplexpassword','User7',10,'2014-01-01 08:00:00'),
	(9,'user_8','--','verycomplexpasswordverycomplex-54--$$$-1-2-passwordverycomplexpassword','User8',10,'2014-01-01 08:00:00'),
	(10,'user_9','--','verycomplexpasswordverycomplex-54--$$$-1-2-passwordverycomplexpassword','User9',10,'2014-01-01 08:00:00'),
	(11,'user_10','--','verycomplexpasswordverycomplex-54--$$$-1-2-passwordverycomplexpassword','User10',10,'2014-01-01 08:00:00'),
	(12,'user_11','--','verycomplexpasswordverycomplex-54--$$$-1-2-passwordverycomplexpassword','User11',10,'2014-01-01 08:00:00'),
	(13,'user_12','--','verycomplexpasswordverycomplex-54--$$$-1-2-passwordverycomplexpassword','User12',10,'2014-01-01 08:00:00'),
	(14,'user_13','--','verycomplexpasswordverycomplex-54--$$$-1-2-passwordverycomplexpassword','User13',10,'2014-01-01 08:00:00'),
	(15,'user_14','--','verycomplexpasswordverycomplex-54--$$$-1-2-passwordverycomplexpassword','User14',10,'2014-01-01 08:00:00'),
	(16,'user_15','--','verycomplexpasswordverycomplex-54--$$$-1-2-passwordverycomplexpassword','User15',10,'2014-01-01 08:00:00'),
	(17,'user_16','--','verycomplexpasswordverycomplex-54--$$$-1-2-passwordverycomplexpassword','User16',10,'2014-01-01 08:00:00'),
	(18,'user_17','--','verycomplexpasswordverycomplex-54--$$$-1-2-passwordverycomplexpassword','User17',10,'2014-01-01 08:00:00'),
	(19,'user_18','--','verycomplexpasswordverycomplex-54--$$$-1-2-passwordverycomplexpassword','User18',10,'2014-01-01 08:00:00'),
	(20,'user_19','--','verycomplexpasswordverycomplex-54--$$$-1-2-passwordverycomplexpassword','User19',10,'2014-01-01 08:00:00'),
	(21,'user_20','--','verycomplexpasswordverycomplex-54--$$$-1-2-passwordverycomplexpassword','User20',10,'2014-01-01 08:00:00'),
	(22,'user_21','--','verycomplexpasswordverycomplex-54--$$$-1-2-passwordverycomplexpassword','User21',10,'2014-01-01 08:00:00'),
	(23,'user_22','--','verycomplexpasswordverycomplex-54--$$$-1-2-passwordverycomplexpassword','User22',10,'2014-01-01 08:00:00'),
	(24,'user_23','--','verycomplexpasswordverycomplex-54--$$$-1-2-passwordverycomplexpassword','User23',10,'2014-01-01 08:00:00'),
	(25,'user_24','--','verycomplexpasswordverycomplex-54--$$$-1-2-passwordverycomplexpassword','User24',10,'2014-01-01 08:00:00'),
	(26,'user_25','--','verycomplexpasswordverycomplex-54--$$$-1-2-passwordverycomplexpassword','User25',10,'2014-01-01 08:00:00'),
	(27,'user_26','--','verycomplexpasswordverycomplex-54--$$$-1-2-passwordverycomplexpassword','User26',10,'2014-01-01 08:00:00'),
	(28,'user_27','--','verycomplexpasswordverycomplex-54--$$$-1-2-passwordverycomplexpassword','User27',10,'2014-01-01 08:00:00'),
	(29,'user_28','--','verycomplexpasswordverycomplex-54--$$$-1-2-passwordverycomplexpassword','User28',10,'2014-01-01 08:00:00'),
	(30,'user_29','--','verycomplexpasswordverycomplex-54--$$$-1-2-passwordverycomplexpassword','User29',10,'2014-01-01 08:00:00'),
	(31,'user_30','--','verycomplexpasswordverycomplex-54--$$$-1-2-passwordverycomplexpassword','User30',10,'2014-01-01 08:00:00'),
	(32,'user_31','--','verycomplexpasswordverycomplex-54--$$$-1-2-passwordverycomplexpassword','User31',10,'2014-01-01 08:00:00'),
	(33,'user_32','--','verycomplexpasswordverycomplex-54--$$$-1-2-passwordverycomplexpassword','User32',10,'2014-01-01 08:00:00'),
	(34,'user_33','--','verycomplexpasswordverycomplex-54--$$$-1-2-passwordverycomplexpassword','User33',10,'2014-01-01 08:00:00'),
	(35,'user_34','--','verycomplexpasswordverycomplex-54--$$$-1-2-passwordverycomplexpassword','User34',10,'2014-01-01 08:00:00'),
	(36,'user_35','--','verycomplexpasswordverycomplex-54--$$$-1-2-passwordverycomplexpassword','User35',10,'2014-01-01 08:00:00'),
	(37,'user_36','--','verycomplexpasswordverycomplex-54--$$$-1-2-passwordverycomplexpassword','User36',10,'2014-01-01 08:00:00'),
	(38,'user_37','--','verycomplexpasswordverycomplex-54--$$$-1-2-passwordverycomplexpassword','User37',10,'2014-01-01 08:00:00'),
	(39,'user_38','--','verycomplexpasswordverycomplex-54--$$$-1-2-passwordverycomplexpassword','User38',10,'2014-01-01 08:00:00'),
	(40,'user_39','--','verycomplexpasswordverycomplex-54--$$$-1-2-passwordverycomplexpassword','User39',10,'2014-01-01 08:00:00'),
	(41,'user_40','--','verycomplexpasswordverycomplex-54--$$$-1-2-passwordverycomplexpassword','User40',10,'2014-01-01 08:00:00'),
	(42,'user_41','--','verycomplexpasswordverycomplex-54--$$$-1-2-passwordverycomplexpassword','User41',10,'2014-01-01 08:00:00'),
	(43,'user_42','--','verycomplexpasswordverycomplex-54--$$$-1-2-passwordverycomplexpassword','User42',10,'2014-01-01 08:00:00'),
	(44,'user_43','--','verycomplexpasswordverycomplex-54--$$$-1-2-passwordverycomplexpassword','User43',10,'2014-01-01 08:00:00'),
	(45,'user_44','--','verycomplexpasswordverycomplex-54--$$$-1-2-passwordverycomplexpassword','User44',10,'2014-01-01 08:00:00'),
	(46,'user_45','--','verycomplexpasswordverycomplex-54--$$$-1-2-passwordverycomplexpassword','User45',10,'2014-01-01 08:00:00'),
	(47,'user_46','--','verycomplexpasswordverycomplex-54--$$$-1-2-passwordverycomplexpassword','User46',10,'2014-01-01 08:00:00'),
	(48,'user_47','--','verycomplexpasswordverycomplex-54--$$$-1-2-passwordverycomplexpassword','User47',10,'2014-01-01 08:00:00'),
	(49,'user_48','--','verycomplexpasswordverycomplex-54--$$$-1-2-passwordverycomplexpassword','User48',10,'2014-01-01 08:00:00'),
	(50,'user_49','--','verycomplexpasswordverycomplex-54--$$$-1-2-passwordverycomplexpassword','User49',10,'2014-01-01 08:00:00'),
	(51,'user_50','--','verycomplexpasswordverycomplex-54--$$$-1-2-passwordverycomplexpassword','User50',10,'2014-01-01 08:00:00'),
	(52,'user_51','--','verycomplexpasswordverycomplex-54--$$$-1-2-passwordverycomplexpassword','User51',10,'2014-01-01 08:00:00'),
	(53,'user_52','--','verycomplexpasswordverycomplex-54--$$$-1-2-passwordverycomplexpassword','User52',10,'2014-01-01 08:00:00'),
	(54,'user_53','--','verycomplexpasswordverycomplex-54--$$$-1-2-passwordverycomplexpassword','User53',10,'2014-01-01 08:00:00'),
	(55,'user_54','--','verycomplexpasswordverycomplex-54--$$$-1-2-passwordverycomplexpassword','User54',10,'2014-01-01 08:00:00');

/*!40000 ALTER TABLE `users` ENABLE KEYS */;
UNLOCK TABLES;


# Dump of table users_rooms
# ------------------------------------------------------------

DROP TABLE IF EXISTS `users_rooms`;

CREATE TABLE `users_rooms` (
  `room_name` varchar(11) NOT NULL DEFAULT '',
  `building_name` varchar(11) NOT NULL DEFAULT '',
  `user_uuid` int(11) NOT NULL DEFAULT '0',
  PRIMARY KEY (`room_name`,`building_name`,`user_uuid`)
) ENGINE=InnoDB DEFAULT CHARSET=latin1;

LOCK TABLES `users_rooms` WRITE;
/*!40000 ALTER TABLE `users_rooms` DISABLE KEYS */;

INSERT INTO `users_rooms` (`room_name`, `building_name`, `user_uuid`)
VALUES
	('2107','CSE',1),
	('2107','CSE',2),
	('2107','CSE',3),
	('2107','CSE',4),
	('2107','CSE',5),
	('2107','CSE',6),
	('2107','CSE',7),
	('2107','CSE',8),
	('2107','CSE',9),
	('2107','CSE',10),
	('2107','CSE',11),
	('2107','CSE',12),
	('2107','CSE',13),
	('2107','CSE',14),
	('2107','CSE',15),
	('2107','CSE',16),
	('2107','CSE',17),
	('2107','CSE',18),
	('2107','CSE',19),
	('2107','CSE',20),
	('2107','CSE',21),
	('2107','CSE',22),
	('2107','CSE',23),
	('2107','CSE',24),
	('2107','CSE',25),
	('2107','CSE',26),
	('2107','CSE',27),
	('2107','CSE',28),
	('2107','CSE',29),
	('2107','CSE',30),
	('2107','CSE',31),
	('2107','CSE',32),
	('2107','CSE',33),
	('2107','CSE',34),
	('2107','CSE',35),
	('2107','CSE',36),
	('2107','CSE',37),
	('2107','CSE',38),
	('2107','CSE',39),
	('2107','CSE',40),
	('2107','CSE',41),
	('2107','CSE',42),
	('2107','CSE',43),
	('2107','CSE',44),
	('2107','CSE',45),
	('2107','CSE',46),
	('2107','CSE',47),
	('2107','CSE',48),
	('2107','CSE',49),
	('2107','CSE',50),
	('2107','CSE',51),
	('2107','CSE',52),
	('2107','CSE',53),
	('2107','CSE',54),
	('2107','CSE',55),
	('2108','CSE',1),
	('2108','CSE',52),
	('2109','CSE',1),
	('2109','CSE',2),
	('2109','CSE',3),
	('2109','CSE',4),
	('2109','CSE',5),
	('2109','CSE',6),
	('2109','CSE',7),
	('2109','CSE',8),
	('2109','CSE',9),
	('2109','CSE',10),
	('2109','CSE',11),
	('2109','CSE',12),
	('2109','CSE',13),
	('2109','CSE',14),
	('2109','CSE',15),
	('2109','CSE',16),
	('2109','CSE',17),
	('2109','CSE',18),
	('2109','CSE',19),
	('2109','CSE',20),
	('2109','CSE',21),
	('2109','CSE',22),
	('2109','CSE',23),
	('2109','CSE',24),
	('2109','CSE',25),
	('2109','CSE',26),
	('2109','CSE',27),
	('2109','CSE',28),
	('2109','CSE',29),
	('2109','CSE',30),
	('2109','CSE',31),
	('2109','CSE',32),
	('2109','CSE',33),
	('2109','CSE',34),
	('2109','CSE',35),
	('2109','CSE',36),
	('2109','CSE',37),
	('2109','CSE',38),
	('2109','CSE',39),
	('2109','CSE',40),
	('2109','CSE',41),
	('2109','CSE',42),
	('2109','CSE',43),
	('2109','CSE',44),
	('2109','CSE',45),
	('2109','CSE',46),
	('2109','CSE',47),
	('2109','CSE',48),
	('2109','CSE',49),
	('2109','CSE',50),
	('2109','CSE',51),
	('2109','CSE',52),
	('2109','CSE',53),
	('2109','CSE',54),
	('2109','CSE',55),
	('2111','CSE',1),
	('2111','CSE',53),
	('2111','CSE',54),
	('2111','CSE',55),
	('2112','CSE',1),
	('2112','CSE',2),
	('2112','CSE',3),
	('2112','CSE',4),
	('2112','CSE',5),
	('2112','CSE',6),
	('2116','CSE',1),
	('2116','CSE',7),
	('2116','CSE',8),
	('2116','CSE',9),
	('2118','CSE',1),
	('2118','CSE',10),
	('2122','CSE',1),
	('2122','CSE',17),
	('2122','CSE',18),
	('2122','CSE',19),
	('2122','CSE',20),
	('2122','CSE',21),
	('2122','CSE',22),
	('2122','CSE',23),
	('2126','CSE',1),
	('2126','CSE',24),
	('2128','CSE',1),
	('2128','CSE',25),
	('2128','CSE',26),
	('2128','CSE',27),
	('2128','CSE',28),
	('2128','CSE',29),
	('2128','CSE',30),
	('2128','CSE',31),
	('2128','CSE',32),
	('2128','CSE',33),
	('2132','CSE',1),
	('2132','CSE',34),
	('2132','CSE',35),
	('2132','CSE',36),
	('2134','CSE',1),
	('2134','CSE',37),
	('2134','CSE',38),
	('2134','CSE',39),
	('2136','CSE',1),
	('2136','CSE',41),
	('2136','CSE',42),
	('2136','CSE',43),
	('2138','CSE',1),
	('2138','CSE',44),
	('2138','CSE',45),
	('2138','CSE',46),
	('2138','CSE',47),
	('2138','CSE',48),
	('2138','CSE',49),
	('2138','CSE',50),
	('2140','CSE',1),
	('2140','CSE',2),
	('2140','CSE',3),
	('2140','CSE',4),
	('2140','CSE',5),
	('2140','CSE',6),
	('2140','CSE',7),
	('2140','CSE',8),
	('2140','CSE',9),
	('2140','CSE',10),
	('2140','CSE',17),
	('2140','CSE',18),
	('2140','CSE',19),
	('2140','CSE',20),
	('2140','CSE',21),
	('2140','CSE',22),
	('2140','CSE',23),
	('2140','CSE',24),
	('2140','CSE',25),
	('2140','CSE',26),
	('2140','CSE',27),
	('2140','CSE',28),
	('2140','CSE',29),
	('2140','CSE',30),
	('2140','CSE',31),
	('2140','CSE',32),
	('2140','CSE',33),
	('2140','CSE',52),
	('2140','CSE',53),
	('2140','CSE',54),
	('2140','CSE',55),
	('2144','CSE',1),
	('2144','CSE',2),
	('2144','CSE',3),
	('2144','CSE',4),
	('2144','CSE',5),
	('2144','CSE',6),
	('2144','CSE',7),
	('2144','CSE',8),
	('2144','CSE',9),
	('2144','CSE',10),
	('2144','CSE',11),
	('2144','CSE',12),
	('2144','CSE',13),
	('2144','CSE',14),
	('2144','CSE',15),
	('2144','CSE',16),
	('2144','CSE',17),
	('2144','CSE',18),
	('2144','CSE',19),
	('2144','CSE',20),
	('2144','CSE',21),
	('2144','CSE',22),
	('2144','CSE',23),
	('2144','CSE',24),
	('2144','CSE',25),
	('2144','CSE',26),
	('2144','CSE',27),
	('2144','CSE',28),
	('2144','CSE',29),
	('2144','CSE',30),
	('2144','CSE',31),
	('2144','CSE',32),
	('2144','CSE',33),
	('2144','CSE',34),
	('2144','CSE',35),
	('2144','CSE',36),
	('2144','CSE',37),
	('2144','CSE',38),
	('2144','CSE',39),
	('2144','CSE',40),
	('2144','CSE',41),
	('2144','CSE',42),
	('2144','CSE',43),
	('2144','CSE',44),
	('2144','CSE',45),
	('2144','CSE',46),
	('2144','CSE',47),
	('2144','CSE',48),
	('2144','CSE',49),
	('2144','CSE',50),
	('2144','CSE',51),
	('2144','CSE',52),
	('2144','CSE',53),
	('2144','CSE',54),
	('2144','CSE',55),
	('2154','CSE',1),
	('2154','CSE',11),
	('2154','CSE',12),
	('2154','CSE',13),
	('2154','CSE',14),
	('2154','CSE',15),
	('2154','CSE',16),
	('2154','CSE',34),
	('2154','CSE',35),
	('2154','CSE',36),
	('2154','CSE',37),
	('2154','CSE',38),
	('2154','CSE',39),
	('2154','CSE',40),
	('2154','CSE',41),
	('2154','CSE',42),
	('2154','CSE',43),
	('2154','CSE',44),
	('2154','CSE',45),
	('2154','CSE',46),
	('2154','CSE',47),
	('2154','CSE',48),
	('2154','CSE',49),
	('2154','CSE',50),
	('2154','CSE',51),
	('2203','CSE',1),
	('2203','CSE',51),
	('2215','CSE',1),
	('2215','CSE',11),
	('2215','CSE',12),
	('2215','CSE',13),
	('2215','CSE',14),
	('2215','CSE',15),
	('2217','CSE',1),
	('2217','CSE',16),
	('2230','CSE',1),
	('2230','CSE',2),
	('2230','CSE',3),
	('2230','CSE',4),
	('2230','CSE',5),
	('2230','CSE',6),
	('2230','CSE',7),
	('2230','CSE',8),
	('2230','CSE',9),
	('2230','CSE',10),
	('2230','CSE',11),
	('2230','CSE',12),
	('2230','CSE',13),
	('2230','CSE',14),
	('2230','CSE',15),
	('2230','CSE',16),
	('2230','CSE',17),
	('2230','CSE',18),
	('2230','CSE',19),
	('2230','CSE',20),
	('2230','CSE',21),
	('2230','CSE',22),
	('2230','CSE',23),
	('2230','CSE',24),
	('2230','CSE',25),
	('2230','CSE',26),
	('2230','CSE',27),
	('2230','CSE',28),
	('2230','CSE',29),
	('2230','CSE',30),
	('2230','CSE',31),
	('2230','CSE',32),
	('2230','CSE',33),
	('2230','CSE',34),
	('2230','CSE',35),
	('2230','CSE',36),
	('2230','CSE',37),
	('2230','CSE',38),
	('2230','CSE',39),
	('2230','CSE',40),
	('2230','CSE',41),
	('2230','CSE',42),
	('2230','CSE',43),
	('2230','CSE',44),
	('2230','CSE',45),
	('2230','CSE',46),
	('2230','CSE',47),
	('2230','CSE',48),
	('2230','CSE',49),
	('2230','CSE',50),
	('2230','CSE',51),
	('2230','CSE',52),
	('2230','CSE',53),
	('2230','CSE',54),
	('2230','CSE',55),
	('2231','CSE',1),
	('2231','CSE',40),
	('3113','CSE',1),
	('3113','CSE',2),
	('3113','CSE',3),
	('3113','CSE',4),
	('3113','CSE',5),
	('3113','CSE',6),
	('3113','CSE',24),
	('3113','CSE',44),
	('3113','CSE',45),
	('3113','CSE',46),
	('3113','CSE',47),
	('3113','CSE',48),
	('3113','CSE',49),
	('3113','CSE',50),
	('3208','CSE',1),
	('3208','CSE',2),
	('3208','CSE',3),
	('3208','CSE',4),
	('3208','CSE',5),
	('3208','CSE',6),
	('3208','CSE',7),
	('3208','CSE',8),
	('3208','CSE',9),
	('3208','CSE',10),
	('3208','CSE',11),
	('3208','CSE',12),
	('3208','CSE',13),
	('3208','CSE',14),
	('3208','CSE',15),
	('3208','CSE',16),
	('3208','CSE',17),
	('3208','CSE',18),
	('3208','CSE',19),
	('3208','CSE',20),
	('3208','CSE',21),
	('3208','CSE',22),
	('3208','CSE',23),
	('3208','CSE',24),
	('3208','CSE',25),
	('3208','CSE',26),
	('3208','CSE',27),
	('3208','CSE',28),
	('3208','CSE',29),
	('3208','CSE',30),
	('3208','CSE',31),
	('3208','CSE',32),
	('3208','CSE',33),
	('3208','CSE',34),
	('3208','CSE',35),
	('3208','CSE',36),
	('3208','CSE',37),
	('3208','CSE',38),
	('3208','CSE',39),
	('3208','CSE',40),
	('3208','CSE',41),
	('3208','CSE',42),
	('3208','CSE',43),
	('3208','CSE',44),
	('3208','CSE',45),
	('3208','CSE',46),
	('3208','CSE',47),
	('3208','CSE',48),
	('3208','CSE',49),
	('3208','CSE',50),
	('3208','CSE',51),
	('3208','CSE',52),
	('3208','CSE',53),
	('3208','CSE',54),
	('3208','CSE',55);

/*!40000 ALTER TABLE `users_rooms` ENABLE KEYS */;
UNLOCK TABLES;



/*!40111 SET SQL_NOTES=@OLD_SQL_NOTES */;
/*!40101 SET SQL_MODE=@OLD_SQL_MODE */;
/*!40014 SET FOREIGN_KEY_CHECKS=@OLD_FOREIGN_KEY_CHECKS */;
/*!40101 SET CHARACTER_SET_CLIENT=@OLD_CHARACTER_SET_CLIENT */;
/*!40101 SET CHARACTER_SET_RESULTS=@OLD_CHARACTER_SET_RESULTS */;
/*!40101 SET COLLATION_CONNECTION=@OLD_COLLATION_CONNECTION */;
