# ************************************************************
# Sequel Pro SQL dump
# Version 4096
#
# http://www.sequelpro.com/
# http://code.google.com/p/sequel-pro/
#
# Host: 127.0.0.1 (MySQL 5.5.34-0ubuntu0.12.04.1)
# Database: building_rules
# Generation Time: 2014-02-15 19:37:13 +0000
# ************************************************************


/*!40101 SET @OLD_CHARACTER_SET_CLIENT=@@CHARACTER_SET_CLIENT */;
/*!40101 SET @OLD_CHARACTER_SET_RESULTS=@@CHARACTER_SET_RESULTS */;
/*!40101 SET @OLD_COLLATION_CONNECTION=@@COLLATION_CONNECTION */;
/*!40101 SET NAMES utf8 */;
/*!40014 SET @OLD_FOREIGN_KEY_CHECKS=@@FOREIGN_KEY_CHECKS, FOREIGN_KEY_CHECKS=0 */;
/*!40101 SET @OLD_SQL_MODE=@@SQL_MODE, SQL_MODE='NO_AUTO_VALUE_ON_ZERO' */;
/*!40111 SET @OLD_SQL_NOTES=@@SQL_NOTES, SQL_NOTES=0 */;


# Dump of table actions
# ------------------------------------------------------------

DROP TABLE IF EXISTS `actions`;

CREATE TABLE `actions` (
  `id` int(11) unsigned NOT NULL AUTO_INCREMENT,
  `category` varchar(11) DEFAULT NULL,
  `action_name` varchar(24) DEFAULT NULL,
  `rule_consequent` varchar(255) DEFAULT NULL,
  `description` longtext,
  PRIMARY KEY (`id`)
) ENGINE=InnoDB DEFAULT CHARSET=latin1;

LOCK TABLES `actions` WRITE;
/*!40000 ALTER TABLE `actions` DISABLE KEYS */;

INSERT INTO `actions` (`id`, `category`, `action_name`, `rule_consequent`, `description`)
VALUES
	(1,'LIGHT','LIGHT_ON','turn on the room light','turn on the room light'),
	(2,'LIGHT','LIGHT_OFF','turn off the room light','turn off the room light'),
	(3,'WINDOWS','WINDOWS_OPEN','open the windows','open the windows'),
	(4,'WINDOWS','WINDOWS_CLOSE','close the windows','close the windows'),
	(5,'HVAC','HVAC_ON','turn heating, ventilation and air conditioning on','turn heating, ventilation and air conditioning on'),
	(6,'HVAC','HVAC_OFF','turn heating, ventilation and air conditioning off','turn heating, ventilation and air conditioning off'),
	(7,'HVAC_TEMP','SET_TEMPERATURE','set temperature between @val and @val','set temperature'),
	(8,'HVAC_HUM','SET_HUMIDITY','set humidity between @val and @val','set humidity'),
	(9,'APPLIANCES','COFFEE_ON','turn on the coffee machine','turn on the coffee machine'),
	(10,'APPLIANCES','COFFEE_OFF','turn off the coffee machine','turn off the coffee machine'),
	(11,'APPLIANCES','PRINTER_ON','turn on the printer','turn on the printer'),
	(12,'APPLIANCES','PRINTER_OFF','turn off the printer','turn off the printer'),
	(13,'APPLIANCES','COMPUTER_ON','wake up my computer','wake up my computer'),
	(14,'APPLIANCES','COMPUTER_OFF','put to sleep my computer','put to sleep my computer'),
	(15,'APPLIANCES','DESKLIGHT_ON','turn on my desk light','turn on my desk light'),
	(16,'APPLIANCES','DESKLIGHT_OFF','turn off my desk light','turn off my desk light'),
	(17,'APPLIANCES','DISPLAYMONITOR_ON','turn on display monitors','turn on display monitors'),
	(18,'APPLIANCES','DISPLAYMONITOR_OFF','turn off display monitors','turn off display monitors'),
	(19,'MESSAGES','SEND_COMPLAIN','send complain to building manger','send complain to building manger'),
	(20,'CURTAINS','CURTAINS_OPEN','open the curtains','open the curtains'),
	(21,'CURTAINS','CURTAINS_CLOSE','close the curtains','close the curtains');

/*!40000 ALTER TABLE `actions` ENABLE KEYS */;
UNLOCK TABLES;


# Dump of table active_rules
# ------------------------------------------------------------

DROP TABLE IF EXISTS `active_rules`;

CREATE TABLE `active_rules` (
  `building_name` varchar(11) DEFAULT NULL,
  `room_name` varchar(11) DEFAULT NULL,
  `rule_id` int(11) DEFAULT NULL
) ENGINE=InnoDB DEFAULT CHARSET=latin1;



# Dump of table buildings
# ------------------------------------------------------------

DROP TABLE IF EXISTS `buildings`;

CREATE TABLE `buildings` (
  `building_name` varchar(11) NOT NULL DEFAULT '',
  `label` varchar(11) DEFAULT NULL,
  `description` longtext,
  PRIMARY KEY (`building_name`)
) ENGINE=InnoDB DEFAULT CHARSET=latin1;

LOCK TABLES `buildings` WRITE;
/*!40000 ALTER TABLE `buildings` DISABLE KEYS */;

INSERT INTO `buildings` (`building_name`, `label`, `description`)
VALUES
	('CSE','CSE','Computer Science Eng');

/*!40000 ALTER TABLE `buildings` ENABLE KEYS */;
UNLOCK TABLES;


# Dump of table feedbacks
# ------------------------------------------------------------

DROP TABLE IF EXISTS `feedbacks`;

CREATE TABLE `feedbacks` (
  `id` int(11) unsigned NOT NULL AUTO_INCREMENT,
  `author_uuid` int(11) DEFAULT NULL,
  `alternative_contact` varchar(64) DEFAULT NULL,
  `score` int(11) DEFAULT NULL,
  `message` longtext,
  `feedback_timestamp` timestamp NULL DEFAULT NULL,
  PRIMARY KEY (`id`)
) ENGINE=InnoDB DEFAULT CHARSET=latin1;



# Dump of table groups
# ------------------------------------------------------------

DROP TABLE IF EXISTS `groups`;

CREATE TABLE `groups` (
  `id` int(11) unsigned NOT NULL AUTO_INCREMENT,
  `building_name` varchar(11) NOT NULL DEFAULT '',
  `description` longtext,
  `cross_rooms_validation` int(11) DEFAULT NULL,
  `cross_rooms_validation_categories` varchar(1024) DEFAULT '',
  PRIMARY KEY (`id`,`building_name`)
) ENGINE=InnoDB DEFAULT CHARSET=latin1;

LOCK TABLES `groups` WRITE;
/*!40000 ALTER TABLE `groups` DISABLE KEYS */;

INSERT INTO `groups` (`id`, `building_name`, `description`, `cross_rooms_validation`, `cross_rooms_validation_categories`)
VALUES
	(1,'CSE','Administrator Group',0,'[]'),
	(2,'CSE','Room Group A',0,'[]'),
	(3,'CSE','Room Group B',0,'[]'),
	(4,'CSE','Thermal Zone 1',1,'[\"HEATING\"]'),
	(5,'CSE','Thermal Zone 2',1,'[\"HEATING\"]'),
	(6,'CSE','Thermal Zone 3',1,'[\"HEATING\"]'),
	(7,'CSE','Thermal Zone 4',1,'[\"HEATING\"]'),
	(8,'CSE','Thermal Zone 5',1,'[\"HEATING\"]'),
	(9,'CSE','Thermal Zone 6',1,'[\"HEATING\"]'),
	(10,'CSE','Thermal Zone 7',1,'[\"HEATING\"]');

/*!40000 ALTER TABLE `groups` ENABLE KEYS */;
UNLOCK TABLES;


# Dump of table logs
# ------------------------------------------------------------

DROP TABLE IF EXISTS `logs`;

CREATE TABLE `logs` (
  `id` int(11) unsigned NOT NULL AUTO_INCREMENT,
  `logTimestamp` timestamp NULL DEFAULT NULL,
  `logMessage` longtext,
  PRIMARY KEY (`id`)
) ENGINE=InnoDB DEFAULT CHARSET=latin1;

LOCK TABLES `logs` WRITE;
/*!40000 ALTER TABLE `logs` DISABLE KEYS */;

INSERT INTO `logs` (`id`, `logTimestamp`, `logMessage`)
VALUES
	(1,'2014-02-15 11:05:58','Starting the actuation process...'),
	(2,'2014-02-15 11:05:58','Working on building \"CSE\"...'),
	(3,'2014-02-15 11:05:58','Nothing to do...'),
	(4,'2014-02-15 11:05:58','The actuation process is ended.'),
	(5,'2014-02-15 11:05:58','Updating weather informations...'),
	(6,'2014-02-15 11:15:58','Starting the actuation process...'),
	(7,'2014-02-15 11:15:58','Working on building \"CSE\"...'),
	(8,'2014-02-15 11:15:58','Nothing to do...'),
	(9,'2014-02-15 11:15:58','The actuation process is ended.'),
	(10,'2014-02-15 11:15:59','Updating weather informations...'),
	(11,'2014-02-15 11:25:58','Starting the actuation process...'),
	(12,'2014-02-15 11:25:58','Working on building \"CSE\"...'),
	(13,'2014-02-15 11:25:58','Nothing to do...'),
	(14,'2014-02-15 11:25:58','The actuation process is ended.'),
	(15,'2014-02-15 11:25:59','Updating weather informations...'),
	(16,'2014-02-15 11:35:58','Starting the actuation process...'),
	(17,'2014-02-15 11:35:58','Working on building \"CSE\"...'),
	(18,'2014-02-15 11:35:58','Nothing to do...'),
	(19,'2014-02-15 11:35:58','The actuation process is ended.'),
	(20,'2014-02-15 11:35:59','Updating weather informations...');

/*!40000 ALTER TABLE `logs` ENABLE KEYS */;
UNLOCK TABLES;


# Dump of table mturk
# ------------------------------------------------------------

DROP TABLE IF EXISTS `mturk`;

CREATE TABLE `mturk` (
  `id` int(11) unsigned NOT NULL AUTO_INCREMENT,
  `day` int(11) DEFAULT NULL,
  `user_uuid` int(11) DEFAULT NULL,
  `token` varchar(64) DEFAULT NULL,
  PRIMARY KEY (`id`)
) ENGINE=InnoDB DEFAULT CHARSET=latin1;

LOCK TABLES `mturk` WRITE;
/*!40000 ALTER TABLE `mturk` DISABLE KEYS */;

INSERT INTO `mturk` (`id`, `day`, `user_uuid`, `token`)
VALUES
	(1,0,1,'1-0-ZJVQ0EXEFC5Q9YOQ'),
	(2,1,1,'1-1-K5286LVY07A1P2OV'),
	(3,2,1,'1-2-AQNNLKQED7G03JDN'),
	(4,3,1,'1-3-C0P9OOR007V31A6X'),
	(5,4,1,'1-4-OGG147CPBMG4DN42'),
	(6,5,1,'1-5-M4AYYCXZXKV81C3L'),
	(7,6,1,'1-6-EDPIVXWG3UJOER4G'),
	(8,7,1,'1-7-3CPALZQ1KKGH1KEP'),
	(9,0,2,'2-0-5PPL78OOPTK05XSA'),
	(10,1,2,'2-1-5LR7XSK8Z4I3KXSP'),
	(11,2,2,'2-2-OE95EQ1DXOB3F3CF'),
	(12,3,2,'2-3-30EKN4S1OM4G9UZ2'),
	(13,4,2,'2-4-EBRNZ610CFPRCYOM'),
	(14,5,2,'2-5-V5CHC2T1CT59CCXZ'),
	(15,6,2,'2-6-TIKHK0EEJJIRY51D'),
	(16,7,2,'2-7-CGRCWAWGXGZH2DEZ'),
	(17,0,3,'3-0-X0N3DNEDKP55CIA4'),
	(18,1,3,'3-1-J857B6DOJW3EOE2G'),
	(19,2,3,'3-2-IDY3J74JSY18DCX0'),
	(20,3,3,'3-3-RM87ZGZBGRB8RS22'),
	(21,4,3,'3-4-47OK822YCH4JQ1GA'),
	(22,5,3,'3-5-BSF8HBN41VNBM3EK'),
	(23,6,3,'3-6-XGTCZD02I6EU85MS'),
	(24,7,3,'3-7-7DWVQ6TIG85N4O51'),
	(25,0,4,'4-0-AWBK3INI1Z5P51KS'),
	(26,1,4,'4-1-4NAF82VF4J7IM8GX'),
	(27,2,4,'4-2-IOHISODL5VESKNJA'),
	(28,3,4,'4-3-MYZTKDOW8Q1Y743S'),
	(29,4,4,'4-4-5L9E5WT6L46X75MX'),
	(30,5,4,'4-5-LWCKULF24G83YF5M'),
	(31,6,4,'4-6-PX1RG3H2XVELR7SM'),
	(32,7,4,'4-7-C5Z2ER89DUMVTDBT'),
	(33,0,5,'5-0-70J9Q2TUSFLLL30P'),
	(34,1,5,'5-1-N50B8LCW5G5A4LUX'),
	(35,2,5,'5-2-EZ4G8UC818UQ1TMY'),
	(36,3,5,'5-3-3OYOV9LYZ8O3UJ2L'),
	(37,4,5,'5-4-R3E71ZB20SJ5ORW8'),
	(38,5,5,'5-5-FGGAEL7BQDGLFF8T'),
	(39,6,5,'5-6-HC1TADUNNOMO6C4X'),
	(40,7,5,'5-7-2PGNLR6PRKLVLFF8'),
	(41,0,6,'6-0-OOWUPGK4PQU71163'),
	(42,1,6,'6-1-0TMTZMWR1WIJMYHS'),
	(43,2,6,'6-2-3MRTCI5U6GE61Q5K'),
	(44,3,6,'6-3-SZOP7IW5IMEWB19M'),
	(45,4,6,'6-4-WFTQB9ASSLX3AVFJ'),
	(46,5,6,'6-5-SJ7ERMSXZ9ZWZCV8'),
	(47,6,6,'6-6-2CRYUEWI25C9CWLP'),
	(48,7,6,'6-7-RJX50NN758D8M9Q9'),
	(49,0,7,'7-0-VUSO1WRVHDBSP65A'),
	(50,1,7,'7-1-2A3H4DLSG5O0H3BS'),
	(51,2,7,'7-2-SY23SLYBETO6WXVP'),
	(52,3,7,'7-3-SS4QN8MXMSPUL9DP'),
	(53,4,7,'7-4-15KBIA1UP2IFTTOO'),
	(54,5,7,'7-5-4OCHRVF7PW1N389X'),
	(55,6,7,'7-6-YXAGFSBQTN2OC6C9'),
	(56,7,7,'7-7-FVVZJJR433YLXOZL'),
	(57,0,8,'8-0-AGZNRLVVHN4FZE15'),
	(58,1,8,'8-1-4WA6ZQ5Z2PTYTEJJ'),
	(59,2,8,'8-2-I0FV880LM9552XXB'),
	(60,3,8,'8-3-LQ5PHQXSXYF6WWSD'),
	(61,4,8,'8-4-MUC50LSRKUKAUI8Q'),
	(62,5,8,'8-5-3M54591CBTP2LYWK'),
	(63,6,8,'8-6-SOF418H4ZG0JAVQA'),
	(64,7,8,'8-7-03MS9MNB9LJ0IDIP'),
	(65,0,9,'9-0-3MSCCPPNATUV5CNW'),
	(66,1,9,'9-1-3O6BTEHFK9HA420U'),
	(67,2,9,'9-2-HXEGJN2F3PEEDORX'),
	(68,3,9,'9-3-4CJX2ME9ZC66MYPG'),
	(69,4,9,'9-4-WY0NOYCY4TY95TMN'),
	(70,5,9,'9-5-XOBUGILCQDEVFRGY'),
	(71,6,9,'9-6-4PAHNITTDEX9WO8C'),
	(72,7,9,'9-7-WI3GA5DGEWGIRFVO'),
	(73,0,10,'10-0-JRJFOUK74HHZ0VUN'),
	(74,1,10,'10-1-U291YG3V0PCTJBXU'),
	(75,2,10,'10-2-QI6QG30ETYI7NY3E'),
	(76,3,10,'10-3-U49DTKSI8ET6TIVJ'),
	(77,4,10,'10-4-2FKYI3QEW3U6039B'),
	(78,5,10,'10-5-516R3XUWDSPD53W5'),
	(79,6,10,'10-6-7VN8OIEO2I0I46K7'),
	(80,7,10,'10-7-IM5OFPQC9JNOTWVQ'),
	(81,0,11,'11-0-Z2NYH5DZEQW1N6OW'),
	(82,1,11,'11-1-GOWJIGELAIY8QRRS'),
	(83,2,11,'11-2-97PCOPT69GCZ7HLJ'),
	(84,3,11,'11-3-7EGLIUJLT8TXFYSH'),
	(85,4,11,'11-4-H9RISMCRIUGJSKE6'),
	(86,5,11,'11-5-0RWCEPX6YMQQJ3OD'),
	(87,6,11,'11-6-KL8NTPNJYSH0EJ0H'),
	(88,7,11,'11-7-UVONJNOCUSAKQBGR'),
	(89,0,12,'12-0-CTKCMJQCIYRHPAOS'),
	(90,1,12,'12-1-MT9T165PDSQCWXKZ'),
	(91,2,12,'12-2-4P2TGGWHNIGHGTPR'),
	(92,3,12,'12-3-V14GDHK429TVARON'),
	(93,4,12,'12-4-FRHZY2A4EOZYTJM8'),
	(94,5,12,'12-5-ACI7GBBH1IL5ZKO3'),
	(95,6,12,'12-6-FNM7NI4WLSNVA419'),
	(96,7,12,'12-7-0S1DA5F8PNCPL9YV'),
	(97,0,13,'13-0-BQXA7F8RKJIIZLLU'),
	(98,1,13,'13-1-9LWS6FMWPHBPHKE5'),
	(99,2,13,'13-2-Q8AJIHXI8B1XR6VN'),
	(100,3,13,'13-3-WOWQZ8UNXPDDD9F9'),
	(101,4,13,'13-4-5XO5LI5RZNLEOIDB'),
	(102,5,13,'13-5-ZM0IDN3Z8AYPVYTX'),
	(103,6,13,'13-6-F8O30YIM8J17RZFG'),
	(104,7,13,'13-7-GG0F3GTF0JZA78Q3'),
	(105,0,14,'14-0-BSYESLRIKH8K3315'),
	(106,1,14,'14-1-TNV1711L046H3JJ5'),
	(107,2,14,'14-2-RPR308203QO3QF6X'),
	(108,3,14,'14-3-DRU1NHL2FG10ILSP'),
	(109,4,14,'14-4-2MBZIEZABOO0EXYT'),
	(110,5,14,'14-5-QNEX3YWDERCEC3NB'),
	(111,6,14,'14-6-GHIQ43FOL0ZXLV4S'),
	(112,7,14,'14-7-7S619E1CNFKSUOH1'),
	(113,0,15,'15-0-JFF67T554XKMHABV'),
	(114,1,15,'15-1-VW7JIC5V3JL9DY37'),
	(115,2,15,'15-2-UF32FPX777TMJ69K'),
	(116,3,15,'15-3-U2OFKLH3127QK5AE'),
	(117,4,15,'15-4-WSDMP71883MW8ND6'),
	(118,5,15,'15-5-O51VGOCMJUA9L641'),
	(119,6,15,'15-6-AZX29ZLV3ZSGAXP7'),
	(120,7,15,'15-7-PCOZ7TL1N6H2QRH0'),
	(121,0,16,'16-0-WFKCEQE73U2RKMPB'),
	(122,1,16,'16-1-5SETAQCZ184PBHI9'),
	(123,2,16,'16-2-20I4HGQLRVX307KO'),
	(124,3,16,'16-3-9M2ELDOQIXVQCVX9'),
	(125,4,16,'16-4-V02YCZPS7ZW4T9RH'),
	(126,5,16,'16-5-50V945TOC0016RWN'),
	(127,6,16,'16-6-CTVARUAY6W3SD4WW'),
	(128,7,16,'16-7-U8Y3TAZ5GJEOPWJO'),
	(129,0,17,'17-0-UZDVG1CQA7CG9N3X'),
	(130,1,17,'17-1-2S6ET7UM04QF5FKA'),
	(131,2,17,'17-2-DZDAOP8A8A2KFVLQ'),
	(132,3,17,'17-3-2LHWLSHFNCXA1YAW'),
	(133,4,17,'17-4-QYV53VFEMVUHZ91J'),
	(134,5,17,'17-5-JJHQVGP9V8VD2MWZ'),
	(135,6,17,'17-6-7ICUI0IK1S6FVXEQ'),
	(136,7,17,'17-7-A40BQG1VHBPMXYKP'),
	(137,0,18,'18-0-X99855DG6BXBUBF9'),
	(138,1,18,'18-1-AXEPA7TW59KUUX87'),
	(139,2,18,'18-2-G0MFLPIVGW175G42'),
	(140,3,18,'18-3-7L50V5WY4JGSF6XT'),
	(141,4,18,'18-4-1EIRQXWLPUF4OWIS'),
	(142,5,18,'18-5-5R9WRVTDINZKEWEN'),
	(143,6,18,'18-6-0JOOGDC7D14Y4SJZ'),
	(144,7,18,'18-7-AHDABGU518ATMP4G'),
	(145,0,19,'19-0-BGCW2DQP1I61UWD8'),
	(146,1,19,'19-1-FT6VEVEWUBUYI4AB'),
	(147,2,19,'19-2-Y2AGNAP1BQKL1Q96'),
	(148,3,19,'19-3-154ZCHBWOO2XZQKF'),
	(149,4,19,'19-4-I1MQ0TOFA3GAOUW8'),
	(150,5,19,'19-5-2J4SAJ7JZ1ID5P4K'),
	(151,6,19,'19-6-BOIVET0L5280A80R'),
	(152,7,19,'19-7-XLOTCO29UIKVV7X0'),
	(153,0,20,'20-0-CJ7SH4PJ85YG7J43'),
	(154,1,20,'20-1-03AHYBRHM4LNI4NL'),
	(155,2,20,'20-2-8LMRV47KIUM0ST2I'),
	(156,3,20,'20-3-WBSGXJAG4DRSZN4J'),
	(157,4,20,'20-4-S3D5AJ3YEZVI79ZW'),
	(158,5,20,'20-5-UFQ7718TEHIX7BPG'),
	(159,6,20,'20-6-ZHPKA6Z6N6JXPF26'),
	(160,7,20,'20-7-WCPU238AQF3Q25D0'),
	(161,0,21,'21-0-XJA32TYMKJT0CAFD'),
	(162,1,21,'21-1-NSSPPYVWQOBWAJ23'),
	(163,2,21,'21-2-SUWUKDOOLW9QUCHB'),
	(164,3,21,'21-3-0UIIVSDPZWFHPGFE'),
	(165,4,21,'21-4-MWZ2LXB72IX8Y8QD'),
	(166,5,21,'21-5-DMBN916QNVVFT1PR'),
	(167,6,21,'21-6-2W3TH82T6QFBI8TN'),
	(168,7,21,'21-7-INQAFJGLV1MEWNVQ'),
	(169,0,22,'22-0-KQPPKV2V89Z4YZTW'),
	(170,1,22,'22-1-Q91950DLAL7FVKEQ'),
	(171,2,22,'22-2-5JY4LE0JWC3ED1IA'),
	(172,3,22,'22-3-80KFOMP6YFKQS0O5'),
	(173,4,22,'22-4-VEOI0O688RPEQV5L'),
	(174,5,22,'22-5-HUK5VOY8D98SZBTR'),
	(175,6,22,'22-6-UVVVIUSDBGF2YRIP'),
	(176,7,22,'22-7-2HIR7XYICF83B17J'),
	(177,0,23,'23-0-2VA9QROD65RB28XC'),
	(178,1,23,'23-1-64GT9O46OMRWZZRI'),
	(179,2,23,'23-2-98KTVKE0RU9MXW7D'),
	(180,3,23,'23-3-AUAYS47DF6W1XT3L'),
	(181,4,23,'23-4-2E7RJH8C3UWNTPPB'),
	(182,5,23,'23-5-C27CYQYPMTHBIT41'),
	(183,6,23,'23-6-JEHG9T1QF29A309U'),
	(184,7,23,'23-7-DFKYDYC3AUM20WDJ'),
	(185,0,24,'24-0-2G8PDLDYTW880E8R'),
	(186,1,24,'24-1-A2Q76HZKWJGDAUVJ'),
	(187,2,24,'24-2-KMAAFKM2R50WZV49'),
	(188,3,24,'24-3-29SWSI370QQYPLIT'),
	(189,4,24,'24-4-HUT9VD3EKXZHN4B0'),
	(190,5,24,'24-5-1BQLBFYUOJLXDGXP'),
	(191,6,24,'24-6-T3V96AKJO2IW5GXH'),
	(192,7,24,'24-7-HDGWMVPOJW74MDSP'),
	(193,0,25,'25-0-KK96NDVMZ0QKDXFC'),
	(194,1,25,'25-1-06F4X6AOY801AMKH'),
	(195,2,25,'25-2-NX6241J8VOAIMQRI'),
	(196,3,25,'25-3-T6V7B31VYFKIW6M1'),
	(197,4,25,'25-4-RKVFNE37KGAU4QJ3'),
	(198,5,25,'25-5-EHZM5ZXKE64MWO4F'),
	(199,6,25,'25-6-FHEZKVYSUOAMTQUJ'),
	(200,7,25,'25-7-HHQ2DNLBZ56XUZET'),
	(201,0,26,'26-0-3JMBQLP1A77B4GRG'),
	(202,1,26,'26-1-P1DW16NUP6ECKQSL'),
	(203,2,26,'26-2-KB4GFJK2VJCKHX17'),
	(204,3,26,'26-3-O73V39TPM5MMR6PI'),
	(205,4,26,'26-4-XKXL8FPMFKKYYNGH'),
	(206,5,26,'26-5-QUKS7YXA4MMYTHER'),
	(207,6,26,'26-6-BTP99IRX39GO1SW8'),
	(208,7,26,'26-7-XL44BAO1R2WHGBMN'),
	(209,0,27,'27-0-5E8IPVVLO3JFGNGQ'),
	(210,1,27,'27-1-4H4WMEZ3YZ3VFVQK'),
	(211,2,27,'27-2-JPC2KZZ89WN3UB15'),
	(212,3,27,'27-3-0JV4XECK07URHAEZ'),
	(213,4,27,'27-4-O6Z1LACA9R44QPIK'),
	(214,5,27,'27-5-S5R7DM7BK7VOGDGI'),
	(215,6,27,'27-6-E4MNFSA9PJMJ5LDM'),
	(216,7,27,'27-7-O404NHEO4D1MOOSG'),
	(217,0,28,'28-0-JBOYZED4QGM1S1VK'),
	(218,1,28,'28-1-YLP1EHVGC77BVHCT'),
	(219,2,28,'28-2-W9XRZHO461VFZJM9'),
	(220,3,28,'28-3-OA6XCZS7IV4L6BA5'),
	(221,4,28,'28-4-X2MGP1EOWXPLK92T'),
	(222,5,28,'28-5-IABNAHOJV7WUTI3I'),
	(223,6,28,'28-6-XEPJ2DIKLN80H03X'),
	(224,7,28,'28-7-DLI1L5U877MA5IA0'),
	(225,0,29,'29-0-6RN4OXDLV24QHNBC'),
	(226,1,29,'29-1-NAQLMRC0Z58XZAH9'),
	(227,2,29,'29-2-CA5TDMZAAJIIMWZ5'),
	(228,3,29,'29-3-H8MWUTRJ9SNUJ428'),
	(229,4,29,'29-4-WTYLV3W936BCL0Z6'),
	(230,5,29,'29-5-C0C19DIO7VKIUTRR'),
	(231,6,29,'29-6-CJ6KTNXY01SR50NK'),
	(232,7,29,'29-7-0RAH12VNBHUR8RAT'),
	(233,0,30,'30-0-86SZFGBOCSLNXXAB'),
	(234,1,30,'30-1-RG83LN7UTCPW26KK'),
	(235,2,30,'30-2-9OMNDKS0Q4TXY7ON'),
	(236,3,30,'30-3-MOE7OOXH6GWUX6QU'),
	(237,4,30,'30-4-ALUB2Y5E7060DO55'),
	(238,5,30,'30-5-LLOLYWAAD2121VN6'),
	(239,6,30,'30-6-5ZL4S6TKMNF6C94K'),
	(240,7,30,'30-7-06Q7IZOIFH5YFM08'),
	(241,0,31,'31-0-SOQ0DIB0V9V29CNR'),
	(242,1,31,'31-1-GL4Y78NI7NOAYNGN'),
	(243,2,31,'31-2-8HI3SX8Z92CIZ2EN'),
	(244,3,31,'31-3-ZQEFJ9PYQF0XP4PK'),
	(245,4,31,'31-4-YOE958MAT8AB75PV'),
	(246,5,31,'31-5-T6UIKLODSOMGEPXK'),
	(247,6,31,'31-6-DILMKXRVEN2YPOEL'),
	(248,7,31,'31-7-B3XRDHT68VVYSTYL'),
	(249,0,32,'32-0-WF28YUJ204WTPF1G'),
	(250,1,32,'32-1-O7RYF99FQTBET0NB'),
	(251,2,32,'32-2-WTB3FYGV0X7CMMSK'),
	(252,3,32,'32-3-Z2L6JNZKQNAXQZQL'),
	(253,4,32,'32-4-EHCYERWUBNT46J2A'),
	(254,5,32,'32-5-YGWZ2RP59SJ9CC7O'),
	(255,6,32,'32-6-P9LI7NIEUIVDIZXD'),
	(256,7,32,'32-7-315I1KSOKTWGTXJI'),
	(257,0,33,'33-0-YWUAM2XQVULA6SMH'),
	(258,1,33,'33-1-NZ6WGCNZYVLM8A7I'),
	(259,2,33,'33-2-VCTKZIGYH3BZRION'),
	(260,3,33,'33-3-33RJVIZK4JKN2IH2'),
	(261,4,33,'33-4-P4N1HFZ71RJFU1RR'),
	(262,5,33,'33-5-45FJVNG7NRL6C9AC'),
	(263,6,33,'33-6-RH44C1IU82EI9OEI'),
	(264,7,33,'33-7-LOL3DH77PERJPVK3'),
	(265,0,34,'34-0-YV6WWRQJA52BAU8O'),
	(266,1,34,'34-1-HJGS68NIQO69AEL1'),
	(267,2,34,'34-2-ISAUI0BT656IO40M'),
	(268,3,34,'34-3-64V8LCS3EKP0HDYJ'),
	(269,4,34,'34-4-WBV9EFA80Y6C1YNW'),
	(270,5,34,'34-5-XTEDWGRGQK3VFY5U'),
	(271,6,34,'34-6-JFNI9UGCSDP92VJQ'),
	(272,7,34,'34-7-YW06SZ3PVRN7BZB4'),
	(273,0,35,'35-0-AG10QYT1M4BXSSM8'),
	(274,1,35,'35-1-D3A160BVZSJSK9TI'),
	(275,2,35,'35-2-XMCL2LRP837RH46T'),
	(276,3,35,'35-3-36RPKO9KOW9IGUM7'),
	(277,4,35,'35-4-DVUM6SNLSVDIT3FQ'),
	(278,5,35,'35-5-L7KUVB3LOKCK63GF'),
	(279,6,35,'35-6-ANR67NNDPUIF9ZOT'),
	(280,7,35,'35-7-QILDEA19TYY39HOG'),
	(281,0,36,'36-0-Q9ODV4N4FYPPSNTX'),
	(282,1,36,'36-1-Q072FDHI03SU2LUG'),
	(283,2,36,'36-2-L390ZQKE8WLOP8U2'),
	(284,3,36,'36-3-A4R3TVZC8I45L1BE'),
	(285,4,36,'36-4-8CAHV7NFZUQ87W1W'),
	(286,5,36,'36-5-DOD7DO8OW5WDS09H'),
	(287,6,36,'36-6-SXAD81K9BTXFN8CY'),
	(288,7,36,'36-7-I9KKHNVE61IU3Z6S'),
	(289,0,37,'37-0-S1WIVBZHEY61GTII'),
	(290,1,37,'37-1-3FMCQS6XZ4N2BXRY'),
	(291,2,37,'37-2-Z2AO9FRRB0F7JXBL'),
	(292,3,37,'37-3-U5K596H1TBN1HRML'),
	(293,4,37,'37-4-KD22SCJ0Q22ID2U8'),
	(294,5,37,'37-5-XDFYSFITE4NO6NXQ'),
	(295,6,37,'37-6-9GKBH4YZERZ2Y6CP'),
	(296,7,37,'37-7-9OLXG0WYL0WCFBUS'),
	(297,0,38,'38-0-VEH35F80YAVA4NCS'),
	(298,1,38,'38-1-HPK5JYOS4M1VX355'),
	(299,2,38,'38-2-89AXW7TD7R2D0Z73'),
	(300,3,38,'38-3-2XSSUMJ6AKPV34RX'),
	(301,4,38,'38-4-YO2DJOG5GQZAP06J'),
	(302,5,38,'38-5-3F8T8XE1HKY2EM5G'),
	(303,6,38,'38-6-YBE0Y0SCPZW8NSTX'),
	(304,7,38,'38-7-HH2R0PU240H3D28D'),
	(305,0,39,'39-0-SIF8EAV56MCQV85B'),
	(306,1,39,'39-1-NEB32CVEUDX00S0L'),
	(307,2,39,'39-2-0XH3J0GCI3QMQCZI'),
	(308,3,39,'39-3-MKWBO4WRYD4ZJ18S'),
	(309,4,39,'39-4-ZLCAGSLNP7YVH5KP'),
	(310,5,39,'39-5-OUV1P4MOZSD3ZG4W'),
	(311,6,39,'39-6-923N4BW6KE5PNMNF'),
	(312,7,39,'39-7-VD3NJBAFXGE71MN8'),
	(313,0,40,'40-0-M5SZ4H8I1NR41W5A'),
	(314,1,40,'40-1-RH8IXK5D6TRB8LY6'),
	(315,2,40,'40-2-91HSBVENH6A2T8JS'),
	(316,3,40,'40-3-W9AI3VEDGHIIYOBT'),
	(317,4,40,'40-4-VNLHSLMS95OH3409'),
	(318,5,40,'40-5-HQP85MKQT1142EL9'),
	(319,6,40,'40-6-CIE4KSX7M3AJPQU4'),
	(320,7,40,'40-7-8JF6JJAVX48JMN7N'),
	(321,0,41,'41-0-ZBHJSUHE9BTGV68P'),
	(322,1,41,'41-1-43N3MNZL44Z1P2D8'),
	(323,2,41,'41-2-XL6U3OOLO0TZGZG7'),
	(324,3,41,'41-3-LLBB2KWXJE7REAYJ'),
	(325,4,41,'41-4-VOTS4UES24HHB855'),
	(326,5,41,'41-5-KZXZ030XCDMVU9PG'),
	(327,6,41,'41-6-PQ1B8Z7MBSAREZGS'),
	(328,7,41,'41-7-180N6X57UE6VX7D9'),
	(329,0,42,'42-0-TE2TQKX2GFZJSELC'),
	(330,1,42,'42-1-35OYH9WUL5QF6J0N'),
	(331,2,42,'42-2-UT0XTBGE86PSB9V3'),
	(332,3,42,'42-3-2NVZRNMK5B5FIF6W'),
	(333,4,42,'42-4-OJLORKE4HCNJLVYZ'),
	(334,5,42,'42-5-K9P1TYLPWKIDLLVY'),
	(335,6,42,'42-6-IJDX3PF2RBB4ETW8'),
	(336,7,42,'42-7-Z2SVN155CYX16EFS'),
	(337,0,43,'43-0-6C6DMYAHQWHGMA0X'),
	(338,1,43,'43-1-1VJLBRC8OWPK4ABU'),
	(339,2,43,'43-2-I30K057I6YISNLVM'),
	(340,3,43,'43-3-K5YXUKN66C387CF8'),
	(341,4,43,'43-4-XCAIEQ2W4AS1ZSSW'),
	(342,5,43,'43-5-RUZND79W2WZII3Q9'),
	(343,6,43,'43-6-K1Z3JUZMSR4JD8W9'),
	(344,7,43,'43-7-XKSG1OEPHOF97E3B'),
	(345,0,44,'44-0-570J1XJMQS4CORFI'),
	(346,1,44,'44-1-PLZOQVJF3SPUS4Z0'),
	(347,2,44,'44-2-A8O62SKI1DQIT5PF'),
	(348,3,44,'44-3-J8FNG5P0R982YEQB'),
	(349,4,44,'44-4-LM9JLJZWGT0SGUZB'),
	(350,5,44,'44-5-CI7FZF2AGMW8WOIT'),
	(351,6,44,'44-6-MK054SWH3V98WLAT'),
	(352,7,44,'44-7-98BH3ITG0HZY7T4U'),
	(353,0,45,'45-0-D3QTHZFCZDILNMZY'),
	(354,1,45,'45-1-K0B9X2BWP48Q8HHB'),
	(355,2,45,'45-2-CWDQEQAUPAJIRR68'),
	(356,3,45,'45-3-AV0MPPP248Z9RBSW'),
	(357,4,45,'45-4-NDY9A1T1UH5IYOQC'),
	(358,5,45,'45-5-BL1H8PWOBIQIG7LC'),
	(359,6,45,'45-6-9E0RO260EXCOY1EF'),
	(360,7,45,'45-7-9VO3LT8LKYOMRNA6'),
	(361,0,46,'46-0-3TSLHCNN6M8ZALLT'),
	(362,1,46,'46-1-F1XNAIEZHDHGMLGT'),
	(363,2,46,'46-2-CRGZ208S7KXU474M'),
	(364,3,46,'46-3-LNXEW1DODT64E6DQ'),
	(365,4,46,'46-4-U5I8LNOXHZM7Q2T4'),
	(366,5,46,'46-5-60QZBBDBKLL2GG0C'),
	(367,6,46,'46-6-EXLFVNGDJXP9ZU1K'),
	(368,7,46,'46-7-VPWSXXDJCZ9URYSM'),
	(369,0,47,'47-0-R1VOZO4P5WHRJQUM'),
	(370,1,47,'47-1-Q6IRVGL1WMJL8HZ8'),
	(371,2,47,'47-2-03I9QL7BYE56BFZE'),
	(372,3,47,'47-3-JJJDYDNVB30Q75Q3'),
	(373,4,47,'47-4-9IVF7XPOAY9VXZZ1'),
	(374,5,47,'47-5-MUUE0T4HKF8K4CC2'),
	(375,6,47,'47-6-ER7PYT86KFJMPKYC'),
	(376,7,47,'47-7-78NT22RZ8MTQITRX'),
	(377,0,48,'48-0-4PXUVO96Y52VRK74'),
	(378,1,48,'48-1-H0R0UJON1412HZY8'),
	(379,2,48,'48-2-FFK273CK0JW6V42Y'),
	(380,3,48,'48-3-W9O28456N9EEIQOO'),
	(381,4,48,'48-4-FGTX8RT5Y6WZSTC1'),
	(382,5,48,'48-5-REEIPVF9ZB314MLT'),
	(383,6,48,'48-6-WBOUBBQ39VNTKGD1'),
	(384,7,48,'48-7-JV1KAD8ZXEXBIHBG'),
	(385,0,49,'49-0-A6QC11JE419OVEXP'),
	(386,1,49,'49-1-HOP6MKABR97YZSCQ'),
	(387,2,49,'49-2-3XATVAENSLRB4S51'),
	(388,3,49,'49-3-2ZQ9HC8YXX0ILIC4'),
	(389,4,49,'49-4-1M7S5RI1P0VX1O47'),
	(390,5,49,'49-5-GPYTQBXR7GOJF7U0'),
	(391,6,49,'49-6-FKNA49HXOU5P2EGG'),
	(392,7,49,'49-7-NJK9RX4HYGGGKMIJ'),
	(393,0,50,'50-0-CGZ37CXL6VSK29W0'),
	(394,1,50,'50-1-ARJK0HBOWW2KG5ZP'),
	(395,2,50,'50-2-4U57GOPH4GVOM2SD'),
	(396,3,50,'50-3-0ANR1IYJA2PEN8R3'),
	(397,4,50,'50-4-B44QS0FWZ57Z2DBJ'),
	(398,5,50,'50-5-A5TRICZAR8NJNZ22'),
	(399,6,50,'50-6-NRUE6Y5X25N7XCX6'),
	(400,7,50,'50-7-HEL6RP1HVDKQRY5H'),
	(401,0,51,'51-0-0QSJRFAB57HKTE5U'),
	(402,1,51,'51-1-F5X49QWC6FFXS2A7'),
	(403,2,51,'51-2-WVHT2ME580IER23P'),
	(404,3,51,'51-3-4FFNZAVP6X5LBQXD'),
	(405,4,51,'51-4-W0GMLU8XH2BPM5YQ'),
	(406,5,51,'51-5-PEJXXEAXSL5XAZLH'),
	(407,6,51,'51-6-YNYJ1LMVLMRGLWZD'),
	(408,7,51,'51-7-WAEHQ2MW5TBLUQF9'),
	(409,0,52,'52-0-ZY7FYIDTBNUVIYR2'),
	(410,1,52,'52-1-2RBOU41ZOOO0BOSL'),
	(411,2,52,'52-2-0Q5MTCE360FRK760'),
	(412,3,52,'52-3-KT6V964Z3FYW5LYJ'),
	(413,4,52,'52-4-O2Z9UFHMPVS2GPJJ'),
	(414,5,52,'52-5-R5IB8RZF0LRA8M87'),
	(415,6,52,'52-6-LH81A1Y3G6F6717L'),
	(416,7,52,'52-7-M9MBKEJS0020L5MK'),
	(417,0,53,'53-0-PDBMAM3DWYBRZHSL'),
	(418,1,53,'53-1-98797SD0Q77QXEYG'),
	(419,2,53,'53-2-BY3OLG8N7Y6417OG'),
	(420,3,53,'53-3-RYXZVB27GOB976YI'),
	(421,4,53,'53-4-52ANDH16MANHBP19'),
	(422,5,53,'53-5-UVZ6XHADINRUOLF4'),
	(423,6,53,'53-6-OXACYJPKJDGWJU1U'),
	(424,7,53,'53-7-25H05RIW9M8G95CE'),
	(425,0,54,'54-0-T47TWY069UTMZR16'),
	(426,1,54,'54-1-XE2XH6W4AGO9RRDM'),
	(427,2,54,'54-2-ROBUCHXU93RIHT39'),
	(428,3,54,'54-3-MLW05OPNZ0IRNR23'),
	(429,4,54,'54-4-92EFOTOMS094OSDQ'),
	(430,5,54,'54-5-GTZJ4ZOH6M6Y3N9R'),
	(431,6,54,'54-6-NWS6QCV2Q7WLBZBN'),
	(432,7,54,'54-7-KAN7U13UZ1TYZULC'),
	(433,0,55,'55-0-3SCWMFQADNKP8ELT'),
	(434,1,55,'55-1-50GC15I59PAPV8AZ'),
	(435,2,55,'55-2-207ET6W6CVGIP4U8'),
	(436,3,55,'55-3-QSEX55TKXVK8M6KD'),
	(437,4,55,'55-4-26ZOJXE177TI148U'),
	(438,5,55,'55-5-K6QUX3RY6UB0U6CM'),
	(439,6,55,'55-6-EYLYKD2G2VANVH9F'),
	(440,7,55,'55-7-AT4KQLM69UADBIAF'),
	(441,0,56,'56-0-PY6VMAG25HTXQ5Z9'),
	(442,1,56,'56-1-WYKXF3YK4NXANFYE'),
	(443,2,56,'56-2-UXYIBI6J4T2522PK'),
	(444,3,56,'56-3-B2742OODM8T9EBLU'),
	(445,4,56,'56-4-HHCOUAQGTJU47SJM'),
	(446,5,56,'56-5-EHXZHXKIYFKGCRMH'),
	(447,6,56,'56-6-1D5D1KEXVFTRQAWI'),
	(448,7,56,'56-7-J7BX1Q2CMF0W2Q9Q'),
	(449,0,57,'57-0-3DKJ3J4378ZQNQAC'),
	(450,1,57,'57-1-VPWSXVNL0RGM58YW'),
	(451,2,57,'57-2-B7RMM465QG5UZLR5'),
	(452,3,57,'57-3-G6QWT6GQ3L30S14S'),
	(453,4,57,'57-4-VTQIRH5D0IOFG27H'),
	(454,5,57,'57-5-P4NNPZ3YB3T1MVUF'),
	(455,6,57,'57-6-AK9XTEUKRC3C8Z6L'),
	(456,7,57,'57-7-HBLTE3JFYDO90QU9'),
	(457,0,58,'58-0-9936UKJ4QHRSVPAJ'),
	(458,1,58,'58-1-KIPB0IHUB5WDHJMN'),
	(459,2,58,'58-2-W6O5YJ7PSFS9X7MT'),
	(460,3,58,'58-3-HNUB0OI7SYEGQDAB'),
	(461,4,58,'58-4-4YGZMH3TTV0LGMKC'),
	(462,5,58,'58-5-N74F2KDFDR7J91J4'),
	(463,6,58,'58-6-7U57P6CFBNINOJOE'),
	(464,7,58,'58-7-MG6407HJHA0UU9WJ'),
	(465,0,59,'59-0-7ZCSU5Z39K8EB37C'),
	(466,1,59,'59-1-G308LHXT85ASYBDB'),
	(467,2,59,'59-2-LT9YXL2KCYE79FU1'),
	(468,3,59,'59-3-UZBR67VYZYTHHL0R'),
	(469,4,59,'59-4-SSX2WP170U0K4HCZ'),
	(470,5,59,'59-5-RJQ2PJJQGSQCFVBM'),
	(471,6,59,'59-6-5THV4C3QUKWS2290'),
	(472,7,59,'59-7-C7SEBBGJRTIU3R1J'),
	(473,0,60,'60-0-R2Z5QKRWHBSLOSB8'),
	(474,1,60,'60-1-TA6AJH1SXWTYHGYH'),
	(475,2,60,'60-2-39QX4KZBMUWDPW4D'),
	(476,3,60,'60-3-M0EAAH6SXPAQZCQS'),
	(477,4,60,'60-4-B0TXVULX12QO1NP1'),
	(478,5,60,'60-5-I23WTBF9LMYO9AF0'),
	(479,6,60,'60-6-J2TQT61372GVVUJC'),
	(480,7,60,'60-7-XNJ3I12EMZLEWEJ6'),
	(481,0,61,'61-0-1SGSRDWHHHPTIYTR'),
	(482,1,61,'61-1-B6KOI1ELVCP4LCR7'),
	(483,2,61,'61-2-RVI03EGQ7JNHFB0V'),
	(484,3,61,'61-3-BWP28MU15YUO4171'),
	(485,4,61,'61-4-3I9JWEDXZNNBXRCG'),
	(486,5,61,'61-5-I7GD9V35ADGZ24QJ'),
	(487,6,61,'61-6-IOF4YFL67V2GCAMW'),
	(488,7,61,'61-7-BXSB7JV0NZOJ8GAN'),
	(489,0,62,'62-0-UNP36U31X1MKRXXP'),
	(490,1,62,'62-1-9V5UXTH4ZIBNYXS1'),
	(491,2,62,'62-2-K0ZPZUKT0EV4WQBD'),
	(492,3,62,'62-3-PW1DY7OG0EB2JUVT'),
	(493,4,62,'62-4-Q0FMY8QHC1VNPX0S'),
	(494,5,62,'62-5-0OAPHXMW91FIROWB'),
	(495,6,62,'62-6-DSHQL1LJXM9DHHV1'),
	(496,7,62,'62-7-F4LM5FRZEFAOGRQC'),
	(497,0,63,'63-0-C9EK680LXSONYFHF'),
	(498,1,63,'63-1-XNZ8VPASML5S08K4'),
	(499,2,63,'63-2-F4RYZEONBT17B1K0'),
	(500,3,63,'63-3-TV28XB2KMOGO7GCT'),
	(501,4,63,'63-4-YKZ69Y67FIDNGNR2'),
	(502,5,63,'63-5-ZN8QLY4B0H5PQFC8'),
	(503,6,63,'63-6-9I5A50DUDWKK8BY9'),
	(504,7,63,'63-7-5MA83EB4WJXC160Z'),
	(505,0,64,'64-0-SLTAHV98D6S1BWDJ'),
	(506,1,64,'64-1-UQ2DIPDGRNH19AL0'),
	(507,2,64,'64-2-LUGCCLUSWFXEDZWE'),
	(508,3,64,'64-3-6WPGZMHUXZ3SFUKZ'),
	(509,4,64,'64-4-MYWIPQHMKA5R1I8P'),
	(510,5,64,'64-5-0GGUAHBEHMPKRWY8'),
	(511,6,64,'64-6-UPMIHBOJASLR6IP7'),
	(512,7,64,'64-7-9VG987KPUJNXHKH1'),
	(513,0,65,'65-0-92RNOYBTZM0C6CW2'),
	(514,1,65,'65-1-DMAUUF3O68KIDTLZ'),
	(515,2,65,'65-2-SPPBA3T4M6ITVIIP'),
	(516,3,65,'65-3-5CNTLD0FC44CHJ6C'),
	(517,4,65,'65-4-MAA4UDI0SFDSQ9O8'),
	(518,5,65,'65-5-PT6RPX9IDVIX45J9'),
	(519,6,65,'65-6-H8EQYT8D1XI30SLF'),
	(520,7,65,'65-7-TNFR04HPF9TLS0ID'),
	(521,0,66,'66-0-C7CLNL3QNJC2OCOJ'),
	(522,1,66,'66-1-DYDKIKD5A6L6KRWU'),
	(523,2,66,'66-2-C2RMKUFDZSLR9LVD'),
	(524,3,66,'66-3-XZVNF9339A889V5K'),
	(525,4,66,'66-4-4NHD01GSIJDTMASL'),
	(526,5,66,'66-5-9VLTJY8KTXS1EXQD'),
	(527,6,66,'66-6-Y6P3W8VU9XCE2CHF'),
	(528,7,66,'66-7-B8YRWMADA6XPK4DS'),
	(529,0,67,'67-0-IXEW1P8U78JB30SP'),
	(530,1,67,'67-1-C3B730N4ZLXTU7ML'),
	(531,2,67,'67-2-JZWVQWL0I2RJ15IG'),
	(532,3,67,'67-3-YFHC59R78QMXMLLB'),
	(533,4,67,'67-4-D5E0M6QVZJTKS77V'),
	(534,5,67,'67-5-YR4DWWODU4RCWKUI'),
	(535,6,67,'67-6-RZA7SO1Z45EL8PTR'),
	(536,7,67,'67-7-DH3OJFYJP4YZME7J'),
	(537,0,68,'68-0-JA7PEMD7LVFME33R'),
	(538,1,68,'68-1-UPD9CKX5OAAR2JP6'),
	(539,2,68,'68-2-TDXDTX7WWLMH2149'),
	(540,3,68,'68-3-X97X9QM7VDZEGUFV'),
	(541,4,68,'68-4-NVGK2OW20EW4TVII'),
	(542,5,68,'68-5-ZMYYHT5Y0ZVD6ZY8'),
	(543,6,68,'68-6-AWE1Q7ZW6IPT2LCH'),
	(544,7,68,'68-7-213X0DYA3KL4DDMG'),
	(545,0,69,'69-0-LH6M7V92WHRPS9NB'),
	(546,1,69,'69-1-9QHLTYJB9YQPAA7N'),
	(547,2,69,'69-2-T2T1KPWPMY9338OF'),
	(548,3,69,'69-3-CB94WZWQPHGYQC7K'),
	(549,4,69,'69-4-GRDRQVCNFYEI0MS9'),
	(550,5,69,'69-5-TE2OM3YRZCM0T8E4'),
	(551,6,69,'69-6-D5IRAGRSZ01PGZ17'),
	(552,7,69,'69-7-OYBC001Y0MI2WWH9'),
	(553,0,70,'70-0-P0C7RQ69CDRERY2C'),
	(554,1,70,'70-1-XHD9R4YMKR9TSOXH'),
	(555,2,70,'70-2-OI0BUO1FCY1AF8LC'),
	(556,3,70,'70-3-UDUJIZZ06GO9R681'),
	(557,4,70,'70-4-URTQQGZ62A455QSX'),
	(558,5,70,'70-5-PQQ91CMDCNOY5LBR'),
	(559,6,70,'70-6-6UCORNDB5BY4K9UY'),
	(560,7,70,'70-7-LLI7ZTF9U8GB3X83'),
	(561,0,71,'71-0-EZPUJIYCVBS9YWOU'),
	(562,1,71,'71-1-J5QAH3NTMMUUVPOP'),
	(563,2,71,'71-2-AHSX0YCR3YXU99ZV'),
	(564,3,71,'71-3-MMA3L8QR60TUMN3N'),
	(565,4,71,'71-4-5FNUDTJ0CEIUE8A6'),
	(566,5,71,'71-5-OJPKXEI2UKWX6O0N'),
	(567,6,71,'71-6-RKO64SW5R57WGRE9'),
	(568,7,71,'71-7-838717TMR0IYH0NA'),
	(569,0,72,'72-0-X8ESPG3JBJRDYDCC'),
	(570,1,72,'72-1-L6NY67F5112QXL2T'),
	(571,2,72,'72-2-W3TOH015KM2OZKCL'),
	(572,3,72,'72-3-0DDAA8EB3T4VERJM'),
	(573,4,72,'72-4-7827EQ9VMWFE2S0Q'),
	(574,5,72,'72-5-F9SZG7ZSHTO85KUP'),
	(575,6,72,'72-6-RITXEH43LSTI2EVC'),
	(576,7,72,'72-7-AQKZI2RT8XQD2UG5'),
	(577,0,73,'73-0-WWW2SX3LRB3MRRLB'),
	(578,1,73,'73-1-P5HDQWP2FCQMST35'),
	(579,2,73,'73-2-YOX6SJ2B2FSPOU1K'),
	(580,3,73,'73-3-M3B7TGEH8C7WJDPZ'),
	(581,4,73,'73-4-XMGPYEV5GY1BAXFW'),
	(582,5,73,'73-5-CDHINT80NPHFPL2F'),
	(583,6,73,'73-6-GWG6HO71EUPNQMVL'),
	(584,7,73,'73-7-9Q07D8Y5R688SY5H'),
	(585,0,74,'74-0-LXUWOBC85WM1EQH0'),
	(586,1,74,'74-1-IN7GBIQZJY9QJ7QU'),
	(587,2,74,'74-2-JO56OFAWEAA58FXV'),
	(588,3,74,'74-3-1V5V5RPNT2NYYZIK'),
	(589,4,74,'74-4-QGIJN2GITCC3UI5O'),
	(590,5,74,'74-5-Q9AI4RBLP83RL3D7'),
	(591,6,74,'74-6-SJHVCBGWJ33UG639'),
	(592,7,74,'74-7-DHP9AOFIDARJBT05'),
	(593,0,75,'75-0-XSHRU6H44ERY5VHH'),
	(594,1,75,'75-1-B24ABTRSU58RZTDM'),
	(595,2,75,'75-2-TAG4OG2QD4TEBKE7'),
	(596,3,75,'75-3-3806ASPTQ7H9PPZB'),
	(597,4,75,'75-4-9DVX0LXEEL5X8H2S'),
	(598,5,75,'75-5-NTG90VI85J6RYR1K'),
	(599,6,75,'75-6-3T15OSH42NX2R62C'),
	(600,7,75,'75-7-0ECL8CEJAI13DNNJ');

/*!40000 ALTER TABLE `mturk` ENABLE KEYS */;
UNLOCK TABLES;


# Dump of table notifications
# ------------------------------------------------------------

DROP TABLE IF EXISTS `notifications`;

CREATE TABLE `notifications` (
  `id` int(11) unsigned NOT NULL AUTO_INCREMENT,
  `send_timestamp` timestamp NULL DEFAULT NULL,
  `message_subject` varchar(128) DEFAULT NULL,
  `message_text` longtext,
  `recipient_uuid` int(11) DEFAULT NULL,
  `message_read` int(11) DEFAULT NULL,
  PRIMARY KEY (`id`)
) ENGINE=InnoDB DEFAULT CHARSET=latin1;



# Dump of table rooms
# ------------------------------------------------------------

DROP TABLE IF EXISTS `rooms`;

CREATE TABLE `rooms` (
  `room_name` varchar(11) NOT NULL DEFAULT '',
  `building_name` varchar(11) NOT NULL DEFAULT '',
  `description` longtext,
  PRIMARY KEY (`room_name`,`building_name`)
) ENGINE=InnoDB DEFAULT CHARSET=latin1;

LOCK TABLES `rooms` WRITE;
/*!40000 ALTER TABLE `rooms` DISABLE KEYS */;

INSERT INTO `rooms` (`room_name`, `building_name`, `description`)
VALUES
	('2107','CSE','Kitchen'),
	('2108','CSE','Office Room'),
	('2109','CSE','Lobby'),
	('2111','CSE','Office Room'),
	('2112','CSE','Office Room'),
	('2116','CSE','Office Room'),
	('2118','CSE','Office Room'),
	('2122','CSE','Office Room'),
	('2126','CSE','Office Room'),
	('2128','CSE','Office Room'),
	('2132','CSE','Office Room'),
	('2134','CSE','Office Room'),
	('2136','CSE','Office Room'),
	('2138','CSE','Office Room'),
	('2140','CSE','Meeting Room'),
	('2144','CSE','Storage'),
	('2154','CSE','Meeting Room'),
	('2203','CSE','Office Room'),
	('2215','CSE','Office Room'),
	('2217','CSE','Office Room'),
	('2230','CSE','Study Room'),
	('2231','CSE','Office Room'),
	('3113','CSE','Laboratory'),
	('3208','CSE','Conference Room');

/*!40000 ALTER TABLE `rooms` ENABLE KEYS */;
UNLOCK TABLES;


# Dump of table rooms_actions
# ------------------------------------------------------------

DROP TABLE IF EXISTS `rooms_actions`;

CREATE TABLE `rooms_actions` (
  `room_name` varchar(11) NOT NULL DEFAULT '',
  `building_name` varchar(11) NOT NULL DEFAULT '',
  `action_id` int(11) NOT NULL DEFAULT '0',
  PRIMARY KEY (`room_name`,`building_name`,`action_id`)
) ENGINE=InnoDB DEFAULT CHARSET=latin1;

LOCK TABLES `rooms_actions` WRITE;
/*!40000 ALTER TABLE `rooms_actions` DISABLE KEYS */;

INSERT INTO `rooms_actions` (`room_name`, `building_name`, `action_id`)
VALUES
	('2107','CSE',1),
	('2107','CSE',2),
	('2107','CSE',3),
	('2107','CSE',4),
	('2107','CSE',5),
	('2107','CSE',6),
	('2107','CSE',7),
	('2107','CSE',8),
	('2107','CSE',9),
	('2107','CSE',10),
	('2107','CSE',11),
	('2107','CSE',12),
	('2107','CSE',13),
	('2107','CSE',14),
	('2107','CSE',15),
	('2107','CSE',16),
	('2107','CSE',17),
	('2107','CSE',18),
	('2107','CSE',19),
	('2107','CSE',20),
	('2107','CSE',21),
	('2108','CSE',1),
	('2108','CSE',2),
	('2108','CSE',3),
	('2108','CSE',4),
	('2108','CSE',5),
	('2108','CSE',6),
	('2108','CSE',7),
	('2108','CSE',8),
	('2108','CSE',9),
	('2108','CSE',10),
	('2108','CSE',11),
	('2108','CSE',12),
	('2108','CSE',13),
	('2108','CSE',14),
	('2108','CSE',15),
	('2108','CSE',16),
	('2108','CSE',17),
	('2108','CSE',18),
	('2108','CSE',19),
	('2108','CSE',20),
	('2108','CSE',21),
	('2109','CSE',1),
	('2109','CSE',2),
	('2109','CSE',3),
	('2109','CSE',4),
	('2109','CSE',5),
	('2109','CSE',6),
	('2109','CSE',7),
	('2109','CSE',8),
	('2109','CSE',9),
	('2109','CSE',10),
	('2109','CSE',11),
	('2109','CSE',12),
	('2109','CSE',13),
	('2109','CSE',14),
	('2109','CSE',15),
	('2109','CSE',16),
	('2109','CSE',17),
	('2109','CSE',18),
	('2109','CSE',19),
	('2109','CSE',20),
	('2109','CSE',21),
	('2111','CSE',1),
	('2111','CSE',2),
	('2111','CSE',3),
	('2111','CSE',4),
	('2111','CSE',5),
	('2111','CSE',6),
	('2111','CSE',7),
	('2111','CSE',8),
	('2111','CSE',9),
	('2111','CSE',10),
	('2111','CSE',11),
	('2111','CSE',12),
	('2111','CSE',13),
	('2111','CSE',14),
	('2111','CSE',15),
	('2111','CSE',16),
	('2111','CSE',17),
	('2111','CSE',18),
	('2111','CSE',19),
	('2111','CSE',20),
	('2111','CSE',21),
	('2112','CSE',1),
	('2112','CSE',2),
	('2112','CSE',3),
	('2112','CSE',4),
	('2112','CSE',5),
	('2112','CSE',6),
	('2112','CSE',7),
	('2112','CSE',8),
	('2112','CSE',9),
	('2112','CSE',10),
	('2112','CSE',11),
	('2112','CSE',12),
	('2112','CSE',13),
	('2112','CSE',14),
	('2112','CSE',15),
	('2112','CSE',16),
	('2112','CSE',17),
	('2112','CSE',18),
	('2112','CSE',19),
	('2112','CSE',20),
	('2112','CSE',21),
	('2116','CSE',1),
	('2116','CSE',2),
	('2116','CSE',3),
	('2116','CSE',4),
	('2116','CSE',5),
	('2116','CSE',6),
	('2116','CSE',7),
	('2116','CSE',8),
	('2116','CSE',9),
	('2116','CSE',10),
	('2116','CSE',11),
	('2116','CSE',12),
	('2116','CSE',13),
	('2116','CSE',14),
	('2116','CSE',15),
	('2116','CSE',16),
	('2116','CSE',17),
	('2116','CSE',18),
	('2116','CSE',19),
	('2116','CSE',20),
	('2116','CSE',21),
	('2118','CSE',1),
	('2118','CSE',2),
	('2118','CSE',3),
	('2118','CSE',4),
	('2118','CSE',5),
	('2118','CSE',6),
	('2118','CSE',7),
	('2118','CSE',8),
	('2118','CSE',9),
	('2118','CSE',10),
	('2118','CSE',11),
	('2118','CSE',12),
	('2118','CSE',13),
	('2118','CSE',14),
	('2118','CSE',15),
	('2118','CSE',16),
	('2118','CSE',17),
	('2118','CSE',18),
	('2118','CSE',19),
	('2118','CSE',20),
	('2118','CSE',21),
	('2122','CSE',1),
	('2122','CSE',2),
	('2122','CSE',3),
	('2122','CSE',4),
	('2122','CSE',5),
	('2122','CSE',6),
	('2122','CSE',7),
	('2122','CSE',8),
	('2122','CSE',9),
	('2122','CSE',10),
	('2122','CSE',11),
	('2122','CSE',12),
	('2122','CSE',13),
	('2122','CSE',14),
	('2122','CSE',15),
	('2122','CSE',16),
	('2122','CSE',17),
	('2122','CSE',18),
	('2122','CSE',19),
	('2122','CSE',20),
	('2122','CSE',21),
	('2126','CSE',1),
	('2126','CSE',2),
	('2126','CSE',3),
	('2126','CSE',4),
	('2126','CSE',5),
	('2126','CSE',6),
	('2126','CSE',7),
	('2126','CSE',8),
	('2126','CSE',9),
	('2126','CSE',10),
	('2126','CSE',11),
	('2126','CSE',12),
	('2126','CSE',13),
	('2126','CSE',14),
	('2126','CSE',15),
	('2126','CSE',16),
	('2126','CSE',17),
	('2126','CSE',18),
	('2126','CSE',19),
	('2126','CSE',20),
	('2126','CSE',21),
	('2128','CSE',1),
	('2128','CSE',2),
	('2128','CSE',3),
	('2128','CSE',4),
	('2128','CSE',5),
	('2128','CSE',6),
	('2128','CSE',7),
	('2128','CSE',8),
	('2128','CSE',9),
	('2128','CSE',10),
	('2128','CSE',11),
	('2128','CSE',12),
	('2128','CSE',13),
	('2128','CSE',14),
	('2128','CSE',15),
	('2128','CSE',16),
	('2128','CSE',17),
	('2128','CSE',18),
	('2128','CSE',19),
	('2128','CSE',20),
	('2128','CSE',21),
	('2132','CSE',1),
	('2132','CSE',2),
	('2132','CSE',3),
	('2132','CSE',4),
	('2132','CSE',5),
	('2132','CSE',6),
	('2132','CSE',7),
	('2132','CSE',8),
	('2132','CSE',9),
	('2132','CSE',10),
	('2132','CSE',11),
	('2132','CSE',12),
	('2132','CSE',13),
	('2132','CSE',14),
	('2132','CSE',15),
	('2132','CSE',16),
	('2132','CSE',17),
	('2132','CSE',18),
	('2132','CSE',19),
	('2132','CSE',20),
	('2132','CSE',21),
	('2134','CSE',1),
	('2134','CSE',2),
	('2134','CSE',3),
	('2134','CSE',4),
	('2134','CSE',5),
	('2134','CSE',6),
	('2134','CSE',7),
	('2134','CSE',8),
	('2134','CSE',9),
	('2134','CSE',10),
	('2134','CSE',11),
	('2134','CSE',12),
	('2134','CSE',13),
	('2134','CSE',14),
	('2134','CSE',15),
	('2134','CSE',16),
	('2134','CSE',17),
	('2134','CSE',18),
	('2134','CSE',19),
	('2134','CSE',20),
	('2134','CSE',21),
	('2136','CSE',1),
	('2136','CSE',2),
	('2136','CSE',3),
	('2136','CSE',4),
	('2136','CSE',5),
	('2136','CSE',6),
	('2136','CSE',7),
	('2136','CSE',8),
	('2136','CSE',9),
	('2136','CSE',10),
	('2136','CSE',11),
	('2136','CSE',12),
	('2136','CSE',13),
	('2136','CSE',14),
	('2136','CSE',15),
	('2136','CSE',16),
	('2136','CSE',17),
	('2136','CSE',18),
	('2136','CSE',19),
	('2136','CSE',20),
	('2136','CSE',21),
	('2138','CSE',1),
	('2138','CSE',2),
	('2138','CSE',3),
	('2138','CSE',4),
	('2138','CSE',5),
	('2138','CSE',6),
	('2138','CSE',7),
	('2138','CSE',8),
	('2138','CSE',9),
	('2138','CSE',10),
	('2138','CSE',11),
	('2138','CSE',12),
	('2138','CSE',13),
	('2138','CSE',14),
	('2138','CSE',15),
	('2138','CSE',16),
	('2138','CSE',17),
	('2138','CSE',18),
	('2138','CSE',19),
	('2138','CSE',20),
	('2138','CSE',21),
	('2140','CSE',1),
	('2140','CSE',2),
	('2140','CSE',3),
	('2140','CSE',4),
	('2140','CSE',5),
	('2140','CSE',6),
	('2140','CSE',7),
	('2140','CSE',8),
	('2140','CSE',9),
	('2140','CSE',10),
	('2140','CSE',11),
	('2140','CSE',12),
	('2140','CSE',13),
	('2140','CSE',14),
	('2140','CSE',15),
	('2140','CSE',16),
	('2140','CSE',17),
	('2140','CSE',18),
	('2140','CSE',19),
	('2140','CSE',20),
	('2140','CSE',21),
	('2144','CSE',1),
	('2144','CSE',2),
	('2144','CSE',3),
	('2144','CSE',4),
	('2144','CSE',5),
	('2144','CSE',6),
	('2144','CSE',7),
	('2144','CSE',8),
	('2144','CSE',9),
	('2144','CSE',10),
	('2144','CSE',11),
	('2144','CSE',12),
	('2144','CSE',13),
	('2144','CSE',14),
	('2144','CSE',15),
	('2144','CSE',16),
	('2144','CSE',17),
	('2144','CSE',18),
	('2144','CSE',19),
	('2144','CSE',20),
	('2144','CSE',21),
	('2154','CSE',1),
	('2154','CSE',2),
	('2154','CSE',3),
	('2154','CSE',4),
	('2154','CSE',5),
	('2154','CSE',6),
	('2154','CSE',7),
	('2154','CSE',8),
	('2154','CSE',9),
	('2154','CSE',10),
	('2154','CSE',11),
	('2154','CSE',12),
	('2154','CSE',13),
	('2154','CSE',14),
	('2154','CSE',15),
	('2154','CSE',16),
	('2154','CSE',17),
	('2154','CSE',18),
	('2154','CSE',19),
	('2154','CSE',20),
	('2154','CSE',21),
	('2203','CSE',1),
	('2203','CSE',2),
	('2203','CSE',3),
	('2203','CSE',4),
	('2203','CSE',5),
	('2203','CSE',6),
	('2203','CSE',7),
	('2203','CSE',8),
	('2203','CSE',9),
	('2203','CSE',10),
	('2203','CSE',11),
	('2203','CSE',12),
	('2203','CSE',13),
	('2203','CSE',14),
	('2203','CSE',15),
	('2203','CSE',16),
	('2203','CSE',17),
	('2203','CSE',18),
	('2203','CSE',19),
	('2203','CSE',20),
	('2203','CSE',21),
	('2215','CSE',1),
	('2215','CSE',2),
	('2215','CSE',3),
	('2215','CSE',4),
	('2215','CSE',5),
	('2215','CSE',6),
	('2215','CSE',7),
	('2215','CSE',8),
	('2215','CSE',9),
	('2215','CSE',10),
	('2215','CSE',11),
	('2215','CSE',12),
	('2215','CSE',13),
	('2215','CSE',14),
	('2215','CSE',15),
	('2215','CSE',16),
	('2215','CSE',17),
	('2215','CSE',18),
	('2215','CSE',19),
	('2215','CSE',20),
	('2215','CSE',21),
	('2217','CSE',1),
	('2217','CSE',2),
	('2217','CSE',3),
	('2217','CSE',4),
	('2217','CSE',5),
	('2217','CSE',6),
	('2217','CSE',7),
	('2217','CSE',8),
	('2217','CSE',9),
	('2217','CSE',10),
	('2217','CSE',11),
	('2217','CSE',12),
	('2217','CSE',13),
	('2217','CSE',14),
	('2217','CSE',15),
	('2217','CSE',16),
	('2217','CSE',17),
	('2217','CSE',18),
	('2217','CSE',19),
	('2217','CSE',20),
	('2217','CSE',21),
	('2230','CSE',1),
	('2230','CSE',2),
	('2230','CSE',3),
	('2230','CSE',4),
	('2230','CSE',5),
	('2230','CSE',6),
	('2230','CSE',7),
	('2230','CSE',8),
	('2230','CSE',9),
	('2230','CSE',10),
	('2230','CSE',11),
	('2230','CSE',12),
	('2230','CSE',13),
	('2230','CSE',14),
	('2230','CSE',15),
	('2230','CSE',16),
	('2230','CSE',17),
	('2230','CSE',18),
	('2230','CSE',19),
	('2230','CSE',20),
	('2230','CSE',21),
	('2231','CSE',1),
	('2231','CSE',2),
	('2231','CSE',3),
	('2231','CSE',4),
	('2231','CSE',5),
	('2231','CSE',6),
	('2231','CSE',7),
	('2231','CSE',8),
	('2231','CSE',9),
	('2231','CSE',10),
	('2231','CSE',11),
	('2231','CSE',12),
	('2231','CSE',13),
	('2231','CSE',14),
	('2231','CSE',15),
	('2231','CSE',16),
	('2231','CSE',17),
	('2231','CSE',18),
	('2231','CSE',19),
	('2231','CSE',20),
	('2231','CSE',21),
	('3113','CSE',1),
	('3113','CSE',2),
	('3113','CSE',3),
	('3113','CSE',4),
	('3113','CSE',5),
	('3113','CSE',6),
	('3113','CSE',7),
	('3113','CSE',8),
	('3113','CSE',9),
	('3113','CSE',10),
	('3113','CSE',11),
	('3113','CSE',12),
	('3113','CSE',13),
	('3113','CSE',14),
	('3113','CSE',15),
	('3113','CSE',16),
	('3113','CSE',17),
	('3113','CSE',18),
	('3113','CSE',19),
	('3113','CSE',20),
	('3113','CSE',21),
	('3208','CSE',1),
	('3208','CSE',2),
	('3208','CSE',3),
	('3208','CSE',4),
	('3208','CSE',5),
	('3208','CSE',6),
	('3208','CSE',7),
	('3208','CSE',8),
	('3208','CSE',9),
	('3208','CSE',10),
	('3208','CSE',11),
	('3208','CSE',12),
	('3208','CSE',13),
	('3208','CSE',14),
	('3208','CSE',15),
	('3208','CSE',16),
	('3208','CSE',17),
	('3208','CSE',18),
	('3208','CSE',19),
	('3208','CSE',20),
	('3208','CSE',21);

/*!40000 ALTER TABLE `rooms_actions` ENABLE KEYS */;
UNLOCK TABLES;


# Dump of table rooms_groups
# ------------------------------------------------------------

DROP TABLE IF EXISTS `rooms_groups`;

CREATE TABLE `rooms_groups` (
  `group_id` int(11) NOT NULL AUTO_INCREMENT,
  `building_name` varchar(11) NOT NULL DEFAULT '',
  `room_name` varchar(11) NOT NULL DEFAULT '0',
  PRIMARY KEY (`group_id`,`building_name`,`room_name`)
) ENGINE=InnoDB DEFAULT CHARSET=latin1;

LOCK TABLES `rooms_groups` WRITE;
/*!40000 ALTER TABLE `rooms_groups` DISABLE KEYS */;

INSERT INTO `rooms_groups` (`group_id`, `building_name`, `room_name`)
VALUES
	(1,'CSE','2107'),
	(1,'CSE','2108'),
	(1,'CSE','2109'),
	(1,'CSE','2111'),
	(1,'CSE','2112'),
	(1,'CSE','2116'),
	(1,'CSE','2118'),
	(1,'CSE','2122'),
	(1,'CSE','2126'),
	(1,'CSE','2128'),
	(1,'CSE','2132'),
	(1,'CSE','2134'),
	(1,'CSE','2136'),
	(1,'CSE','2138'),
	(1,'CSE','2140'),
	(1,'CSE','2144'),
	(1,'CSE','2154'),
	(1,'CSE','2203'),
	(1,'CSE','2215'),
	(1,'CSE','2217'),
	(1,'CSE','2230'),
	(1,'CSE','2231'),
	(1,'CSE','3113'),
	(1,'CSE','3208'),
	(2,'CSE','2108'),
	(2,'CSE','2111'),
	(2,'CSE','2112'),
	(2,'CSE','2116'),
	(2,'CSE','2118'),
	(2,'CSE','2122'),
	(2,'CSE','2126'),
	(2,'CSE','2128'),
	(3,'CSE','2132'),
	(3,'CSE','2134'),
	(3,'CSE','2136'),
	(3,'CSE','2138'),
	(3,'CSE','2203'),
	(3,'CSE','2215'),
	(3,'CSE','2217'),
	(3,'CSE','2231'),
	(4,'CSE','2108'),
	(4,'CSE','2112'),
	(5,'CSE','2111'),
	(5,'CSE','2116'),
	(6,'CSE','2118'),
	(6,'CSE','2122'),
	(7,'CSE','2132'),
	(7,'CSE','2134'),
	(8,'CSE','2136'),
	(8,'CSE','2138'),
	(8,'CSE','2231'),
	(9,'CSE','2203'),
	(9,'CSE','2215'),
	(9,'CSE','2217'),
	(10,'CSE','2107'),
	(10,'CSE','2144');

/*!40000 ALTER TABLE `rooms_groups` ENABLE KEYS */;
UNLOCK TABLES;


# Dump of table rooms_triggers
# ------------------------------------------------------------

DROP TABLE IF EXISTS `rooms_triggers`;

CREATE TABLE `rooms_triggers` (
  `room_name` varchar(11) NOT NULL DEFAULT '',
  `building_name` varchar(11) NOT NULL DEFAULT '',
  `trigger_id` int(11) NOT NULL DEFAULT '0',
  PRIMARY KEY (`room_name`,`building_name`,`trigger_id`)
) ENGINE=InnoDB DEFAULT CHARSET=latin1;

LOCK TABLES `rooms_triggers` WRITE;
/*!40000 ALTER TABLE `rooms_triggers` DISABLE KEYS */;

INSERT INTO `rooms_triggers` (`room_name`, `building_name`, `trigger_id`)
VALUES
	('2107','CSE',1),
	('2107','CSE',2),
	('2107','CSE',5),
	('2107','CSE',8),
	('2107','CSE',9),
	('2107','CSE',10),
	('2107','CSE',11),
	('2107','CSE',12),
	('2107','CSE',13),
	('2107','CSE',14),
	('2107','CSE',15),
	('2108','CSE',1),
	('2108','CSE',2),
	('2108','CSE',5),
	('2108','CSE',8),
	('2108','CSE',9),
	('2108','CSE',10),
	('2108','CSE',11),
	('2108','CSE',12),
	('2108','CSE',13),
	('2108','CSE',14),
	('2108','CSE',15),
	('2109','CSE',1),
	('2109','CSE',2),
	('2109','CSE',5),
	('2109','CSE',8),
	('2109','CSE',9),
	('2109','CSE',10),
	('2109','CSE',11),
	('2109','CSE',12),
	('2109','CSE',13),
	('2109','CSE',14),
	('2109','CSE',15),
	('2111','CSE',1),
	('2111','CSE',2),
	('2111','CSE',5),
	('2111','CSE',8),
	('2111','CSE',9),
	('2111','CSE',10),
	('2111','CSE',11),
	('2111','CSE',12),
	('2111','CSE',13),
	('2111','CSE',14),
	('2111','CSE',15),
	('2112','CSE',1),
	('2112','CSE',2),
	('2112','CSE',5),
	('2112','CSE',8),
	('2112','CSE',9),
	('2112','CSE',10),
	('2112','CSE',11),
	('2112','CSE',12),
	('2112','CSE',13),
	('2112','CSE',14),
	('2112','CSE',15),
	('2116','CSE',1),
	('2116','CSE',2),
	('2116','CSE',5),
	('2116','CSE',8),
	('2116','CSE',9),
	('2116','CSE',10),
	('2116','CSE',11),
	('2116','CSE',12),
	('2116','CSE',13),
	('2116','CSE',14),
	('2116','CSE',15),
	('2118','CSE',1),
	('2118','CSE',2),
	('2118','CSE',5),
	('2118','CSE',8),
	('2118','CSE',9),
	('2118','CSE',10),
	('2118','CSE',11),
	('2118','CSE',12),
	('2118','CSE',13),
	('2118','CSE',14),
	('2118','CSE',15),
	('2122','CSE',1),
	('2122','CSE',2),
	('2122','CSE',5),
	('2122','CSE',8),
	('2122','CSE',9),
	('2122','CSE',10),
	('2122','CSE',11),
	('2122','CSE',12),
	('2122','CSE',13),
	('2122','CSE',14),
	('2122','CSE',15),
	('2126','CSE',1),
	('2126','CSE',2),
	('2126','CSE',5),
	('2126','CSE',8),
	('2126','CSE',9),
	('2126','CSE',10),
	('2126','CSE',11),
	('2126','CSE',12),
	('2126','CSE',13),
	('2126','CSE',14),
	('2126','CSE',15),
	('2128','CSE',1),
	('2128','CSE',2),
	('2128','CSE',5),
	('2128','CSE',8),
	('2128','CSE',9),
	('2128','CSE',10),
	('2128','CSE',11),
	('2128','CSE',12),
	('2128','CSE',13),
	('2128','CSE',14),
	('2128','CSE',15),
	('2132','CSE',1),
	('2132','CSE',2),
	('2132','CSE',5),
	('2132','CSE',8),
	('2132','CSE',9),
	('2132','CSE',10),
	('2132','CSE',11),
	('2132','CSE',12),
	('2132','CSE',13),
	('2132','CSE',14),
	('2132','CSE',15),
	('2134','CSE',1),
	('2134','CSE',2),
	('2134','CSE',5),
	('2134','CSE',8),
	('2134','CSE',9),
	('2134','CSE',10),
	('2134','CSE',11),
	('2134','CSE',12),
	('2134','CSE',13),
	('2134','CSE',14),
	('2134','CSE',15),
	('2136','CSE',1),
	('2136','CSE',2),
	('2136','CSE',5),
	('2136','CSE',8),
	('2136','CSE',9),
	('2136','CSE',10),
	('2136','CSE',11),
	('2136','CSE',12),
	('2136','CSE',13),
	('2136','CSE',14),
	('2136','CSE',15),
	('2138','CSE',1),
	('2138','CSE',2),
	('2138','CSE',5),
	('2138','CSE',8),
	('2138','CSE',9),
	('2138','CSE',10),
	('2138','CSE',11),
	('2138','CSE',12),
	('2138','CSE',13),
	('2138','CSE',14),
	('2138','CSE',15),
	('2140','CSE',1),
	('2140','CSE',2),
	('2140','CSE',5),
	('2140','CSE',8),
	('2140','CSE',9),
	('2140','CSE',10),
	('2140','CSE',11),
	('2140','CSE',12),
	('2140','CSE',13),
	('2140','CSE',14),
	('2140','CSE',15),
	('2144','CSE',1),
	('2144','CSE',2),
	('2144','CSE',5),
	('2144','CSE',8),
	('2144','CSE',9),
	('2144','CSE',10),
	('2144','CSE',11),
	('2144','CSE',12),
	('2144','CSE',13),
	('2144','CSE',14),
	('2144','CSE',15),
	('2154','CSE',1),
	('2154','CSE',2),
	('2154','CSE',5),
	('2154','CSE',8),
	('2154','CSE',9),
	('2154','CSE',10),
	('2154','CSE',11),
	('2154','CSE',12),
	('2154','CSE',13),
	('2154','CSE',14),
	('2154','CSE',15),
	('2203','CSE',1),
	('2203','CSE',2),
	('2203','CSE',5),
	('2203','CSE',8),
	('2203','CSE',9),
	('2203','CSE',10),
	('2203','CSE',11),
	('2203','CSE',12),
	('2203','CSE',13),
	('2203','CSE',14),
	('2203','CSE',15),
	('2215','CSE',1),
	('2215','CSE',2),
	('2215','CSE',5),
	('2215','CSE',8),
	('2215','CSE',9),
	('2215','CSE',10),
	('2215','CSE',11),
	('2215','CSE',12),
	('2215','CSE',13),
	('2215','CSE',14),
	('2215','CSE',15),
	('2217','CSE',1),
	('2217','CSE',2),
	('2217','CSE',5),
	('2217','CSE',8),
	('2217','CSE',9),
	('2217','CSE',10),
	('2217','CSE',11),
	('2217','CSE',12),
	('2217','CSE',13),
	('2217','CSE',14),
	('2217','CSE',15),
	('2230','CSE',1),
	('2230','CSE',2),
	('2230','CSE',5),
	('2230','CSE',8),
	('2230','CSE',9),
	('2230','CSE',10),
	('2230','CSE',11),
	('2230','CSE',12),
	('2230','CSE',13),
	('2230','CSE',14),
	('2230','CSE',15),
	('2231','CSE',1),
	('2231','CSE',2),
	('2231','CSE',5),
	('2231','CSE',8),
	('2231','CSE',9),
	('2231','CSE',10),
	('2231','CSE',11),
	('2231','CSE',12),
	('2231','CSE',13),
	('2231','CSE',14),
	('2231','CSE',15),
	('3113','CSE',1),
	('3113','CSE',2),
	('3113','CSE',5),
	('3113','CSE',8),
	('3113','CSE',9),
	('3113','CSE',10),
	('3113','CSE',11),
	('3113','CSE',12),
	('3113','CSE',13),
	('3113','CSE',14),
	('3113','CSE',15),
	('3208','CSE',1),
	('3208','CSE',2),
	('3208','CSE',5),
	('3208','CSE',8),
	('3208','CSE',9),
	('3208','CSE',10),
	('3208','CSE',11),
	('3208','CSE',12),
	('3208','CSE',13),
	('3208','CSE',14),
	('3208','CSE',15);

/*!40000 ALTER TABLE `rooms_triggers` ENABLE KEYS */;
UNLOCK TABLES;


# Dump of table rule_translation_dictionary
# ------------------------------------------------------------

DROP TABLE IF EXISTS `rule_translation_dictionary`;

CREATE TABLE `rule_translation_dictionary` (
  `id` int(11) unsigned NOT NULL AUTO_INCREMENT,
  `language` varchar(11) DEFAULT NULL,
  `original` varchar(255) DEFAULT NULL,
  `translation` varchar(255) DEFAULT NULL,
  PRIMARY KEY (`id`)
) ENGINE=InnoDB DEFAULT CHARSET=latin1;

LOCK TABLES `rule_translation_dictionary` WRITE;
/*!40000 ALTER TABLE `rule_translation_dictionary` DISABLE KEYS */;

INSERT INTO `rule_translation_dictionary` (`id`, `language`, `original`, `translation`)
VALUES
	(1,'Z3','time is between @val and @val','(and (>= (time 1) @val) (<= (time 1) @val))'),
	(2,'Z3','someone is in the room','(inRoom 1)'),
	(3,'Z3','nobody is in the room','(not (inRoom 1))'),
	(4,'Z3','external temperature is between @val and @val','(and (>= (extTempInRoom 1) @val) (<= (extTempInRoom 1) @val))'),
	(5,'Z3','the date is between @val and @val','(and (>= (day 1) @val) (<= (day 1) @val))'),
	(6,'Z3','it is sunny','(sunny 1)'),
	(7,'Z3','it is rainy','(rainy 1)'),
	(8,'Z3','it is cloudy','(cloudy 1)'),
	(9,'Z3','demand reponse event','(demandeResponse 1)'),
	(10,'Z3','calendar meeting event','(meetingEvent 1)'),
	(11,'Z3','room temperature is between @val and @val','(and (>= (tempInRoom 1) @val) (<= (tempInRoom 1) @val))'),
	(12,'Z3','no rule specified','(noRule 1)'),
	(13,'Z3','today is @val','(= (today 1) @val)'),
	(14,'Z3','turn on the room light','(light 1)'),
	(15,'Z3','turn off the room light','(not (light 1))'),
	(16,'Z3','open the windows','(openWindows 1)'),
	(17,'Z3','close the windows','(not (openWindows 1))'),
	(18,'Z3','set temperature between @val and @val','(and (>= (tempSetpoint 1) @val) (<= (tempSetpoint 1) @val))'),
	(19,'Z3','set humidity between @val and @val','(and (>= (humiditySetpoint 1) @val) (<= (humiditySetpoint 1) @val))'),
	(20,'Z3','turn on the coffee machine','(coffee 1)'),
	(21,'Z3','turn off the coffee machine','(not (coffee 1))'),
	(22,'Z3','turn on the printer','(printer 1)'),
	(23,'Z3','turn off the printer','(not (printer 1))'),
	(24,'Z3','wake up my computer','(computer 1)'),
	(25,'Z3','put to sleep my computer','(not (computer 1))'),
	(26,'Z3','turn on my desk light','(deskLight 1)'),
	(27,'Z3','turn off my desk light','(not (deskLight 1))'),
	(28,'Z3','turn on display monitors','(displayMonitors 1)'),
	(29,'Z3','turn off display monitors','(not (displayMonitors 1))'),
	(30,'Z3','send complain to building manger','(sendComplain 1)'),
	(31,'Z3','open the curtains','(openCurtains 1)'),
	(32,'Z3','close the curtains','(not (openCurtains 1))'),
	(33,'Z3','turn heating, ventilation and air conditioning on','(hvac 1)'),
	(34,'Z3','turn heating, ventilation and air conditioning off','(not (hvac 1))');

/*!40000 ALTER TABLE `rule_translation_dictionary` ENABLE KEYS */;
UNLOCK TABLES;


# Dump of table rules
# ------------------------------------------------------------

DROP TABLE IF EXISTS `rules`;

CREATE TABLE `rules` (
  `id` int(11) unsigned NOT NULL AUTO_INCREMENT,
  `priority` int(11) DEFAULT NULL,
  `category` varchar(24) DEFAULT NULL,
  `building_name` varchar(11) DEFAULT NULL,
  `group_id` int(11) DEFAULT NULL,
  `room_name` varchar(11) DEFAULT NULL,
  `author_uuid` int(11) DEFAULT NULL,
  `antecedent` varchar(255) DEFAULT NULL,
  `consequent` varchar(255) DEFAULT NULL,
  `enabled` int(1) DEFAULT NULL,
  `deleted` int(1) DEFAULT NULL,
  `creation_timestamp` timestamp NULL DEFAULT NULL,
  `last_edit_timestamp` timestamp NULL DEFAULT NULL,
  PRIMARY KEY (`id`)
) ENGINE=InnoDB DEFAULT CHARSET=latin1;



# Dump of table rules_priority
# ------------------------------------------------------------

DROP TABLE IF EXISTS `rules_priority`;

CREATE TABLE `rules_priority` (
  `building_name` varchar(11) NOT NULL DEFAULT '0',
  `room_name` varchar(11) NOT NULL DEFAULT '0',
  `rule_id` int(11) NOT NULL DEFAULT '0',
  `rule_priority` int(11) DEFAULT NULL,
  PRIMARY KEY (`building_name`,`room_name`,`rule_id`)
) ENGINE=InnoDB DEFAULT CHARSET=latin1;



# Dump of table sessions
# ------------------------------------------------------------

DROP TABLE IF EXISTS `sessions`;

CREATE TABLE `sessions` (
  `session_key` varchar(64) NOT NULL DEFAULT '',
  `user_uuid` int(11) DEFAULT NULL,
  `expire_timestamp` timestamp NULL DEFAULT NULL,
  PRIMARY KEY (`session_key`)
) ENGINE=InnoDB DEFAULT CHARSET=latin1;

LOCK TABLES `sessions` WRITE;
/*!40000 ALTER TABLE `sessions` DISABLE KEYS */;

INSERT INTO `sessions` (`session_key`, `user_uuid`, `expire_timestamp`)
VALUES
	('H5Z4GF-3b7c7cbf47ff0db588abe8d649d99f3d',2,'2014-02-16 10:57:51');

/*!40000 ALTER TABLE `sessions` ENABLE KEYS */;
UNLOCK TABLES;


# Dump of table triggers
# ------------------------------------------------------------

DROP TABLE IF EXISTS `triggers`;

CREATE TABLE `triggers` (
  `id` int(11) unsigned NOT NULL AUTO_INCREMENT,
  `category` varchar(16) DEFAULT NULL,
  `trigger_name` varchar(24) DEFAULT NULL,
  `rule_antecedent` varchar(255) DEFAULT NULL,
  `description` longtext,
  PRIMARY KEY (`id`)
) ENGINE=InnoDB DEFAULT CHARSET=latin1;

LOCK TABLES `triggers` WRITE;
/*!40000 ALTER TABLE `triggers` DISABLE KEYS */;

INSERT INTO `triggers` (`id`, `category`, `trigger_name`, `rule_antecedent`, `description`)
VALUES
	(1,'OCCUPANCY','OCCUPANCY_TRUE','someone is in the room','check if someone is in the room'),
	(2,'OCCUPANCY','OCCUPANCY_FALSE','nobody is in the room','check if nobody is in the room'),
	(3,'EXT_TEMPERATURE','EXT_TEMPERATURE_RANGE','external temperature is between @val and @val','check temperature'),
	(4,'TIME','TIME_RANGE','time is between @val and @val','check time'),
	(5,'DATE','DATE_RANGE','the date is between @val and @val','check day'),
	(6,'WEATHER','SUNNY','it is sunny','check the weather'),
	(7,'WEATHER','RAINY','it is rainy','check the weather'),
	(8,'ROOM_TEMPERATURE','ROOM_TEMPERATURE_RANGE','room temperature is between @val and @val','check temperature'),
	(9,'WEATHER','CLOUDY','it is cloudy','check the weather'),
	(10,'DEFAULT_STATUS','NO_RULE','no rule specified','default rule'),
	(11,'DAY','TODAY','today is @val','rules for the current day'),
	(12,'EXTERNAL_APP','DEMANDE_REPONSE','demand response event','demand response event'),
	(13,'EXTERNAL_APP','CALENDAR_MEETING','calendar meeting event','calendar meeting event');

/*!40000 ALTER TABLE `triggers` ENABLE KEYS */;
UNLOCK TABLES;


# Dump of table users
# ------------------------------------------------------------

DROP TABLE IF EXISTS `users`;

CREATE TABLE `users` (
  `uuid` int(11) unsigned NOT NULL AUTO_INCREMENT,
  `username` varchar(11) NOT NULL DEFAULT '',
  `email` varchar(64) DEFAULT NULL,
  `password` varchar(128) DEFAULT NULL,
  `person_name` varchar(24) DEFAULT NULL,
  `level` int(11) DEFAULT NULL,
  `registration_timestamp` timestamp NULL DEFAULT '2014-01-01 08:00:00',
  PRIMARY KEY (`uuid`)
) ENGINE=InnoDB DEFAULT CHARSET=latin1;

LOCK TABLES `users` WRITE;
/*!40000 ALTER TABLE `users` DISABLE KEYS */;

INSERT INTO `users` (`uuid`, `username`, `email`, `password`, `person_name`, `level`, `registration_timestamp`)
VALUES
	(1,'admin','energybox.buildingrules@gmail.com','brulesAdmin2014','Administrator',100,'2014-01-01 08:00:00'),
	(2,'alenacci','None','alenacci','alenacci',10,'2014-02-15 10:57:48'),
	(3,'user_2','--','verycomplexpasswordverycomplex-54--$$$-1-2-passwordverycomplexpassword','User2',10,'2014-01-01 08:00:00'),
	(4,'user_3','--','verycomplexpasswordverycomplex-54--$$$-1-2-passwordverycomplexpassword','User3',10,'2014-01-01 08:00:00'),
	(5,'user_4','--','verycomplexpasswordverycomplex-54--$$$-1-2-passwordverycomplexpassword','User4',10,'2014-01-01 08:00:00'),
	(6,'user_5','--','verycomplexpasswordverycomplex-54--$$$-1-2-passwordverycomplexpassword','User5',10,'2014-01-01 08:00:00'),
	(7,'user_6','--','verycomplexpasswordverycomplex-54--$$$-1-2-passwordverycomplexpassword','User6',10,'2014-01-01 08:00:00'),
	(8,'user_7','--','verycomplexpasswordverycomplex-54--$$$-1-2-passwordverycomplexpassword','User7',10,'2014-01-01 08:00:00'),
	(9,'user_8','--','verycomplexpasswordverycomplex-54--$$$-1-2-passwordverycomplexpassword','User8',10,'2014-01-01 08:00:00'),
	(10,'user_9','--','verycomplexpasswordverycomplex-54--$$$-1-2-passwordverycomplexpassword','User9',10,'2014-01-01 08:00:00'),
	(11,'user_10','--','verycomplexpasswordverycomplex-54--$$$-1-2-passwordverycomplexpassword','User10',10,'2014-01-01 08:00:00'),
	(12,'user_11','--','verycomplexpasswordverycomplex-54--$$$-1-2-passwordverycomplexpassword','User11',10,'2014-01-01 08:00:00'),
	(13,'user_12','--','verycomplexpasswordverycomplex-54--$$$-1-2-passwordverycomplexpassword','User12',10,'2014-01-01 08:00:00'),
	(14,'user_13','--','verycomplexpasswordverycomplex-54--$$$-1-2-passwordverycomplexpassword','User13',10,'2014-01-01 08:00:00'),
	(15,'user_14','--','verycomplexpasswordverycomplex-54--$$$-1-2-passwordverycomplexpassword','User14',10,'2014-01-01 08:00:00'),
	(16,'user_15','--','verycomplexpasswordverycomplex-54--$$$-1-2-passwordverycomplexpassword','User15',10,'2014-01-01 08:00:00'),
	(17,'user_16','--','verycomplexpasswordverycomplex-54--$$$-1-2-passwordverycomplexpassword','User16',10,'2014-01-01 08:00:00'),
	(18,'user_17','--','verycomplexpasswordverycomplex-54--$$$-1-2-passwordverycomplexpassword','User17',10,'2014-01-01 08:00:00'),
	(19,'user_18','--','verycomplexpasswordverycomplex-54--$$$-1-2-passwordverycomplexpassword','User18',10,'2014-01-01 08:00:00'),
	(20,'user_19','--','verycomplexpasswordverycomplex-54--$$$-1-2-passwordverycomplexpassword','User19',10,'2014-01-01 08:00:00'),
	(21,'user_20','--','verycomplexpasswordverycomplex-54--$$$-1-2-passwordverycomplexpassword','User20',10,'2014-01-01 08:00:00'),
	(22,'user_21','--','verycomplexpasswordverycomplex-54--$$$-1-2-passwordverycomplexpassword','User21',10,'2014-01-01 08:00:00'),
	(23,'user_22','--','verycomplexpasswordverycomplex-54--$$$-1-2-passwordverycomplexpassword','User22',10,'2014-01-01 08:00:00'),
	(24,'user_23','--','verycomplexpasswordverycomplex-54--$$$-1-2-passwordverycomplexpassword','User23',10,'2014-01-01 08:00:00'),
	(25,'user_24','--','verycomplexpasswordverycomplex-54--$$$-1-2-passwordverycomplexpassword','User24',10,'2014-01-01 08:00:00'),
	(26,'user_25','--','verycomplexpasswordverycomplex-54--$$$-1-2-passwordverycomplexpassword','User25',10,'2014-01-01 08:00:00'),
	(27,'user_26','--','verycomplexpasswordverycomplex-54--$$$-1-2-passwordverycomplexpassword','User26',10,'2014-01-01 08:00:00'),
	(28,'user_27','--','verycomplexpasswordverycomplex-54--$$$-1-2-passwordverycomplexpassword','User27',10,'2014-01-01 08:00:00'),
	(29,'user_28','--','verycomplexpasswordverycomplex-54--$$$-1-2-passwordverycomplexpassword','User28',10,'2014-01-01 08:00:00'),
	(30,'user_29','--','verycomplexpasswordverycomplex-54--$$$-1-2-passwordverycomplexpassword','User29',10,'2014-01-01 08:00:00'),
	(31,'user_30','--','verycomplexpasswordverycomplex-54--$$$-1-2-passwordverycomplexpassword','User30',10,'2014-01-01 08:00:00'),
	(32,'user_31','--','verycomplexpasswordverycomplex-54--$$$-1-2-passwordverycomplexpassword','User31',10,'2014-01-01 08:00:00'),
	(33,'user_32','--','verycomplexpasswordverycomplex-54--$$$-1-2-passwordverycomplexpassword','User32',10,'2014-01-01 08:00:00'),
	(34,'user_33','--','verycomplexpasswordverycomplex-54--$$$-1-2-passwordverycomplexpassword','User33',10,'2014-01-01 08:00:00'),
	(35,'user_34','--','verycomplexpasswordverycomplex-54--$$$-1-2-passwordverycomplexpassword','User34',10,'2014-01-01 08:00:00'),
	(36,'user_35','--','verycomplexpasswordverycomplex-54--$$$-1-2-passwordverycomplexpassword','User35',10,'2014-01-01 08:00:00'),
	(37,'user_36','--','verycomplexpasswordverycomplex-54--$$$-1-2-passwordverycomplexpassword','User36',10,'2014-01-01 08:00:00'),
	(38,'user_37','--','verycomplexpasswordverycomplex-54--$$$-1-2-passwordverycomplexpassword','User37',10,'2014-01-01 08:00:00'),
	(39,'user_38','--','verycomplexpasswordverycomplex-54--$$$-1-2-passwordverycomplexpassword','User38',10,'2014-01-01 08:00:00'),
	(40,'user_39','--','verycomplexpasswordverycomplex-54--$$$-1-2-passwordverycomplexpassword','User39',10,'2014-01-01 08:00:00'),
	(41,'user_40','--','verycomplexpasswordverycomplex-54--$$$-1-2-passwordverycomplexpassword','User40',10,'2014-01-01 08:00:00'),
	(42,'user_41','--','verycomplexpasswordverycomplex-54--$$$-1-2-passwordverycomplexpassword','User41',10,'2014-01-01 08:00:00'),
	(43,'user_42','--','verycomplexpasswordverycomplex-54--$$$-1-2-passwordverycomplexpassword','User42',10,'2014-01-01 08:00:00'),
	(44,'user_43','--','verycomplexpasswordverycomplex-54--$$$-1-2-passwordverycomplexpassword','User43',10,'2014-01-01 08:00:00'),
	(45,'user_44','--','verycomplexpasswordverycomplex-54--$$$-1-2-passwordverycomplexpassword','User44',10,'2014-01-01 08:00:00'),
	(46,'user_45','--','verycomplexpasswordverycomplex-54--$$$-1-2-passwordverycomplexpassword','User45',10,'2014-01-01 08:00:00'),
	(47,'user_46','--','verycomplexpasswordverycomplex-54--$$$-1-2-passwordverycomplexpassword','User46',10,'2014-01-01 08:00:00'),
	(48,'user_47','--','verycomplexpasswordverycomplex-54--$$$-1-2-passwordverycomplexpassword','User47',10,'2014-01-01 08:00:00'),
	(49,'user_48','--','verycomplexpasswordverycomplex-54--$$$-1-2-passwordverycomplexpassword','User48',10,'2014-01-01 08:00:00'),
	(50,'user_49','--','verycomplexpasswordverycomplex-54--$$$-1-2-passwordverycomplexpassword','User49',10,'2014-01-01 08:00:00'),
	(51,'user_50','--','verycomplexpasswordverycomplex-54--$$$-1-2-passwordverycomplexpassword','User50',10,'2014-01-01 08:00:00'),
	(52,'user_51','--','verycomplexpasswordverycomplex-54--$$$-1-2-passwordverycomplexpassword','User51',10,'2014-01-01 08:00:00'),
	(53,'user_52','--','verycomplexpasswordverycomplex-54--$$$-1-2-passwordverycomplexpassword','User52',10,'2014-01-01 08:00:00'),
	(54,'user_53','--','verycomplexpasswordverycomplex-54--$$$-1-2-passwordverycomplexpassword','User53',10,'2014-01-01 08:00:00'),
	(55,'user_54','--','verycomplexpasswordverycomplex-54--$$$-1-2-passwordverycomplexpassword','User54',10,'2014-01-01 08:00:00'),
	(56,'user_55','--','verycomplexpasswordverycomplex-54--$$$-1-2-passwordverycomplexpassword','User55',10,'2014-01-01 08:00:00'),
	(57,'user_56','--','verycomplexpasswordverycomplex-54--$$$-1-2-passwordverycomplexpassword','User56',10,'2014-01-01 08:00:00'),
	(58,'user_57','--','verycomplexpasswordverycomplex-54--$$$-1-2-passwordverycomplexpassword','User57',10,'2014-01-01 08:00:00'),
	(59,'user_58','--','verycomplexpasswordverycomplex-54--$$$-1-2-passwordverycomplexpassword','User58',10,'2014-01-01 08:00:00'),
	(60,'user_59','--','verycomplexpasswordverycomplex-54--$$$-1-2-passwordverycomplexpassword','User59',10,'2014-01-01 08:00:00'),
	(61,'user_60','--','verycomplexpasswordverycomplex-54--$$$-1-2-passwordverycomplexpassword','User60',10,'2014-01-01 08:00:00'),
	(62,'user_61','--','verycomplexpasswordverycomplex-54--$$$-1-2-passwordverycomplexpassword','User61',10,'2014-01-01 08:00:00'),
	(63,'user_62','--','verycomplexpasswordverycomplex-54--$$$-1-2-passwordverycomplexpassword','User62',10,'2014-01-01 08:00:00'),
	(64,'user_63','--','verycomplexpasswordverycomplex-54--$$$-1-2-passwordverycomplexpassword','User63',10,'2014-01-01 08:00:00'),
	(65,'user_64','--','verycomplexpasswordverycomplex-54--$$$-1-2-passwordverycomplexpassword','User64',10,'2014-01-01 08:00:00'),
	(66,'user_65','--','verycomplexpasswordverycomplex-54--$$$-1-2-passwordverycomplexpassword','User65',10,'2014-01-01 08:00:00'),
	(67,'user_66','--','verycomplexpasswordverycomplex-54--$$$-1-2-passwordverycomplexpassword','User66',10,'2014-01-01 08:00:00'),
	(68,'user_67','--','verycomplexpasswordverycomplex-54--$$$-1-2-passwordverycomplexpassword','User67',10,'2014-01-01 08:00:00'),
	(69,'user_68','--','verycomplexpasswordverycomplex-54--$$$-1-2-passwordverycomplexpassword','User68',10,'2014-01-01 08:00:00'),
	(70,'user_69','--','verycomplexpasswordverycomplex-54--$$$-1-2-passwordverycomplexpassword','User69',10,'2014-01-01 08:00:00'),
	(71,'user_70','--','verycomplexpasswordverycomplex-54--$$$-1-2-passwordverycomplexpassword','User70',10,'2014-01-01 08:00:00'),
	(72,'user_71','--','verycomplexpasswordverycomplex-54--$$$-1-2-passwordverycomplexpassword','User71',10,'2014-01-01 08:00:00'),
	(73,'user_72','--','verycomplexpasswordverycomplex-54--$$$-1-2-passwordverycomplexpassword','User72',10,'2014-01-01 08:00:00'),
	(74,'user_73','--','verycomplexpasswordverycomplex-54--$$$-1-2-passwordverycomplexpassword','User73',10,'2014-01-01 08:00:00'),
	(75,'user_74','--','verycomplexpasswordverycomplex-54--$$$-1-2-passwordverycomplexpassword','User74',10,'2014-01-01 08:00:00'),
	(76,'user_75','--','verycomplexpasswordverycomplex-54--$$$-1-2-passwordverycomplexpassword','User75',10,'2014-01-01 08:00:00');

/*!40000 ALTER TABLE `users` ENABLE KEYS */;
UNLOCK TABLES;


# Dump of table users_rooms
# ------------------------------------------------------------

DROP TABLE IF EXISTS `users_rooms`;

CREATE TABLE `users_rooms` (
  `room_name` varchar(11) NOT NULL DEFAULT '',
  `building_name` varchar(11) NOT NULL DEFAULT '',
  `user_uuid` int(11) NOT NULL DEFAULT '0',
  PRIMARY KEY (`room_name`,`building_name`,`user_uuid`)
) ENGINE=InnoDB DEFAULT CHARSET=latin1;

LOCK TABLES `users_rooms` WRITE;
/*!40000 ALTER TABLE `users_rooms` DISABLE KEYS */;

INSERT INTO `users_rooms` (`room_name`, `building_name`, `user_uuid`)
VALUES
	('2107','CSE',1),
	('2107','CSE',2),
	('2107','CSE',3),
	('2107','CSE',4),
	('2107','CSE',5),
	('2107','CSE',6),
	('2107','CSE',7),
	('2107','CSE',8),
	('2107','CSE',9),
	('2107','CSE',10),
	('2107','CSE',11),
	('2107','CSE',12),
	('2107','CSE',13),
	('2107','CSE',14),
	('2107','CSE',15),
	('2107','CSE',16),
	('2107','CSE',17),
	('2107','CSE',18),
	('2107','CSE',19),
	('2107','CSE',20),
	('2107','CSE',21),
	('2107','CSE',22),
	('2107','CSE',23),
	('2107','CSE',24),
	('2107','CSE',25),
	('2107','CSE',26),
	('2107','CSE',27),
	('2107','CSE',28),
	('2107','CSE',29),
	('2107','CSE',30),
	('2107','CSE',31),
	('2107','CSE',32),
	('2107','CSE',33),
	('2107','CSE',34),
	('2107','CSE',35),
	('2107','CSE',36),
	('2107','CSE',37),
	('2107','CSE',38),
	('2107','CSE',39),
	('2107','CSE',40),
	('2107','CSE',41),
	('2107','CSE',42),
	('2107','CSE',43),
	('2107','CSE',44),
	('2107','CSE',45),
	('2107','CSE',46),
	('2107','CSE',47),
	('2107','CSE',48),
	('2107','CSE',49),
	('2107','CSE',50),
	('2107','CSE',51),
	('2107','CSE',52),
	('2107','CSE',53),
	('2107','CSE',54),
	('2107','CSE',55),
	('2107','CSE',56),
	('2107','CSE',57),
	('2107','CSE',58),
	('2107','CSE',59),
	('2107','CSE',60),
	('2107','CSE',61),
	('2107','CSE',62),
	('2107','CSE',63),
	('2107','CSE',64),
	('2107','CSE',65),
	('2107','CSE',66),
	('2107','CSE',67),
	('2107','CSE',68),
	('2107','CSE',69),
	('2107','CSE',70),
	('2107','CSE',71),
	('2107','CSE',72),
	('2107','CSE',73),
	('2107','CSE',74),
	('2107','CSE',75),
	('2107','CSE',76),
	('2108','CSE',1),
	('2108','CSE',73),
	('2109','CSE',1),
	('2109','CSE',2),
	('2109','CSE',3),
	('2109','CSE',4),
	('2109','CSE',5),
	('2109','CSE',6),
	('2109','CSE',7),
	('2109','CSE',8),
	('2109','CSE',9),
	('2109','CSE',10),
	('2109','CSE',11),
	('2109','CSE',12),
	('2109','CSE',13),
	('2109','CSE',14),
	('2109','CSE',15),
	('2109','CSE',16),
	('2109','CSE',17),
	('2109','CSE',18),
	('2109','CSE',19),
	('2109','CSE',20),
	('2109','CSE',21),
	('2109','CSE',22),
	('2109','CSE',23),
	('2109','CSE',24),
	('2109','CSE',25),
	('2109','CSE',26),
	('2109','CSE',27),
	('2109','CSE',28),
	('2109','CSE',29),
	('2109','CSE',30),
	('2109','CSE',31),
	('2109','CSE',32),
	('2109','CSE',33),
	('2109','CSE',34),
	('2109','CSE',35),
	('2109','CSE',36),
	('2109','CSE',37),
	('2109','CSE',38),
	('2109','CSE',39),
	('2109','CSE',40),
	('2109','CSE',41),
	('2109','CSE',42),
	('2109','CSE',43),
	('2109','CSE',44),
	('2109','CSE',45),
	('2109','CSE',46),
	('2109','CSE',47),
	('2109','CSE',48),
	('2109','CSE',49),
	('2109','CSE',50),
	('2109','CSE',51),
	('2109','CSE',52),
	('2109','CSE',53),
	('2109','CSE',54),
	('2109','CSE',55),
	('2109','CSE',56),
	('2109','CSE',57),
	('2109','CSE',58),
	('2109','CSE',59),
	('2109','CSE',60),
	('2109','CSE',61),
	('2109','CSE',62),
	('2109','CSE',63),
	('2109','CSE',64),
	('2109','CSE',65),
	('2109','CSE',66),
	('2109','CSE',67),
	('2109','CSE',68),
	('2109','CSE',69),
	('2109','CSE',70),
	('2109','CSE',71),
	('2109','CSE',72),
	('2109','CSE',73),
	('2109','CSE',74),
	('2109','CSE',75),
	('2109','CSE',76),
	('2111','CSE',1),
	('2111','CSE',74),
	('2111','CSE',75),
	('2111','CSE',76),
	('2112','CSE',1),
	('2112','CSE',2),
	('2112','CSE',3),
	('2112','CSE',4),
	('2112','CSE',5),
	('2112','CSE',6),
	('2112','CSE',7),
	('2112','CSE',8),
	('2116','CSE',1),
	('2116','CSE',9),
	('2116','CSE',10),
	('2116','CSE',11),
	('2118','CSE',1),
	('2118','CSE',12),
	('2122','CSE',1),
	('2122','CSE',22),
	('2122','CSE',23),
	('2122','CSE',24),
	('2122','CSE',25),
	('2122','CSE',26),
	('2122','CSE',27),
	('2122','CSE',28),
	('2122','CSE',29),
	('2122','CSE',30),
	('2126','CSE',1),
	('2126','CSE',31),
	('2126','CSE',32),
	('2128','CSE',1),
	('2128','CSE',33),
	('2128','CSE',34),
	('2128','CSE',35),
	('2128','CSE',36),
	('2128','CSE',37),
	('2128','CSE',38),
	('2128','CSE',39),
	('2128','CSE',40),
	('2128','CSE',41),
	('2128','CSE',42),
	('2128','CSE',43),
	('2128','CSE',44),
	('2132','CSE',1),
	('2132','CSE',45),
	('2132','CSE',46),
	('2132','CSE',47),
	('2132','CSE',48),
	('2132','CSE',49),
	('2134','CSE',1),
	('2134','CSE',50),
	('2134','CSE',51),
	('2134','CSE',52),
	('2134','CSE',53),
	('2134','CSE',54),
	('2136','CSE',1),
	('2136','CSE',57),
	('2136','CSE',58),
	('2136','CSE',59),
	('2136','CSE',60),
	('2136','CSE',61),
	('2138','CSE',1),
	('2138','CSE',62),
	('2138','CSE',63),
	('2138','CSE',64),
	('2138','CSE',65),
	('2138','CSE',66),
	('2138','CSE',67),
	('2138','CSE',68),
	('2138','CSE',69),
	('2138','CSE',70),
	('2140','CSE',1),
	('2140','CSE',2),
	('2140','CSE',3),
	('2140','CSE',4),
	('2140','CSE',5),
	('2140','CSE',6),
	('2140','CSE',7),
	('2140','CSE',8),
	('2140','CSE',9),
	('2140','CSE',10),
	('2140','CSE',11),
	('2140','CSE',12),
	('2140','CSE',22),
	('2140','CSE',23),
	('2140','CSE',24),
	('2140','CSE',25),
	('2140','CSE',26),
	('2140','CSE',27),
	('2140','CSE',28),
	('2140','CSE',29),
	('2140','CSE',30),
	('2140','CSE',31),
	('2140','CSE',32),
	('2140','CSE',33),
	('2140','CSE',34),
	('2140','CSE',35),
	('2140','CSE',36),
	('2140','CSE',37),
	('2140','CSE',38),
	('2140','CSE',39),
	('2140','CSE',40),
	('2140','CSE',41),
	('2140','CSE',42),
	('2140','CSE',43),
	('2140','CSE',44),
	('2140','CSE',73),
	('2140','CSE',74),
	('2140','CSE',75),
	('2140','CSE',76),
	('2144','CSE',1),
	('2144','CSE',2),
	('2144','CSE',3),
	('2144','CSE',4),
	('2144','CSE',5),
	('2144','CSE',6),
	('2144','CSE',7),
	('2144','CSE',8),
	('2144','CSE',9),
	('2144','CSE',10),
	('2144','CSE',11),
	('2144','CSE',12),
	('2144','CSE',13),
	('2144','CSE',14),
	('2144','CSE',15),
	('2144','CSE',16),
	('2144','CSE',17),
	('2144','CSE',18),
	('2144','CSE',19),
	('2144','CSE',20),
	('2144','CSE',21),
	('2144','CSE',22),
	('2144','CSE',23),
	('2144','CSE',24),
	('2144','CSE',25),
	('2144','CSE',26),
	('2144','CSE',27),
	('2144','CSE',28),
	('2144','CSE',29),
	('2144','CSE',30),
	('2144','CSE',31),
	('2144','CSE',32),
	('2144','CSE',33),
	('2144','CSE',34),
	('2144','CSE',35),
	('2144','CSE',36),
	('2144','CSE',37),
	('2144','CSE',38),
	('2144','CSE',39),
	('2144','CSE',40),
	('2144','CSE',41),
	('2144','CSE',42),
	('2144','CSE',43),
	('2144','CSE',44),
	('2144','CSE',45),
	('2144','CSE',46),
	('2144','CSE',47),
	('2144','CSE',48),
	('2144','CSE',49),
	('2144','CSE',50),
	('2144','CSE',51),
	('2144','CSE',52),
	('2144','CSE',53),
	('2144','CSE',54),
	('2144','CSE',55),
	('2144','CSE',56),
	('2144','CSE',57),
	('2144','CSE',58),
	('2144','CSE',59),
	('2144','CSE',60),
	('2144','CSE',61),
	('2144','CSE',62),
	('2144','CSE',63),
	('2144','CSE',64),
	('2144','CSE',65),
	('2144','CSE',66),
	('2144','CSE',67),
	('2144','CSE',68),
	('2144','CSE',69),
	('2144','CSE',70),
	('2144','CSE',71),
	('2144','CSE',72),
	('2144','CSE',73),
	('2144','CSE',74),
	('2144','CSE',75),
	('2144','CSE',76),
	('2154','CSE',1),
	('2154','CSE',13),
	('2154','CSE',14),
	('2154','CSE',15),
	('2154','CSE',16),
	('2154','CSE',17),
	('2154','CSE',18),
	('2154','CSE',19),
	('2154','CSE',20),
	('2154','CSE',21),
	('2154','CSE',45),
	('2154','CSE',46),
	('2154','CSE',47),
	('2154','CSE',48),
	('2154','CSE',49),
	('2154','CSE',50),
	('2154','CSE',51),
	('2154','CSE',52),
	('2154','CSE',53),
	('2154','CSE',54),
	('2154','CSE',55),
	('2154','CSE',56),
	('2154','CSE',57),
	('2154','CSE',58),
	('2154','CSE',59),
	('2154','CSE',60),
	('2154','CSE',61),
	('2154','CSE',62),
	('2154','CSE',63),
	('2154','CSE',64),
	('2154','CSE',65),
	('2154','CSE',66),
	('2154','CSE',67),
	('2154','CSE',68),
	('2154','CSE',69),
	('2154','CSE',70),
	('2154','CSE',71),
	('2154','CSE',72),
	('2203','CSE',1),
	('2203','CSE',71),
	('2203','CSE',72),
	('2215','CSE',1),
	('2215','CSE',13),
	('2215','CSE',14),
	('2215','CSE',15),
	('2215','CSE',16),
	('2215','CSE',17),
	('2215','CSE',18),
	('2215','CSE',19),
	('2217','CSE',1),
	('2217','CSE',20),
	('2217','CSE',21),
	('2230','CSE',1),
	('2230','CSE',2),
	('2230','CSE',3),
	('2230','CSE',4),
	('2230','CSE',5),
	('2230','CSE',6),
	('2230','CSE',7),
	('2230','CSE',8),
	('2230','CSE',9),
	('2230','CSE',10),
	('2230','CSE',11),
	('2230','CSE',12),
	('2230','CSE',13),
	('2230','CSE',14),
	('2230','CSE',15),
	('2230','CSE',16),
	('2230','CSE',17),
	('2230','CSE',18),
	('2230','CSE',19),
	('2230','CSE',20),
	('2230','CSE',21),
	('2230','CSE',22),
	('2230','CSE',23),
	('2230','CSE',24),
	('2230','CSE',25),
	('2230','CSE',26),
	('2230','CSE',27),
	('2230','CSE',28),
	('2230','CSE',29),
	('2230','CSE',30),
	('2230','CSE',31),
	('2230','CSE',32),
	('2230','CSE',33),
	('2230','CSE',34),
	('2230','CSE',35),
	('2230','CSE',36),
	('2230','CSE',37),
	('2230','CSE',38),
	('2230','CSE',39),
	('2230','CSE',40),
	('2230','CSE',41),
	('2230','CSE',42),
	('2230','CSE',43),
	('2230','CSE',44),
	('2230','CSE',45),
	('2230','CSE',46),
	('2230','CSE',47),
	('2230','CSE',48),
	('2230','CSE',49),
	('2230','CSE',50),
	('2230','CSE',51),
	('2230','CSE',52),
	('2230','CSE',53),
	('2230','CSE',54),
	('2230','CSE',55),
	('2230','CSE',56),
	('2230','CSE',57),
	('2230','CSE',58),
	('2230','CSE',59),
	('2230','CSE',60),
	('2230','CSE',61),
	('2230','CSE',62),
	('2230','CSE',63),
	('2230','CSE',64),
	('2230','CSE',65),
	('2230','CSE',66),
	('2230','CSE',67),
	('2230','CSE',68),
	('2230','CSE',69),
	('2230','CSE',70),
	('2230','CSE',71),
	('2230','CSE',72),
	('2230','CSE',73),
	('2230','CSE',74),
	('2230','CSE',75),
	('2230','CSE',76),
	('2231','CSE',1),
	('2231','CSE',55),
	('2231','CSE',56),
	('3113','CSE',1),
	('3113','CSE',2),
	('3113','CSE',3),
	('3113','CSE',4),
	('3113','CSE',5),
	('3113','CSE',6),
	('3113','CSE',7),
	('3113','CSE',8),
	('3113','CSE',31),
	('3113','CSE',32),
	('3113','CSE',62),
	('3113','CSE',63),
	('3113','CSE',64),
	('3113','CSE',65),
	('3113','CSE',66),
	('3113','CSE',67),
	('3113','CSE',68),
	('3113','CSE',69),
	('3113','CSE',70),
	('3208','CSE',1),
	('3208','CSE',2),
	('3208','CSE',3),
	('3208','CSE',4),
	('3208','CSE',5),
	('3208','CSE',6),
	('3208','CSE',7),
	('3208','CSE',8),
	('3208','CSE',9),
	('3208','CSE',10),
	('3208','CSE',11),
	('3208','CSE',12),
	('3208','CSE',13),
	('3208','CSE',14),
	('3208','CSE',15),
	('3208','CSE',16),
	('3208','CSE',17),
	('3208','CSE',18),
	('3208','CSE',19),
	('3208','CSE',20),
	('3208','CSE',21),
	('3208','CSE',22),
	('3208','CSE',23),
	('3208','CSE',24),
	('3208','CSE',25),
	('3208','CSE',26),
	('3208','CSE',27),
	('3208','CSE',28),
	('3208','CSE',29),
	('3208','CSE',30),
	('3208','CSE',31),
	('3208','CSE',32),
	('3208','CSE',33),
	('3208','CSE',34),
	('3208','CSE',35),
	('3208','CSE',36),
	('3208','CSE',37),
	('3208','CSE',38),
	('3208','CSE',39),
	('3208','CSE',40),
	('3208','CSE',41),
	('3208','CSE',42),
	('3208','CSE',43),
	('3208','CSE',44),
	('3208','CSE',45),
	('3208','CSE',46),
	('3208','CSE',47),
	('3208','CSE',48),
	('3208','CSE',49),
	('3208','CSE',50),
	('3208','CSE',51),
	('3208','CSE',52),
	('3208','CSE',53),
	('3208','CSE',54),
	('3208','CSE',55),
	('3208','CSE',56),
	('3208','CSE',57),
	('3208','CSE',58),
	('3208','CSE',59),
	('3208','CSE',60),
	('3208','CSE',61),
	('3208','CSE',62),
	('3208','CSE',63),
	('3208','CSE',64),
	('3208','CSE',65),
	('3208','CSE',66),
	('3208','CSE',67),
	('3208','CSE',68),
	('3208','CSE',69),
	('3208','CSE',70),
	('3208','CSE',71),
	('3208','CSE',72),
	('3208','CSE',73),
	('3208','CSE',74),
	('3208','CSE',75),
	('3208','CSE',76);

/*!40000 ALTER TABLE `users_rooms` ENABLE KEYS */;
UNLOCK TABLES;



/*!40111 SET SQL_NOTES=@OLD_SQL_NOTES */;
/*!40101 SET SQL_MODE=@OLD_SQL_MODE */;
/*!40014 SET FOREIGN_KEY_CHECKS=@OLD_FOREIGN_KEY_CHECKS */;
/*!40101 SET CHARACTER_SET_CLIENT=@OLD_CHARACTER_SET_CLIENT */;
/*!40101 SET CHARACTER_SET_RESULTS=@OLD_CHARACTER_SET_RESULTS */;
/*!40101 SET COLLATION_CONNECTION=@OLD_COLLATION_CONNECTION */;
