# ************************************************************
# Sequel Pro SQL dump
# Version 4096
#
# http://www.sequelpro.com/
# http://code.google.com/p/sequel-pro/
#
# Host: 127.0.0.1 (MySQL 5.5.34-0ubuntu0.12.04.1)
# Database: building_rules
# Generation Time: 2014-02-16 18:57:49 +0000
# ************************************************************


/*!40101 SET @OLD_CHARACTER_SET_CLIENT=@@CHARACTER_SET_CLIENT */;
/*!40101 SET @OLD_CHARACTER_SET_RESULTS=@@CHARACTER_SET_RESULTS */;
/*!40101 SET @OLD_COLLATION_CONNECTION=@@COLLATION_CONNECTION */;
/*!40101 SET NAMES utf8 */;
/*!40014 SET @OLD_FOREIGN_KEY_CHECKS=@@FOREIGN_KEY_CHECKS, FOREIGN_KEY_CHECKS=0 */;
/*!40101 SET @OLD_SQL_MODE=@@SQL_MODE, SQL_MODE='NO_AUTO_VALUE_ON_ZERO' */;
/*!40111 SET @OLD_SQL_NOTES=@@SQL_NOTES, SQL_NOTES=0 */;


# Dump of table actions
# ------------------------------------------------------------

DROP TABLE IF EXISTS `actions`;

CREATE TABLE `actions` (
  `id` int(11) unsigned NOT NULL AUTO_INCREMENT,
  `category` varchar(24) DEFAULT NULL,
  `action_name` varchar(24) DEFAULT NULL,
  `rule_consequent` varchar(255) DEFAULT NULL,
  `description` longtext,
  PRIMARY KEY (`id`)
) ENGINE=InnoDB DEFAULT CHARSET=latin1;

LOCK TABLES `actions` WRITE;
/*!40000 ALTER TABLE `actions` DISABLE KEYS */;

INSERT INTO `actions` (`id`, `category`, `action_name`, `rule_consequent`, `description`)
VALUES
	(1,'LIGHT','LIGHT_ON','turn on the room light','turn on the room light'),
	(2,'LIGHT','LIGHT_OFF','turn off the room light','turn off the room light'),
	(3,'WINDOWS','WINDOWS_OPEN','open the windows','open the windows'),
	(4,'WINDOWS','WINDOWS_CLOSE','close the windows','close the windows'),
	(5,'HVAC','HVAC_ON','turn heating, ventilation and air conditioning on','turn heating, ventilation and air conditioning on'),
	(6,'HVAC','HVAC_OFF','turn heating, ventilation and air conditioning off','turn heating, ventilation and air conditioning off'),
	(7,'HVAC_TEMP','SET_TEMPERATURE','set temperature between @val and @val','set temperature'),
	(8,'HVAC_HUM','SET_HUMIDITY','set humidity between @val and @val','set humidity'),
	(9,'APP_COFFEE','COFFEE_ON','turn on the coffee machine','turn on the coffee machine'),
	(10,'APP_COFFEE','COFFEE_OFF','turn off the coffee machine','turn off the coffee machine'),
	(11,'APP_PRINTER','PRINTER_ON','turn on the printer','turn on the printer'),
	(12,'APP_PRINTER','PRINTER_OFF','turn off the printer','turn off the printer'),
	(13,'APP_COMPUTER','COMPUTER_ON','wake up my computer','wake up my computer'),
	(14,'APP_COMPUTER','COMPUTER_OFF','put to sleep my computer','put to sleep my computer'),
	(15,'APP_DESKLIGHT','DESKLIGHT_ON','turn on my desk light','turn on my desk light'),
	(16,'APP_DESKLIGHT','DESKLIGHT_OFF','turn off my desk light','turn off my desk light'),
	(17,'APP_DISPLAYMONITOR','DISPLAYMONITOR_ON','turn on display monitors','turn on display monitors'),
	(18,'APP_DISPLAYMONITOR','DISPLAYMONITOR_OFF','turn off display monitors','turn off display monitors'),
	(19,'SEND_COMPLAIN','SEND_COMPLAIN','send complain to building manger','send complain to building manger'),
	(20,'CURTAINS','CURTAINS_OPEN','open the curtains','open the curtains'),
	(21,'CURTAINS','CURTAINS_CLOSE','close the curtains','close the curtains'),
	(22,'APP_PROJECTOR','PROJECTOR_ON','turn on the projector','turn on the projector'),
	(23,'APP_PROJECTOR','PROJECTOR_OFF','turn off the projector','turn off the projector'),
	(24,'APP_AUDIO','AUDIO_ON','turn on the audio system','turn on the audio system'),
	(25,'APP_AUDIO','AUDIO_OFF','turn off the audio system','turn off the audio system'),
	(26,'EXHAUST_FAN','EXHAUST_FAN_ON','turn on the exhaust fan','turn on exhaust fan'),
	(27,'EXHAUST_FAN','EXHAUST_FAN_OFF','turn off the exhaust fan','turn off the exhaust fan'),
	(28,'FUME_HOODS','FUME_HOODS_ON','turn on the fume hoods','turn on the fume hoods'),
	(29,'FUME_HOODS','FUME_HOODS_OFF','turn off the fume hoods','turn off the fume hoods');

/*!40000 ALTER TABLE `actions` ENABLE KEYS */;
UNLOCK TABLES;


# Dump of table active_rules
# ------------------------------------------------------------

DROP TABLE IF EXISTS `active_rules`;

CREATE TABLE `active_rules` (
  `building_name` varchar(11) DEFAULT NULL,
  `room_name` varchar(11) DEFAULT NULL,
  `rule_id` int(11) DEFAULT NULL
) ENGINE=InnoDB DEFAULT CHARSET=latin1;



# Dump of table buildings
# ------------------------------------------------------------

DROP TABLE IF EXISTS `buildings`;

CREATE TABLE `buildings` (
  `building_name` varchar(11) NOT NULL DEFAULT '',
  `label` varchar(11) DEFAULT NULL,
  `description` longtext,
  PRIMARY KEY (`building_name`)
) ENGINE=InnoDB DEFAULT CHARSET=latin1;

LOCK TABLES `buildings` WRITE;
/*!40000 ALTER TABLE `buildings` DISABLE KEYS */;

INSERT INTO `buildings` (`building_name`, `label`, `description`)
VALUES
	('CSE','CSE','Computer Science Eng');

/*!40000 ALTER TABLE `buildings` ENABLE KEYS */;
UNLOCK TABLES;


# Dump of table feedbacks
# ------------------------------------------------------------

DROP TABLE IF EXISTS `feedbacks`;

CREATE TABLE `feedbacks` (
  `id` int(11) unsigned NOT NULL AUTO_INCREMENT,
  `author_uuid` int(11) DEFAULT NULL,
  `alternative_contact` varchar(64) DEFAULT NULL,
  `score` int(11) DEFAULT NULL,
  `message` longtext,
  `feedback_timestamp` timestamp NULL DEFAULT NULL,
  PRIMARY KEY (`id`)
) ENGINE=InnoDB DEFAULT CHARSET=latin1;



# Dump of table groups
# ------------------------------------------------------------

DROP TABLE IF EXISTS `groups`;

CREATE TABLE `groups` (
  `id` int(11) unsigned NOT NULL AUTO_INCREMENT,
  `building_name` varchar(11) NOT NULL DEFAULT '',
  `description` longtext,
  `cross_rooms_validation` int(11) DEFAULT NULL,
  `cross_rooms_validation_categories` varchar(1024) DEFAULT '',
  PRIMARY KEY (`id`,`building_name`)
) ENGINE=InnoDB DEFAULT CHARSET=latin1;

LOCK TABLES `groups` WRITE;
/*!40000 ALTER TABLE `groups` DISABLE KEYS */;

INSERT INTO `groups` (`id`, `building_name`, `description`, `cross_rooms_validation`, `cross_rooms_validation_categories`)
VALUES
	(1,'CSE','Administrator Group',0,'[]'),
	(2,'CSE','Room Group A',0,'[]'),
	(3,'CSE','Room Group B',0,'[]'),
	(4,'CSE','Thermal Zone 1',1,'[\"HEATING\"]'),
	(5,'CSE','Thermal Zone 2',1,'[\"HEATING\"]'),
	(6,'CSE','Thermal Zone 3',1,'[\"HEATING\"]'),
	(7,'CSE','Thermal Zone 4',1,'[\"HEATING\"]'),
	(8,'CSE','Thermal Zone 5',1,'[\"HEATING\"]'),
	(9,'CSE','Thermal Zone 6',1,'[\"HEATING\"]'),
	(10,'CSE','Thermal Zone 7',1,'[\"HEATING\"]');

/*!40000 ALTER TABLE `groups` ENABLE KEYS */;
UNLOCK TABLES;


# Dump of table logs
# ------------------------------------------------------------

DROP TABLE IF EXISTS `logs`;

CREATE TABLE `logs` (
  `id` int(11) unsigned NOT NULL AUTO_INCREMENT,
  `logTimestamp` timestamp NULL DEFAULT NULL,
  `logMessage` longtext,
  PRIMARY KEY (`id`)
) ENGINE=InnoDB DEFAULT CHARSET=latin1;

LOCK TABLES `logs` WRITE;
/*!40000 ALTER TABLE `logs` DISABLE KEYS */;

INSERT INTO `logs` (`id`, `logTimestamp`, `logMessage`)
VALUES
	(1,'2014-02-16 10:57:32','BuildingRules WeatherService is active...'),
	(2,'2014-02-16 10:57:32','Updating weather informations...'),
	(3,'2014-02-16 10:57:32','BuildingRules Deamon is active...'),
	(4,'2014-02-16 10:57:32','Starting the actuation process...'),
	(5,'2014-02-16 10:57:32','Working on building \"CSE\"...'),
	(6,'2014-02-16 10:57:32','Nothing to do...'),
	(7,'2014-02-16 10:57:32','The actuation process is ended.');

/*!40000 ALTER TABLE `logs` ENABLE KEYS */;
UNLOCK TABLES;


# Dump of table mturk
# ------------------------------------------------------------

DROP TABLE IF EXISTS `mturk`;

CREATE TABLE `mturk` (
  `id` int(11) unsigned NOT NULL AUTO_INCREMENT,
  `day` int(11) DEFAULT NULL,
  `user_uuid` int(11) DEFAULT NULL,
  `token` varchar(64) DEFAULT NULL,
  PRIMARY KEY (`id`)
) ENGINE=InnoDB DEFAULT CHARSET=latin1;

LOCK TABLES `mturk` WRITE;
/*!40000 ALTER TABLE `mturk` DISABLE KEYS */;

INSERT INTO `mturk` (`id`, `day`, `user_uuid`, `token`)
VALUES
	(1,0,1,'1-0-XJ2PTEJXTB12Y0S1'),
	(2,1,1,'1-1-XYS6IORKIA8F8F8C'),
	(3,2,1,'1-2-N91OZYJA6L8QWWMX'),
	(4,3,1,'1-3-LPW4OQR3NFHJBDK3'),
	(5,4,1,'1-4-BU76X76JBDOSD62U'),
	(6,5,1,'1-5-W0EJ0BQD0SCJZOWC'),
	(7,6,1,'1-6-2Y2T5J3Y76S1B5FV'),
	(8,7,1,'1-7-DA91QEWNZEGB4SXY'),
	(9,0,2,'2-0-XYFDE0I9A0G4PTRA'),
	(10,1,2,'2-1-QZY5JGU6ZH8QXLE9'),
	(11,2,2,'2-2-7KR1R84BCMUULDRW'),
	(12,3,2,'2-3-1LIOHPPE7TWGUERF'),
	(13,4,2,'2-4-Z1RWC2OQ6J76ZADS'),
	(14,5,2,'2-5-ILAZN58ZIXI061LI'),
	(15,6,2,'2-6-6BP0WG5TFGTKXK29'),
	(16,7,2,'2-7-MB9RZUTB5I56EUI1'),
	(17,0,3,'3-0-XV9591XXXHWFCUNY'),
	(18,1,3,'3-1-5159Q9HQX7NLP5VR'),
	(19,2,3,'3-2-KY1SKZG6KOII0EKY'),
	(20,3,3,'3-3-FBEIPVVP1VPAOZGZ'),
	(21,4,3,'3-4-IBW353EZ70M0EOJX'),
	(22,5,3,'3-5-DJDGU3BVMSPM9U4K'),
	(23,6,3,'3-6-3UB9P7DBDVOLJ02U'),
	(24,7,3,'3-7-IO0LE7MBK04IVNEP'),
	(25,0,4,'4-0-SRW4A4SH5A662TJ8'),
	(26,1,4,'4-1-M5FGZDSF8GQOXQZB'),
	(27,2,4,'4-2-351AIUI5WC45FGZO'),
	(28,3,4,'4-3-QUZYUUF5P6IJAUPO'),
	(29,4,4,'4-4-WPNHN1711JXBB3EB'),
	(30,5,4,'4-5-62W1K0WLERLL2AC4'),
	(31,6,4,'4-6-AKYEQ6N3LMOVYCKP'),
	(32,7,4,'4-7-A0XKPT4JRGTAVYRZ'),
	(33,0,5,'5-0-K20KVO1COS4UKLQT'),
	(34,1,5,'5-1-8XBZ6Z6X2CMHM13A'),
	(35,2,5,'5-2-6P2P9ZNTEXGGYBHZ'),
	(36,3,5,'5-3-W18CQ8AM9Q2B1GXE'),
	(37,4,5,'5-4-RHVRFMRQ60OBT6DM'),
	(38,5,5,'5-5-49DEYST9WGTH2SZS'),
	(39,6,5,'5-6-E5WSAJ6XU3SQD0QJ'),
	(40,7,5,'5-7-2Q0YEE40Z7FHZJXK'),
	(41,0,6,'6-0-5CQ41SN9R6QQYGLX'),
	(42,1,6,'6-1-ERTC9EMHOYX9YIES'),
	(43,2,6,'6-2-6UMGHBK5TU8MIRDQ'),
	(44,3,6,'6-3-JZCHX0OZFLDON3TK'),
	(45,4,6,'6-4-VH7ZLIKRV4972Q2R'),
	(46,5,6,'6-5-3JNUCBTVPMI297PP'),
	(47,6,6,'6-6-SFKUPFKQQIFNEKO2'),
	(48,7,6,'6-7-26EJ4VJX7NZEOLSR'),
	(49,0,7,'7-0-RZ3XB7W5864NKN47'),
	(50,1,7,'7-1-D4F81KXH65IJV0Z4'),
	(51,2,7,'7-2-378XWLH5U8SDTUWW'),
	(52,3,7,'7-3-040WIONMVUGY3UJC'),
	(53,4,7,'7-4-58IKSJY4O9GWPR1K'),
	(54,5,7,'7-5-99BTEVUUNI6LEBQD'),
	(55,6,7,'7-6-5JAW040DWQ1H6ZH2'),
	(56,7,7,'7-7-M9XSMZU6S9BXA0E9'),
	(57,0,8,'8-0-9L9YFQ3X0JBTFMSF'),
	(58,1,8,'8-1-K3XJ8PH6BD2CKQMJ'),
	(59,2,8,'8-2-MB1O3TRHTBWHG70V'),
	(60,3,8,'8-3-NHHJ0K99UUOTEEW5'),
	(61,4,8,'8-4-QEQ533QEO0QPXYDA'),
	(62,5,8,'8-5-2VQGNN63TLIHU59V'),
	(63,6,8,'8-6-LIQALP3KM7T7FY41'),
	(64,7,8,'8-7-AUIUL74S6PSTBDBY'),
	(65,0,9,'9-0-G93WGBWXL35QTFSQ'),
	(66,1,9,'9-1-2B1D5ZIT5A0COYS7'),
	(67,2,9,'9-2-UEUFZJQYMT5MKJ7P'),
	(68,3,9,'9-3-DXMC0MTYI39Y1S1Q'),
	(69,4,9,'9-4-IZ5APMNDTN9VT1LL'),
	(70,5,9,'9-5-UIZS77RHLMRU63XX'),
	(71,6,9,'9-6-0PAKWUKGXA57IR6W'),
	(72,7,9,'9-7-I84N8KPIDE8IXDP6'),
	(73,0,10,'10-0-GVLP0978SBMVTRX7'),
	(74,1,10,'10-1-M61E1MU5WY8ZKZDZ'),
	(75,2,10,'10-2-G5KPR5I3XCHN7XTL'),
	(76,3,10,'10-3-92X5EYG7U2IERPNU'),
	(77,4,10,'10-4-ZFX59P9II7A0FUF8'),
	(78,5,10,'10-5-JFP86EKQL0CKGNUF'),
	(79,6,10,'10-6-0J0CUK9F7TIO5BBP'),
	(80,7,10,'10-7-HMDVDRQR5VJUKW3A'),
	(81,0,11,'11-0-V0IKS1LGASTUCD0B'),
	(82,1,11,'11-1-PV2NYVW9RVBCWVGX'),
	(83,2,11,'11-2-SVHH5XE33168E44K'),
	(84,3,11,'11-3-M21UYRJK1N5NWHOA'),
	(85,4,11,'11-4-FPSWQJRLHLKPS2FB'),
	(86,5,11,'11-5-2II8VB8NAIOEQ92O'),
	(87,6,11,'11-6-6B7VRCRD0UISR1ZJ'),
	(88,7,11,'11-7-5GHHLMFE5PJ5M19M'),
	(89,0,12,'12-0-LKRCFMQ48O2U80KG'),
	(90,1,12,'12-1-AYYB7YOBSWKR2W2K'),
	(91,2,12,'12-2-FG7EX3TXC129FOTX'),
	(92,3,12,'12-3-XW4EZT4I368I7YA0'),
	(93,4,12,'12-4-0YTDVL6WWXIAUN5L'),
	(94,5,12,'12-5-KT2EBWRVVE7QHT4G'),
	(95,6,12,'12-6-CI6T9QCEQYVMRS4C'),
	(96,7,12,'12-7-5KN5ZA3XJ7NC0HJY'),
	(97,0,13,'13-0-ABEKYOKC3PFMOU88'),
	(98,1,13,'13-1-LSLP7SRV1Q0K9161'),
	(99,2,13,'13-2-11WT9XRMEAY6NO9S'),
	(100,3,13,'13-3-N1MS2AE7LLOH0FC8'),
	(101,4,13,'13-4-SK5J13WREAYRMS86'),
	(102,5,13,'13-5-BAATL3GSDA8W6RJ8'),
	(103,6,13,'13-6-KZ1NMWVSCVEZ2K46'),
	(104,7,13,'13-7-A1JLJ9DELHEJ8CVO'),
	(105,0,14,'14-0-YBK5MT5DRZMPNEBP'),
	(106,1,14,'14-1-NV7YGCPLOHSRJVVM'),
	(107,2,14,'14-2-O27L8H56TBDGU36F'),
	(108,3,14,'14-3-RUB916KCPUCSFTG3'),
	(109,4,14,'14-4-LEDW8L3CEA3BNZNK'),
	(110,5,14,'14-5-Y3M9IHHBA3RRVM6Z'),
	(111,6,14,'14-6-20EQ34LTZHA2ZX1W'),
	(112,7,14,'14-7-CBSE806WZCGQ04HS'),
	(113,0,15,'15-0-N8169IVPCU5YFPS9'),
	(114,1,15,'15-1-4E6JSTV9VGS766LE'),
	(115,2,15,'15-2-MO383CSPS0MI8R35'),
	(116,3,15,'15-3-C3LEGVT7T5Z9ZB79'),
	(117,4,15,'15-4-RVWO8D4S5FREA645'),
	(118,5,15,'15-5-J8VNJWGVJYWBT5HM'),
	(119,6,15,'15-6-7WJOKQSJPGYH6JKY'),
	(120,7,15,'15-7-4UNSO1WNERKTWC0D'),
	(121,0,16,'16-0-ZFL4F1FZ75Q1FVSJ'),
	(122,1,16,'16-1-YW8JB0X69N0JYF9Y'),
	(123,2,16,'16-2-67GCCZY85CF17QGO'),
	(124,3,16,'16-3-OR6E0NDYJMERNRQK'),
	(125,4,16,'16-4-4XWSLHJITTJFIN3W'),
	(126,5,16,'16-5-RK9I99BIV1XYEPVJ'),
	(127,6,16,'16-6-E1H3J43VZEIKIVR7'),
	(128,7,16,'16-7-KFWH3YLLEI2HOX4U'),
	(129,0,17,'17-0-QWGG4D95LJWQ6MSM'),
	(130,1,17,'17-1-M724LWY89UJGYV8Q'),
	(131,2,17,'17-2-Q0SRSCPS4H5JGA07'),
	(132,3,17,'17-3-GZ2PXB526AI9HE42'),
	(133,4,17,'17-4-UMVELZZRFWNUF67I'),
	(134,5,17,'17-5-BNLEFE9M2QH1L1B2'),
	(135,6,17,'17-6-5PGG8SVW4QQ14JZ8'),
	(136,7,17,'17-7-EE89F96VRE5K3FO7'),
	(137,0,18,'18-0-3LXG3QPPC803ML32'),
	(138,1,18,'18-1-YSPCMARUXHJCZUV4'),
	(139,2,18,'18-2-RL20DQRXGMKZM6W6'),
	(140,3,18,'18-3-A7Q9GTLSCVT83BQJ'),
	(141,4,18,'18-4-HI4GJC0E6M6786WN'),
	(142,5,18,'18-5-OJ4GR4CCRVBIEPE3'),
	(143,6,18,'18-6-SP9CB8MWPP1LPPYA'),
	(144,7,18,'18-7-N5HAT1064WAVZS49'),
	(145,0,19,'19-0-92Y08PQKHR0SECJH'),
	(146,1,19,'19-1-XOBLXSV7PB5VC683'),
	(147,2,19,'19-2-0UBAYYLYX7HBCKG8'),
	(148,3,19,'19-3-HX1HYU0DN17XDUMU'),
	(149,4,19,'19-4-18B8CW0BJZJ6FKYZ'),
	(150,5,19,'19-5-7Q53MADSIDOMIL16'),
	(151,6,19,'19-6-LRLIQ76ZMNDAPRM3'),
	(152,7,19,'19-7-3Q356UWM5RBLOT98'),
	(153,0,20,'20-0-GYYHO5O1AFLT8KMA'),
	(154,1,20,'20-1-XHC24XEOAULXRSSX'),
	(155,2,20,'20-2-9R6CLHQ7TGERVQP5'),
	(156,3,20,'20-3-3GAYVQ8N68FI9WIG'),
	(157,4,20,'20-4-XJG373MKJGG9MABK'),
	(158,5,20,'20-5-1FH0KOAG1OQZZS9X'),
	(159,6,20,'20-6-FNJ1MEOD8FF451W4'),
	(160,7,20,'20-7-ELTREMJRXUW1R3HV'),
	(161,0,21,'21-0-VB95WLIRLG8YM9Z4'),
	(162,1,21,'21-1-5LMJ52Z1WFPXAGHE'),
	(163,2,21,'21-2-AB21V3X5J2KTNU26'),
	(164,3,21,'21-3-64BVI0T88HTTCPST'),
	(165,4,21,'21-4-FXYNXI9WUMX015AH'),
	(166,5,21,'21-5-RYRHTF6OBFEZBGRO'),
	(167,6,21,'21-6-UONKGACW15X4UP9L'),
	(168,7,21,'21-7-LM7D2RRIYJO2CYD5'),
	(169,0,22,'22-0-1EJZCB9QMPSG2X47'),
	(170,1,22,'22-1-RRX7CZ1SNY9U6KMM'),
	(171,2,22,'22-2-WY9V2DOOKC54ZNPV'),
	(172,3,22,'22-3-KQ0QPPD5NBXP7NIA'),
	(173,4,22,'22-4-0RRRWLCSQB6QP2C0'),
	(174,5,22,'22-5-4NR79F1TL6V98M5B'),
	(175,6,22,'22-6-EZ463KIYLWSE4659'),
	(176,7,22,'22-7-BEOYN35XWYIICJ40'),
	(177,0,23,'23-0-IS12UMQRBF00E6DU'),
	(178,1,23,'23-1-O9BJW0P8GEKALEFD'),
	(179,2,23,'23-2-Z7HWWEQLQHCJ4ARS'),
	(180,3,23,'23-3-MGGQCG0W6PHTHOKU'),
	(181,4,23,'23-4-T0C2FE6OIJT0HN6Q'),
	(182,5,23,'23-5-BXXLHL14QOFNLIYT'),
	(183,6,23,'23-6-WP3CPPHKJWTS4YCB'),
	(184,7,23,'23-7-28F36PLYPNB8OQLH'),
	(185,0,24,'24-0-96J3PEOTHIQFVRHF'),
	(186,1,24,'24-1-WV9PCBF7FOAAAGAV'),
	(187,2,24,'24-2-FI5DDL3LD87JF60P'),
	(188,3,24,'24-3-H2Y1LUAQGJQNF4U4'),
	(189,4,24,'24-4-DCHXFZL8B9KW5SCK'),
	(190,5,24,'24-5-4XS54HDCYXPL6836'),
	(191,6,24,'24-6-23KJD3JD5YID2LVC'),
	(192,7,24,'24-7-84RIJFDF6A164RM3'),
	(193,0,25,'25-0-IAOMTFLKCBHPS20H'),
	(194,1,25,'25-1-XHCFIAFHSBAS5JVR'),
	(195,2,25,'25-2-TWEC27LWDAG7OPBI'),
	(196,3,25,'25-3-JXLOO6KPV4JS51AZ'),
	(197,4,25,'25-4-8W0X85JKC7GF2ARZ'),
	(198,5,25,'25-5-K90BN70D4YVXKSA6'),
	(199,6,25,'25-6-IOP2UFEJ01YSREDV'),
	(200,7,25,'25-7-JOO2JZLFE427NYL8'),
	(201,0,26,'26-0-2JYFVU6ZQ2YLEU6Z'),
	(202,1,26,'26-1-0XDACD4AAR8CSGVW'),
	(203,2,26,'26-2-SARDQEH2E4KCFJZQ'),
	(204,3,26,'26-3-NW6U31UNEYGCEQUT'),
	(205,4,26,'26-4-8WJ021WVN475Z3W0'),
	(206,5,26,'26-5-D21H7X889N7XSF6X'),
	(207,6,26,'26-6-M1WWE7QBRMI5R2YO'),
	(208,7,26,'26-7-5EAZ1TX3XB7EFJJW'),
	(209,0,27,'27-0-ZUTBMAHFTL9ETNII'),
	(210,1,27,'27-1-WAIEOLA7S129QF14'),
	(211,2,27,'27-2-WKGNT1Y8I6LZFBCI'),
	(212,3,27,'27-3-SYW9845SSD1SN8UR'),
	(213,4,27,'27-4-N6QN436YICL04GN6'),
	(214,5,27,'27-5-M24IAOT9PXNBSLF3'),
	(215,6,27,'27-6-FAREYVYX1WE4ECWY'),
	(216,7,27,'27-7-Z8ZOQHS1XHTRKGK8'),
	(217,0,28,'28-0-LFACXDGY1MHU2EW8'),
	(218,1,28,'28-1-K1S2DMI0QJYJWODI'),
	(219,2,28,'28-2-FXQJB9HF6OH7ZHNZ'),
	(220,3,28,'28-3-MB7TL6541RWLMJAW'),
	(221,4,28,'28-4-MW3EK8HSNETXU2PA'),
	(222,5,28,'28-5-92LLTIV3F7YSDSK5'),
	(223,6,28,'28-6-R5JR3T18419RV114'),
	(224,7,28,'28-7-5ZEE1NEEKC1CV7YC'),
	(225,0,29,'29-0-YVADB9A0V94CJGK1'),
	(226,1,29,'29-1-6DMXP18186FNW13G'),
	(227,2,29,'29-2-BTDCJCBH2TOII4DP'),
	(228,3,29,'29-3-789YTIM60F3U8EKW'),
	(229,4,29,'29-4-B3LHX9Q0W05D989K'),
	(230,5,29,'29-5-XTQ0A8HPGMHZ7MAN'),
	(231,6,29,'29-6-GRS89KVTGAH1SZWI'),
	(232,7,29,'29-7-QVPQGPV5KSV08S5G'),
	(233,0,30,'30-0-OGL0YRJYWB3NGC3A'),
	(234,1,30,'30-1-DN70107OMORP1TLB'),
	(235,2,30,'30-2-37AGY7ZBZOI9TF2Q'),
	(236,3,30,'30-3-CXVWN9ZRGZRN99UQ'),
	(237,4,30,'30-4-WSV19LTBCTL1P105'),
	(238,5,30,'30-5-K6UPECDA5LMVTOOS'),
	(239,6,30,'30-6-6M72Y12YGBZ5HLTU'),
	(240,7,30,'30-7-G6DGKFYTZFM22RB2'),
	(241,0,31,'31-0-GBV2SW5WMEF4F5BG'),
	(242,1,31,'31-1-PCTM83H87C2DN3R9'),
	(243,2,31,'31-2-IHN1DYTIOMF2YA46'),
	(244,3,31,'31-3-0EOGUKL76QY7XKVH'),
	(245,4,31,'31-4-9S21INMCF2D219D4'),
	(246,5,31,'31-5-MQLVU5FBYINRNZ9J'),
	(247,6,31,'31-6-48275NTCR90D275Y'),
	(248,7,31,'31-7-YL2QF3T5G6WYPP88'),
	(249,0,32,'32-0-7MH7SJUTQOSN3AMZ'),
	(250,1,32,'32-1-UBLAP3I2PUIJ6LP1'),
	(251,2,32,'32-2-VKHKQ9JMV26Y63H8'),
	(252,3,32,'32-3-HOKJ7S6RKL6VNNLJ'),
	(253,4,32,'32-4-H097BWJS0AKDHEQV'),
	(254,5,32,'32-5-SKOPRLR69IP6CD9N'),
	(255,6,32,'32-6-VVOQ84UGTWDB6TSD'),
	(256,7,32,'32-7-9FI8OWCE83NRFFWJ'),
	(257,0,33,'33-0-A7W6G9GG7W880WQL'),
	(258,1,33,'33-1-LVVQ6EAWF7HK083R'),
	(259,2,33,'33-2-K39NZENFPLW0ED2G'),
	(260,3,33,'33-3-9RE2I0FN9M23IKXY'),
	(261,4,33,'33-4-GT2LJVXSFKPGZ8TP'),
	(262,5,33,'33-5-J62022T664O618NT'),
	(263,6,33,'33-6-WMEE4FFOJ00GO4EP'),
	(264,7,33,'33-7-0IZR7W4XVIMBO8IB'),
	(265,0,34,'34-0-3YYDMJMFKVX3HEXD'),
	(266,1,34,'34-1-E3W2GEV3KPQK7HGZ'),
	(267,2,34,'34-2-H6OUESIEDV4L9IMQ'),
	(268,3,34,'34-3-WN49H8YI5HZTAASL'),
	(269,4,34,'34-4-REL258G1KBYBPJIV'),
	(270,5,34,'34-5-M7U6Q72Y7XPXN8GI'),
	(271,6,34,'34-6-PPV28UUDI37QGXTM'),
	(272,7,34,'34-7-EGA8EWI8XJO138A7'),
	(273,0,35,'35-0-LH6WZ6GL8LG7IUZL'),
	(274,1,35,'35-1-GXWOWJZ3X0AGHPXB'),
	(275,2,35,'35-2-7P1DWLWDTND14EO3'),
	(276,3,35,'35-3-92FQ4CATPD7AI9YF'),
	(277,4,35,'35-4-10XZN5OSSQMXGC3G'),
	(278,5,35,'35-5-9YPO33W14QTEG14K'),
	(279,6,35,'35-6-MHGOY01H2AUD1ASK'),
	(280,7,35,'35-7-WL791XQMWVFZDJYX'),
	(281,0,36,'36-0-M8HWOWFFQZ88O7RZ'),
	(282,1,36,'36-1-YZZ59I8XHFJTYS48'),
	(283,2,36,'36-2-RCJWKCM4762V8PTR'),
	(284,3,36,'36-3-ARLQHPD8P15BSVNL'),
	(285,4,36,'36-4-FFPWK9K3F8MU2UAJ'),
	(286,5,36,'36-5-GYMJBZWZ7DLDQS2D'),
	(287,6,36,'36-6-JRD1Z1ILJMPI56UZ'),
	(288,7,36,'36-7-WWSYDH0MR2E2VSS2'),
	(289,0,37,'37-0-3VY7I4QMBQQUYMZA'),
	(290,1,37,'37-1-FSRZSJU8B7815IR9'),
	(291,2,37,'37-2-474XQBBP0UJX1770'),
	(292,3,37,'37-3-RJLD6XMPY38WTHGI'),
	(293,4,37,'37-4-0TZY8OSGA3OB4R7I'),
	(294,5,37,'37-5-S3U5U6B3VV2FVACH'),
	(295,6,37,'37-6-3I6EOZ2YE317996V'),
	(296,7,37,'37-7-LBBFTW6JT3CIPPNO'),
	(297,0,38,'38-0-NO5NCEHAWROAD0TN'),
	(298,1,38,'38-1-2ISCUVKS7BH81S6I'),
	(299,2,38,'38-2-22NUZZF122K5JA3D'),
	(300,3,38,'38-3-MRBJB97NQB47YXN5'),
	(301,4,38,'38-4-BDZDZRF3MIIKAP52'),
	(302,5,38,'38-5-2DYE35Q69A5ERK9X'),
	(303,6,38,'38-6-PAG79HSW9LJG30U1'),
	(304,7,38,'38-7-15B0UA1IXAP4X79O'),
	(305,0,39,'39-0-S32HHZWDFVHQX947'),
	(306,1,39,'39-1-B1XFV547KNS5YUYK'),
	(307,2,39,'39-2-YPZNR9XWDV80ANHJ'),
	(308,3,39,'39-3-VBMV53CO4PPNA573'),
	(309,4,39,'39-4-TCY3UBSBIWA92JI8'),
	(310,5,39,'39-5-W9EGILM19BEWPLLP'),
	(311,6,39,'39-6-QALEL3GBH6ETGWVL'),
	(312,7,39,'39-7-LHPRPIF07JU9I4A2'),
	(313,0,40,'40-0-LOQC96L3X1925XCN'),
	(314,1,40,'40-1-K4R9E8LMFRR6M5GK'),
	(315,2,40,'40-2-J9BUTYBO7Z6EUP7V'),
	(316,3,40,'40-3-LS0WVVNO0Q8KOODR'),
	(317,4,40,'40-4-FPQ89OVG21TFLVV8'),
	(318,5,40,'40-5-RHCQ08CHD0KSFLQS'),
	(319,6,40,'40-6-5UPXVEY3QOGAP47G'),
	(320,7,40,'40-7-50JO9RIOEKVZFRJK'),
	(321,0,41,'41-0-MBP3IQJSLUMCE5RC'),
	(322,1,41,'41-1-Z4PH40QMU9ALI2PJ'),
	(323,2,41,'41-2-V1UAHWBS7NTJJPK9'),
	(324,3,41,'41-3-CIACQT5MUPBGPQCU'),
	(325,4,41,'41-4-VVSCHL5CJDB1OOSX'),
	(326,5,41,'41-5-NU6F49U38NJCN7MR'),
	(327,6,41,'41-6-MVEEYOZ9O53ORFUO'),
	(328,7,41,'41-7-6JR6B3A260570E9C'),
	(329,0,42,'42-0-MUX4SJ75AD7A5SO6'),
	(330,1,42,'42-1-GF7VSJQ1TSI0G3VO'),
	(331,2,42,'42-2-3CMDL65ZTL7CR8M6'),
	(332,3,42,'42-3-73T7LI6KCNVH9R3Y'),
	(333,4,42,'42-4-MQNDXQCPTY6Y491A'),
	(334,5,42,'42-5-G7RNU6GMXEG43TDA'),
	(335,6,42,'42-6-734YWM67TXHAOCRC'),
	(336,7,42,'42-7-5PRBNBCZS910PM82'),
	(337,0,43,'43-0-PWCLZJ6VCR83BPAI'),
	(338,1,43,'43-1-7KKR28EY1VHXY4PC'),
	(339,2,43,'43-2-ISIYEDEQ9YZE9DKL'),
	(340,3,43,'43-3-FTOAX6UHDVZTKIL2'),
	(341,4,43,'43-4-1W7SYKJ7R5NEUKLC'),
	(342,5,43,'43-5-RVTF2VPL4IKU83FO'),
	(343,6,43,'43-6-JD4BQ25UTRRT82US'),
	(344,7,43,'43-7-LHQ7XGI9EEGG5CJZ'),
	(345,0,44,'44-0-C6Q9WL06MME8AFY8'),
	(346,1,44,'44-1-C6G6NG7AZHQTA77H'),
	(347,2,44,'44-2-A3B3ISEFPLDLTXMU'),
	(348,3,44,'44-3-SI7ASU1GR0FOO3X4'),
	(349,4,44,'44-4-XWXMWUO4VCRO90MI'),
	(350,5,44,'44-5-GD2LAR4AZ1DYFCZV'),
	(351,6,44,'44-6-H34DG9IE06JZZ1FS'),
	(352,7,44,'44-7-OWTTLXGI141UYWW5'),
	(353,0,45,'45-0-OXWJS7H52GHDMYL9'),
	(354,1,45,'45-1-CE3JNU66W30ORECE'),
	(355,2,45,'45-2-8IVQ2YOGSCQHESY0'),
	(356,3,45,'45-3-AN6GYYW3WHCQ0UQJ'),
	(357,4,45,'45-4-47EUBLSESNZEK1QO'),
	(358,5,45,'45-5-L9CRY30309G499MJ'),
	(359,6,45,'45-6-0WHD19AN8HLG17TS'),
	(360,7,45,'45-7-WVKZCWL96E4O76AZ'),
	(361,0,46,'46-0-LBTUY6MU12UJEWCW'),
	(362,1,46,'46-1-2LCWN5JPKEHOF91O'),
	(363,2,46,'46-2-8V1TPFLCHN831ACD'),
	(364,3,46,'46-3-0AL2QU56SRMJI2QS'),
	(365,4,46,'46-4-0V62NS9MSSY0GN2I'),
	(366,5,46,'46-5-6L1PQJMO9FSI5ETA'),
	(367,6,46,'46-6-UQW8BUWVL5E8950C'),
	(368,7,46,'46-7-UAW3630HRVUQ3YGQ'),
	(369,0,47,'47-0-P6U96ZFUAWOTV51T'),
	(370,1,47,'47-1-QRCGJYXV8AGBK3OG'),
	(371,2,47,'47-2-L8PVDXCHU79SN8BE'),
	(372,3,47,'47-3-KIIXRR2S7GQD1HZH'),
	(373,4,47,'47-4-6TCFQGLJUB18NYSI'),
	(374,5,47,'47-5-G7T1UFNUWOVQGKJJ'),
	(375,6,47,'47-6-66LRUY5JOL37KOR3'),
	(376,7,47,'47-7-1TNPKCJPY178UE4R'),
	(377,0,48,'48-0-4JDPY7MTWFWOFHPM'),
	(378,1,48,'48-1-1CZ80B5VAWXH3GNI'),
	(379,2,48,'48-2-7594X9C4R0NBY1DW'),
	(380,3,48,'48-3-LP5G98SOK0YS55C2'),
	(381,4,48,'48-4-UKGJ73HC223LZMJO'),
	(382,5,48,'48-5-ZX6GH1UN2QUAVSZ9'),
	(383,6,48,'48-6-6B639RDXKQCJDLBH'),
	(384,7,48,'48-7-Z68OAFIHVW9GD6AK'),
	(385,0,49,'49-0-E82DREHEXUKF751I'),
	(386,1,49,'49-1-3NKR4FAULEHGLFMB'),
	(387,2,49,'49-2-RTUHJHTB5EYF8F5Y'),
	(388,3,49,'49-3-16C69RTBQQC6Y5G6'),
	(389,4,49,'49-4-MHM2BDNPB3F5NTCM'),
	(390,5,49,'49-5-CF6TQJIA52VGJG2H'),
	(391,6,49,'49-6-SFSW3ZJHHAFN7FSN'),
	(392,7,49,'49-7-C958KYY8NYJ5TY3E'),
	(393,0,50,'50-0-7IEFG8RAXXE86I6J'),
	(394,1,50,'50-1-A3PAJW81KWN91NXB'),
	(395,2,50,'50-2-F4LPXBS6FT4C0ENR'),
	(396,3,50,'50-3-HO0AI0IJTTQRG7YJ'),
	(397,4,50,'50-4-DZI9T3H8B3UHZF25'),
	(398,5,50,'50-5-UL4KXBU4OF2HVC8W'),
	(399,6,50,'50-6-JX9HAA992TLL5RP3'),
	(400,7,50,'50-7-6AZJ3T3H0SSQUVWQ'),
	(401,0,51,'51-0-DWYDD3QSDLKXR0MH'),
	(402,1,51,'51-1-78BNUI5XYKR305X9'),
	(403,2,51,'51-2-LF36X78WXQURWO3Q'),
	(404,3,51,'51-3-A6VGG2RYAL1WRV0S'),
	(405,4,51,'51-4-DL6KD8G1GZX0NK17'),
	(406,5,51,'51-5-FT0NTGM7D26FAI3O'),
	(407,6,51,'51-6-RGK1FJEA0BWD9NSS'),
	(408,7,51,'51-7-09Y99V81ZI4WIKE0'),
	(409,0,52,'52-0-GTHP7VAZA5R67ZP4'),
	(410,1,52,'52-1-JDZAD2T8P13F890C'),
	(411,2,52,'52-2-XMYOCKANHJGT78DH'),
	(412,3,52,'52-3-4GRGTBUR8IAPCXRT'),
	(413,4,52,'52-4-81422UCHTTRNH6JW'),
	(414,5,52,'52-5-N52YIYNTG0X5KQCR'),
	(415,6,52,'52-6-BJ6H2CT13YNB3RUD'),
	(416,7,52,'52-7-B9CSE9UJU777USXW'),
	(417,0,53,'53-0-BGLRS86UB620RIYP'),
	(418,1,53,'53-1-Z9N60XFJM8EROX9Z'),
	(419,2,53,'53-2-79YFO66UT85NG0HF'),
	(420,3,53,'53-3-JCXLJ5ZKIP9MYFP8'),
	(421,4,53,'53-4-LZTX70107Z11YHE3'),
	(422,5,53,'53-5-969OVXSWUBP73K4H'),
	(423,6,53,'53-6-SG25X7XQZ5KA4P88'),
	(424,7,53,'53-7-ACH18EI5O4XZSKDS'),
	(425,0,54,'54-0-XBPTH4MK9X1A9J4N'),
	(426,1,54,'54-1-UH8AWFTMXO9H4HV8'),
	(427,2,54,'54-2-S9D12MPO6GTGXR2Z'),
	(428,3,54,'54-3-6ZCVP1Z2H69AE764'),
	(429,4,54,'54-4-DN690OF5EBHHA35Q'),
	(430,5,54,'54-5-DDPLKIWAQ7AD2Z11'),
	(431,6,54,'54-6-4W4DJNK9ZVP67XPN'),
	(432,7,54,'54-7-5POI43MC5DHS8UGV'),
	(433,0,55,'55-0-VL6PZ2898WAZKQLP'),
	(434,1,55,'55-1-LQ9OW1MB52H9MVYR'),
	(435,2,55,'55-2-2NR6CQPCDWFQ3DFG'),
	(436,3,55,'55-3-XACTXIWG3Q454I48'),
	(437,4,55,'55-4-4KQRLTQH2R99H5X8'),
	(438,5,55,'55-5-Q71E57OSD2O2BNZS'),
	(439,6,55,'55-6-II0CF8MT96X583AG'),
	(440,7,55,'55-7-OTX3HIKCL7OXKCMI'),
	(441,0,56,'56-0-7YDI3MLD2IIC8QTW'),
	(442,1,56,'56-1-ILD57Q04GX0SBHJ9'),
	(443,2,56,'56-2-4G13EQ8EUHFJ6N1L'),
	(444,3,56,'56-3-T1KBQ00ZHV2GVWZV'),
	(445,4,56,'56-4-6S5HDLRI5LJVFCAU'),
	(446,5,56,'56-5-LQVMUELOUSI3S56K'),
	(447,6,56,'56-6-0Y99HGB81254EW37'),
	(448,7,56,'56-7-RWVAQATKH82OD8DX'),
	(449,0,57,'57-0-0FMXGYR4L5ZIATG5'),
	(450,1,57,'57-1-TUEVZ09JJH3AE28W'),
	(451,2,57,'57-2-TO4MK509NTYV00KJ'),
	(452,3,57,'57-3-108FJOP45Q1BSL2W'),
	(453,4,57,'57-4-AHAP31UZ7ERS9SO1'),
	(454,5,57,'57-5-6FJHGGMAW4AUI19T'),
	(455,6,57,'57-6-U9KMER0Y2PFRZGRF'),
	(456,7,57,'57-7-PASI6NPRPULDXBTM'),
	(457,0,58,'58-0-00OYA981TNAL7RR0'),
	(458,1,58,'58-1-DXDCV0ULMOFLBXCQ'),
	(459,2,58,'58-2-YTK2LUXJJNJYW7O4'),
	(460,3,58,'58-3-U9GCH2DAPTWCT74K'),
	(461,4,58,'58-4-Y7SBNU9FPDJYNSVW'),
	(462,5,58,'58-5-H8LY786SZKQ1I3J1'),
	(463,6,58,'58-6-MWKDDXQ96DPEC5YG'),
	(464,7,58,'58-7-PX9F7V6Y7UMFF7UT'),
	(465,0,59,'59-0-CJJIZ46BD8H1R0GJ'),
	(466,1,59,'59-1-SWBUN5GPKZ14NBJV'),
	(467,2,59,'59-2-6C92K3AP9BHVFIQ7'),
	(468,3,59,'59-3-5RPOV9FEHY6WIUJV'),
	(469,4,59,'59-4-ZZRWNEKJCV01O2WU'),
	(470,5,59,'59-5-TIASOMKJ0WRJJONS'),
	(471,6,59,'59-6-BX5I7O64CE69ZVT3'),
	(472,7,59,'59-7-4PZAOIHRW9XU1UUO'),
	(473,0,60,'60-0-728IY3YK7E0G3JMZ'),
	(474,1,60,'60-1-8LMFHXPAERCNL6I9'),
	(475,2,60,'60-2-DXYQ5RB6RM4MARGV'),
	(476,3,60,'60-3-RO27JNCBL7JWK87L'),
	(477,4,60,'60-4-VD78UG3D109CGTFQ'),
	(478,5,60,'60-5-BX8B6YGIOK9X73QR'),
	(479,6,60,'60-6-MG46ZMYWU0M1BQSF'),
	(480,7,60,'60-7-FXOZIRISYBIKU5SA'),
	(481,0,61,'61-0-PZLDMQX1DSNI81Z0'),
	(482,1,61,'61-1-IEM7XEK7P39NJP0I'),
	(483,2,61,'61-2-JZ8B8NAKCGFLOJE8'),
	(484,3,61,'61-3-TS9OC5FP4XYV2ZBF'),
	(485,4,61,'61-4-L6JJ02J7HCT9DYZC'),
	(486,5,61,'61-5-F77XZ5DPQFQEJLQ3'),
	(487,6,61,'61-6-792OUBXGJY01LIIL'),
	(488,7,61,'61-7-YGRE8J8KUEUKJ8R5'),
	(489,0,62,'62-0-U1NV85MX1VPQXQM5'),
	(490,1,62,'62-1-98W4YZ6ZYIZJUQRG'),
	(491,2,62,'62-2-N227CEUC9AAPYZKC'),
	(492,3,62,'62-3-WJVXH5PX3X33AZ24'),
	(493,4,62,'62-4-P31LRZM80MBNNBC7'),
	(494,5,62,'62-5-UCTF6I0HJJF3BB98'),
	(495,6,62,'62-6-R899PFK4KW19MAI8'),
	(496,7,62,'62-7-LHDXGHZMU7ZN7P2C'),
	(497,0,63,'63-0-J6FW4S7EO8XLWDG2'),
	(498,1,63,'63-1-C82C39HEDTDW0YB2'),
	(499,2,63,'63-2-38IXSAOL2X3HZ49T'),
	(500,3,63,'63-3-BXDG8XU04CVACFXN'),
	(501,4,63,'63-4-715QOILX1IREB3MN'),
	(502,5,63,'63-5-TH7GPTGIXT8K1PI9'),
	(503,6,63,'63-6-B3XRYE7V8IRZ2LQB'),
	(504,7,63,'63-7-HLBLGWXCEJTPUTKY'),
	(505,0,64,'64-0-V6NIBXL3ANB683TS'),
	(506,1,64,'64-1-PZ8QVKL6CZ0MCURE'),
	(507,2,64,'64-2-GF32W5R982Y9F6BV'),
	(508,3,64,'64-3-C7ULLH218S1SDL8R'),
	(509,4,64,'64-4-T05FVTJHBNYOK1LM'),
	(510,5,64,'64-5-567ACXQLLYARFBM3'),
	(511,6,64,'64-6-TPF7ITKU9ZN9MP9B'),
	(512,7,64,'64-7-ZV8P71X1L88F35FR'),
	(513,0,65,'65-0-KTXQUKJ8ZNA2AJ9P'),
	(514,1,65,'65-1-6F0D9QDASQML1H9O'),
	(515,2,65,'65-2-OMHGBOJ42SU8ZK6E'),
	(516,3,65,'65-3-JO29RAW7NW4O78CM'),
	(517,4,65,'65-4-HX21IXYD5FANCSBS'),
	(518,5,65,'65-5-276KAJYFZ8WUSCRG'),
	(519,6,65,'65-6-96UBUHUXF3S84ZKY'),
	(520,7,65,'65-7-BQYQGCJKLKWJ6YHQ'),
	(521,0,66,'66-0-2E38F0JQ0KYCST56'),
	(522,1,66,'66-1-ST15U3PHIEBL61X0'),
	(523,2,66,'66-2-XD77S4T6ZG3KOS5T'),
	(524,3,66,'66-3-DT4VL3VMIWKIU94T'),
	(525,4,66,'66-4-UJD586W98SQO1HIU'),
	(526,5,66,'66-5-K27VZA3WYGH8KGSI'),
	(527,6,66,'66-6-BZAX2063Y6PF2RH0'),
	(528,7,66,'66-7-SLT7HWJN0M8MLXYM'),
	(529,0,67,'67-0-5MZ00JUWFVNNHGLN'),
	(530,1,67,'67-1-FY4Z68L2WAHCQSNN'),
	(531,2,67,'67-2-D3CPKT2M30C1VEF0'),
	(532,3,67,'67-3-C1A5AYTI4OSTY0HX'),
	(533,4,67,'67-4-PLYDS2R19R9Z70FP'),
	(534,5,67,'67-5-6RYAV4MGZ4NRHHTG'),
	(535,6,67,'67-6-2Y6Z3IABI86H1TXT'),
	(536,7,67,'67-7-U1X5TQXGMRPYWSMB'),
	(537,0,68,'68-0-A05Q7ZS8H90D5XDV'),
	(538,1,68,'68-1-TBU79H4HDJDG2R86'),
	(539,2,68,'68-2-8JK7OW06S50RDPS7'),
	(540,3,68,'68-3-1ZRTVSO35ZCICT6J'),
	(541,4,68,'68-4-IVPWBSEPBT5UOXE1'),
	(542,5,68,'68-5-84E5UN6ICHBD12PI'),
	(543,6,68,'68-6-OGEMCC0XK6CVEGW5'),
	(544,7,68,'68-7-CIUIK2R2Q8SRW3TV'),
	(545,0,69,'69-0-R9ZBOMUBKKP7PU9L'),
	(546,1,69,'69-1-ZPW0RNJG3KJRP6M5'),
	(547,2,69,'69-2-LW6GIR2UIBFFOQ74'),
	(548,3,69,'69-3-AJCQ9HU3DRFWPS5P'),
	(549,4,69,'69-4-NUEH9L5M5FRGSL40'),
	(550,5,69,'69-5-X2947SALNUXZP1AI'),
	(551,6,69,'69-6-1FJCIJAQVJHEL908'),
	(552,7,69,'69-7-6V6DG6C8TCHCYE28'),
	(553,0,70,'70-0-TRD15JAHM0RWFYL9'),
	(554,1,70,'70-1-9XKF5CYDMUJCIXIS'),
	(555,2,70,'70-2-BY47FHG7SZ9OSY9O'),
	(556,3,70,'70-3-FRB3SJECQDS4D09N'),
	(557,4,70,'70-4-EWZVSA0YLQCF4JNC'),
	(558,5,70,'70-5-H2JN9LD8W5AF2CWS'),
	(559,6,70,'70-6-LGMUMS4R8KE86A63'),
	(560,7,70,'70-7-AB18X0EFSYKZTRLY'),
	(561,0,71,'71-0-QAWO93I5UCG2NA6Q'),
	(562,1,71,'71-1-MR61EKK0HJ2RC4AS'),
	(563,2,71,'71-2-I1DA35VV3KAC99QN'),
	(564,3,71,'71-3-MCGXSXA88ZTKJEK7'),
	(565,4,71,'71-4-BLRIKB8FSLP6TF2G'),
	(566,5,71,'71-5-9PBMW1PQGUWIKNXY'),
	(567,6,71,'71-6-WGU0P1051MYWYGB0'),
	(568,7,71,'71-7-666IQBYVCC1A30TY'),
	(569,0,72,'72-0-E6UBMMNEFTVG1IPC'),
	(570,1,72,'72-1-GY6G8HWB5PCVUG7Q'),
	(571,2,72,'72-2-O4HFKR4PYJWQ93GJ'),
	(572,3,72,'72-3-SGH9RVWUWED1IBEP'),
	(573,4,72,'72-4-E3QU2DDVMH1TJWFO'),
	(574,5,72,'72-5-KCBZCVEKCF813WZP'),
	(575,6,72,'72-6-X48CM9ZD333W1S2U'),
	(576,7,72,'72-7-EB94400JD2ZYGPU4'),
	(577,0,73,'73-0-NL3MUNHAGXOGM1A8'),
	(578,1,73,'73-1-I446Q4J0G88LIZXW'),
	(579,2,73,'73-2-E690NBQ6GC3EBI9B'),
	(580,3,73,'73-3-HA1KKBKDM6OT6KLQ'),
	(581,4,73,'73-4-86U596ME6CRJKTE1'),
	(582,5,73,'73-5-PRN1PY39HYT4HDKN'),
	(583,6,73,'73-6-80SJ0NL5MEWWBEWY'),
	(584,7,73,'73-7-TUIAD66MR25IEF6R'),
	(585,0,74,'74-0-LYFC71A5W9BXECB3'),
	(586,1,74,'74-1-7D8LLAYF5C3JLDJP'),
	(587,2,74,'74-2-VPERLFC9UFP78IM6'),
	(588,3,74,'74-3-OH5DJGV02FWPT1F3'),
	(589,4,74,'74-4-3FFCLTSTU6Z2IBSL'),
	(590,5,74,'74-5-YR0S79U6NZ02GWBP'),
	(591,6,74,'74-6-HV7PGLCAUFCPJQHQ'),
	(592,7,74,'74-7-95EBGSYXTAWMZYJ0'),
	(593,0,75,'75-0-FEIXJL5L1EKMS1OX'),
	(594,1,75,'75-1-Y84OSBKOKWZPIZIT'),
	(595,2,75,'75-2-13WATKLIUYEA8XIW'),
	(596,3,75,'75-3-9GEMRGG3QQU23KXS'),
	(597,4,75,'75-4-99SS9G3DUCU7GC0A'),
	(598,5,75,'75-5-BY6QJUK58NWPX31F'),
	(599,6,75,'75-6-I5ANG5DZUFNKS1TB'),
	(600,7,75,'75-7-A5RXXGOW7Q304TQT');

/*!40000 ALTER TABLE `mturk` ENABLE KEYS */;
UNLOCK TABLES;


# Dump of table notifications
# ------------------------------------------------------------

DROP TABLE IF EXISTS `notifications`;

CREATE TABLE `notifications` (
  `id` int(11) unsigned NOT NULL AUTO_INCREMENT,
  `send_timestamp` timestamp NULL DEFAULT NULL,
  `message_subject` varchar(128) DEFAULT NULL,
  `message_text` longtext,
  `recipient_uuid` int(11) DEFAULT NULL,
  `message_read` int(11) DEFAULT NULL,
  PRIMARY KEY (`id`)
) ENGINE=InnoDB DEFAULT CHARSET=latin1;



# Dump of table rooms
# ------------------------------------------------------------

DROP TABLE IF EXISTS `rooms`;

CREATE TABLE `rooms` (
  `room_name` varchar(11) NOT NULL DEFAULT '',
  `building_name` varchar(11) NOT NULL DEFAULT '',
  `description` longtext,
  PRIMARY KEY (`room_name`,`building_name`)
) ENGINE=InnoDB DEFAULT CHARSET=latin1;

LOCK TABLES `rooms` WRITE;
/*!40000 ALTER TABLE `rooms` DISABLE KEYS */;

INSERT INTO `rooms` (`room_name`, `building_name`, `description`)
VALUES
	('2107','CSE','Kitchen'),
	('2108','CSE','Office Room'),
	('2109','CSE','Lobby'),
	('2111','CSE','Office Room'),
	('2112','CSE','Office Room'),
	('2116','CSE','Office Room'),
	('2118','CSE','Office Room'),
	('2122','CSE','Office Room'),
	('2126','CSE','Office Room'),
	('2128','CSE','Office Room'),
	('2132','CSE','Office Room'),
	('2134','CSE','Office Room'),
	('2136','CSE','Office Room'),
	('2138','CSE','Office Room'),
	('2140','CSE','Meeting Room'),
	('2144','CSE','Storage'),
	('2154','CSE','Meeting Room'),
	('2203','CSE','Office Room'),
	('2215','CSE','Office Room'),
	('2217','CSE','Office Room'),
	('2230','CSE','Study Room'),
	('2231','CSE','Office Room'),
	('3113','CSE','Laboratory'),
	('3208','CSE','Conference Room');

/*!40000 ALTER TABLE `rooms` ENABLE KEYS */;
UNLOCK TABLES;


# Dump of table rooms_actions
# ------------------------------------------------------------

DROP TABLE IF EXISTS `rooms_actions`;

CREATE TABLE `rooms_actions` (
  `room_name` varchar(11) NOT NULL DEFAULT '',
  `building_name` varchar(11) NOT NULL DEFAULT '',
  `action_id` int(11) NOT NULL DEFAULT '0',
  PRIMARY KEY (`room_name`,`building_name`,`action_id`)
) ENGINE=InnoDB DEFAULT CHARSET=latin1;

LOCK TABLES `rooms_actions` WRITE;
/*!40000 ALTER TABLE `rooms_actions` DISABLE KEYS */;

INSERT INTO `rooms_actions` (`room_name`, `building_name`, `action_id`)
VALUES
	('2107','CSE',1),
	('2107','CSE',2),
	('2107','CSE',3),
	('2107','CSE',4),
	('2107','CSE',5),
	('2107','CSE',6),
	('2107','CSE',7),
	('2107','CSE',8),
	('2107','CSE',9),
	('2107','CSE',10),
	('2107','CSE',11),
	('2107','CSE',12),
	('2107','CSE',13),
	('2107','CSE',14),
	('2107','CSE',15),
	('2107','CSE',16),
	('2107','CSE',17),
	('2107','CSE',18),
	('2107','CSE',19),
	('2107','CSE',20),
	('2107','CSE',21),
	('2107','CSE',22),
	('2107','CSE',23),
	('2107','CSE',24),
	('2107','CSE',25),
	('2107','CSE',26),
	('2107','CSE',27),
	('2107','CSE',28),
	('2107','CSE',29),
	('2108','CSE',1),
	('2108','CSE',2),
	('2108','CSE',3),
	('2108','CSE',4),
	('2108','CSE',5),
	('2108','CSE',6),
	('2108','CSE',7),
	('2108','CSE',8),
	('2108','CSE',9),
	('2108','CSE',10),
	('2108','CSE',11),
	('2108','CSE',12),
	('2108','CSE',13),
	('2108','CSE',14),
	('2108','CSE',15),
	('2108','CSE',16),
	('2108','CSE',17),
	('2108','CSE',18),
	('2108','CSE',19),
	('2108','CSE',20),
	('2108','CSE',21),
	('2108','CSE',22),
	('2108','CSE',23),
	('2108','CSE',24),
	('2108','CSE',25),
	('2108','CSE',26),
	('2108','CSE',27),
	('2108','CSE',28),
	('2108','CSE',29),
	('2109','CSE',1),
	('2109','CSE',2),
	('2109','CSE',3),
	('2109','CSE',4),
	('2109','CSE',5),
	('2109','CSE',6),
	('2109','CSE',7),
	('2109','CSE',8),
	('2109','CSE',9),
	('2109','CSE',10),
	('2109','CSE',11),
	('2109','CSE',12),
	('2109','CSE',13),
	('2109','CSE',14),
	('2109','CSE',15),
	('2109','CSE',16),
	('2109','CSE',17),
	('2109','CSE',18),
	('2109','CSE',19),
	('2109','CSE',20),
	('2109','CSE',21),
	('2109','CSE',22),
	('2109','CSE',23),
	('2109','CSE',24),
	('2109','CSE',25),
	('2109','CSE',26),
	('2109','CSE',27),
	('2109','CSE',28),
	('2109','CSE',29),
	('2111','CSE',1),
	('2111','CSE',2),
	('2111','CSE',3),
	('2111','CSE',4),
	('2111','CSE',5),
	('2111','CSE',6),
	('2111','CSE',7),
	('2111','CSE',8),
	('2111','CSE',9),
	('2111','CSE',10),
	('2111','CSE',11),
	('2111','CSE',12),
	('2111','CSE',13),
	('2111','CSE',14),
	('2111','CSE',15),
	('2111','CSE',16),
	('2111','CSE',17),
	('2111','CSE',18),
	('2111','CSE',19),
	('2111','CSE',20),
	('2111','CSE',21),
	('2111','CSE',22),
	('2111','CSE',23),
	('2111','CSE',24),
	('2111','CSE',25),
	('2111','CSE',26),
	('2111','CSE',27),
	('2111','CSE',28),
	('2111','CSE',29),
	('2112','CSE',1),
	('2112','CSE',2),
	('2112','CSE',3),
	('2112','CSE',4),
	('2112','CSE',5),
	('2112','CSE',6),
	('2112','CSE',7),
	('2112','CSE',8),
	('2112','CSE',9),
	('2112','CSE',10),
	('2112','CSE',11),
	('2112','CSE',12),
	('2112','CSE',13),
	('2112','CSE',14),
	('2112','CSE',15),
	('2112','CSE',16),
	('2112','CSE',17),
	('2112','CSE',18),
	('2112','CSE',19),
	('2112','CSE',20),
	('2112','CSE',21),
	('2112','CSE',22),
	('2112','CSE',23),
	('2112','CSE',24),
	('2112','CSE',25),
	('2112','CSE',26),
	('2112','CSE',27),
	('2112','CSE',28),
	('2112','CSE',29),
	('2116','CSE',1),
	('2116','CSE',2),
	('2116','CSE',3),
	('2116','CSE',4),
	('2116','CSE',5),
	('2116','CSE',6),
	('2116','CSE',7),
	('2116','CSE',8),
	('2116','CSE',9),
	('2116','CSE',10),
	('2116','CSE',11),
	('2116','CSE',12),
	('2116','CSE',13),
	('2116','CSE',14),
	('2116','CSE',15),
	('2116','CSE',16),
	('2116','CSE',17),
	('2116','CSE',18),
	('2116','CSE',19),
	('2116','CSE',20),
	('2116','CSE',21),
	('2116','CSE',22),
	('2116','CSE',23),
	('2116','CSE',24),
	('2116','CSE',25),
	('2116','CSE',26),
	('2116','CSE',27),
	('2116','CSE',28),
	('2116','CSE',29),
	('2118','CSE',1),
	('2118','CSE',2),
	('2118','CSE',3),
	('2118','CSE',4),
	('2118','CSE',5),
	('2118','CSE',6),
	('2118','CSE',7),
	('2118','CSE',8),
	('2118','CSE',9),
	('2118','CSE',10),
	('2118','CSE',11),
	('2118','CSE',12),
	('2118','CSE',13),
	('2118','CSE',14),
	('2118','CSE',15),
	('2118','CSE',16),
	('2118','CSE',17),
	('2118','CSE',18),
	('2118','CSE',19),
	('2118','CSE',20),
	('2118','CSE',21),
	('2118','CSE',22),
	('2118','CSE',23),
	('2118','CSE',24),
	('2118','CSE',25),
	('2118','CSE',26),
	('2118','CSE',27),
	('2118','CSE',28),
	('2118','CSE',29),
	('2122','CSE',1),
	('2122','CSE',2),
	('2122','CSE',3),
	('2122','CSE',4),
	('2122','CSE',5),
	('2122','CSE',6),
	('2122','CSE',7),
	('2122','CSE',8),
	('2122','CSE',9),
	('2122','CSE',10),
	('2122','CSE',11),
	('2122','CSE',12),
	('2122','CSE',13),
	('2122','CSE',14),
	('2122','CSE',15),
	('2122','CSE',16),
	('2122','CSE',17),
	('2122','CSE',18),
	('2122','CSE',19),
	('2122','CSE',20),
	('2122','CSE',21),
	('2122','CSE',22),
	('2122','CSE',23),
	('2122','CSE',24),
	('2122','CSE',25),
	('2122','CSE',26),
	('2122','CSE',27),
	('2122','CSE',28),
	('2122','CSE',29),
	('2126','CSE',1),
	('2126','CSE',2),
	('2126','CSE',3),
	('2126','CSE',4),
	('2126','CSE',5),
	('2126','CSE',6),
	('2126','CSE',7),
	('2126','CSE',8),
	('2126','CSE',9),
	('2126','CSE',10),
	('2126','CSE',11),
	('2126','CSE',12),
	('2126','CSE',13),
	('2126','CSE',14),
	('2126','CSE',15),
	('2126','CSE',16),
	('2126','CSE',17),
	('2126','CSE',18),
	('2126','CSE',19),
	('2126','CSE',20),
	('2126','CSE',21),
	('2126','CSE',22),
	('2126','CSE',23),
	('2126','CSE',24),
	('2126','CSE',25),
	('2126','CSE',26),
	('2126','CSE',27),
	('2126','CSE',28),
	('2126','CSE',29),
	('2128','CSE',1),
	('2128','CSE',2),
	('2128','CSE',3),
	('2128','CSE',4),
	('2128','CSE',5),
	('2128','CSE',6),
	('2128','CSE',7),
	('2128','CSE',8),
	('2128','CSE',9),
	('2128','CSE',10),
	('2128','CSE',11),
	('2128','CSE',12),
	('2128','CSE',13),
	('2128','CSE',14),
	('2128','CSE',15),
	('2128','CSE',16),
	('2128','CSE',17),
	('2128','CSE',18),
	('2128','CSE',19),
	('2128','CSE',20),
	('2128','CSE',21),
	('2128','CSE',22),
	('2128','CSE',23),
	('2128','CSE',24),
	('2128','CSE',25),
	('2128','CSE',26),
	('2128','CSE',27),
	('2128','CSE',28),
	('2128','CSE',29),
	('2132','CSE',1),
	('2132','CSE',2),
	('2132','CSE',3),
	('2132','CSE',4),
	('2132','CSE',5),
	('2132','CSE',6),
	('2132','CSE',7),
	('2132','CSE',8),
	('2132','CSE',9),
	('2132','CSE',10),
	('2132','CSE',11),
	('2132','CSE',12),
	('2132','CSE',13),
	('2132','CSE',14),
	('2132','CSE',15),
	('2132','CSE',16),
	('2132','CSE',17),
	('2132','CSE',18),
	('2132','CSE',19),
	('2132','CSE',20),
	('2132','CSE',21),
	('2132','CSE',22),
	('2132','CSE',23),
	('2132','CSE',24),
	('2132','CSE',25),
	('2132','CSE',26),
	('2132','CSE',27),
	('2132','CSE',28),
	('2132','CSE',29),
	('2134','CSE',1),
	('2134','CSE',2),
	('2134','CSE',3),
	('2134','CSE',4),
	('2134','CSE',5),
	('2134','CSE',6),
	('2134','CSE',7),
	('2134','CSE',8),
	('2134','CSE',9),
	('2134','CSE',10),
	('2134','CSE',11),
	('2134','CSE',12),
	('2134','CSE',13),
	('2134','CSE',14),
	('2134','CSE',15),
	('2134','CSE',16),
	('2134','CSE',17),
	('2134','CSE',18),
	('2134','CSE',19),
	('2134','CSE',20),
	('2134','CSE',21),
	('2134','CSE',22),
	('2134','CSE',23),
	('2134','CSE',24),
	('2134','CSE',25),
	('2134','CSE',26),
	('2134','CSE',27),
	('2134','CSE',28),
	('2134','CSE',29),
	('2136','CSE',1),
	('2136','CSE',2),
	('2136','CSE',3),
	('2136','CSE',4),
	('2136','CSE',5),
	('2136','CSE',6),
	('2136','CSE',7),
	('2136','CSE',8),
	('2136','CSE',9),
	('2136','CSE',10),
	('2136','CSE',11),
	('2136','CSE',12),
	('2136','CSE',13),
	('2136','CSE',14),
	('2136','CSE',15),
	('2136','CSE',16),
	('2136','CSE',17),
	('2136','CSE',18),
	('2136','CSE',19),
	('2136','CSE',20),
	('2136','CSE',21),
	('2136','CSE',22),
	('2136','CSE',23),
	('2136','CSE',24),
	('2136','CSE',25),
	('2136','CSE',26),
	('2136','CSE',27),
	('2136','CSE',28),
	('2136','CSE',29),
	('2138','CSE',1),
	('2138','CSE',2),
	('2138','CSE',3),
	('2138','CSE',4),
	('2138','CSE',5),
	('2138','CSE',6),
	('2138','CSE',7),
	('2138','CSE',8),
	('2138','CSE',9),
	('2138','CSE',10),
	('2138','CSE',11),
	('2138','CSE',12),
	('2138','CSE',13),
	('2138','CSE',14),
	('2138','CSE',15),
	('2138','CSE',16),
	('2138','CSE',17),
	('2138','CSE',18),
	('2138','CSE',19),
	('2138','CSE',20),
	('2138','CSE',21),
	('2138','CSE',22),
	('2138','CSE',23),
	('2138','CSE',24),
	('2138','CSE',25),
	('2138','CSE',26),
	('2138','CSE',27),
	('2138','CSE',28),
	('2138','CSE',29),
	('2140','CSE',1),
	('2140','CSE',2),
	('2140','CSE',3),
	('2140','CSE',4),
	('2140','CSE',5),
	('2140','CSE',6),
	('2140','CSE',7),
	('2140','CSE',8),
	('2140','CSE',9),
	('2140','CSE',10),
	('2140','CSE',11),
	('2140','CSE',12),
	('2140','CSE',13),
	('2140','CSE',14),
	('2140','CSE',15),
	('2140','CSE',16),
	('2140','CSE',17),
	('2140','CSE',18),
	('2140','CSE',19),
	('2140','CSE',20),
	('2140','CSE',21),
	('2140','CSE',22),
	('2140','CSE',23),
	('2140','CSE',24),
	('2140','CSE',25),
	('2140','CSE',26),
	('2140','CSE',27),
	('2140','CSE',28),
	('2140','CSE',29),
	('2144','CSE',1),
	('2144','CSE',2),
	('2144','CSE',3),
	('2144','CSE',4),
	('2144','CSE',5),
	('2144','CSE',6),
	('2144','CSE',7),
	('2144','CSE',8),
	('2144','CSE',9),
	('2144','CSE',10),
	('2144','CSE',11),
	('2144','CSE',12),
	('2144','CSE',13),
	('2144','CSE',14),
	('2144','CSE',15),
	('2144','CSE',16),
	('2144','CSE',17),
	('2144','CSE',18),
	('2144','CSE',19),
	('2144','CSE',20),
	('2144','CSE',21),
	('2144','CSE',22),
	('2144','CSE',23),
	('2144','CSE',24),
	('2144','CSE',25),
	('2144','CSE',26),
	('2144','CSE',27),
	('2144','CSE',28),
	('2144','CSE',29),
	('2154','CSE',1),
	('2154','CSE',2),
	('2154','CSE',3),
	('2154','CSE',4),
	('2154','CSE',5),
	('2154','CSE',6),
	('2154','CSE',7),
	('2154','CSE',8),
	('2154','CSE',9),
	('2154','CSE',10),
	('2154','CSE',11),
	('2154','CSE',12),
	('2154','CSE',13),
	('2154','CSE',14),
	('2154','CSE',15),
	('2154','CSE',16),
	('2154','CSE',17),
	('2154','CSE',18),
	('2154','CSE',19),
	('2154','CSE',20),
	('2154','CSE',21),
	('2154','CSE',22),
	('2154','CSE',23),
	('2154','CSE',24),
	('2154','CSE',25),
	('2154','CSE',26),
	('2154','CSE',27),
	('2154','CSE',28),
	('2154','CSE',29),
	('2203','CSE',1),
	('2203','CSE',2),
	('2203','CSE',3),
	('2203','CSE',4),
	('2203','CSE',5),
	('2203','CSE',6),
	('2203','CSE',7),
	('2203','CSE',8),
	('2203','CSE',9),
	('2203','CSE',10),
	('2203','CSE',11),
	('2203','CSE',12),
	('2203','CSE',13),
	('2203','CSE',14),
	('2203','CSE',15),
	('2203','CSE',16),
	('2203','CSE',17),
	('2203','CSE',18),
	('2203','CSE',19),
	('2203','CSE',20),
	('2203','CSE',21),
	('2203','CSE',22),
	('2203','CSE',23),
	('2203','CSE',24),
	('2203','CSE',25),
	('2203','CSE',26),
	('2203','CSE',27),
	('2203','CSE',28),
	('2203','CSE',29),
	('2215','CSE',1),
	('2215','CSE',2),
	('2215','CSE',3),
	('2215','CSE',4),
	('2215','CSE',5),
	('2215','CSE',6),
	('2215','CSE',7),
	('2215','CSE',8),
	('2215','CSE',9),
	('2215','CSE',10),
	('2215','CSE',11),
	('2215','CSE',12),
	('2215','CSE',13),
	('2215','CSE',14),
	('2215','CSE',15),
	('2215','CSE',16),
	('2215','CSE',17),
	('2215','CSE',18),
	('2215','CSE',19),
	('2215','CSE',20),
	('2215','CSE',21),
	('2215','CSE',22),
	('2215','CSE',23),
	('2215','CSE',24),
	('2215','CSE',25),
	('2215','CSE',26),
	('2215','CSE',27),
	('2215','CSE',28),
	('2215','CSE',29),
	('2217','CSE',1),
	('2217','CSE',2),
	('2217','CSE',3),
	('2217','CSE',4),
	('2217','CSE',5),
	('2217','CSE',6),
	('2217','CSE',7),
	('2217','CSE',8),
	('2217','CSE',9),
	('2217','CSE',10),
	('2217','CSE',11),
	('2217','CSE',12),
	('2217','CSE',13),
	('2217','CSE',14),
	('2217','CSE',15),
	('2217','CSE',16),
	('2217','CSE',17),
	('2217','CSE',18),
	('2217','CSE',19),
	('2217','CSE',20),
	('2217','CSE',21),
	('2217','CSE',22),
	('2217','CSE',23),
	('2217','CSE',24),
	('2217','CSE',25),
	('2217','CSE',26),
	('2217','CSE',27),
	('2217','CSE',28),
	('2217','CSE',29),
	('2230','CSE',1),
	('2230','CSE',2),
	('2230','CSE',3),
	('2230','CSE',4),
	('2230','CSE',5),
	('2230','CSE',6),
	('2230','CSE',7),
	('2230','CSE',8),
	('2230','CSE',9),
	('2230','CSE',10),
	('2230','CSE',11),
	('2230','CSE',12),
	('2230','CSE',13),
	('2230','CSE',14),
	('2230','CSE',15),
	('2230','CSE',16),
	('2230','CSE',17),
	('2230','CSE',18),
	('2230','CSE',19),
	('2230','CSE',20),
	('2230','CSE',21),
	('2230','CSE',22),
	('2230','CSE',23),
	('2230','CSE',24),
	('2230','CSE',25),
	('2230','CSE',26),
	('2230','CSE',27),
	('2230','CSE',28),
	('2230','CSE',29),
	('2231','CSE',1),
	('2231','CSE',2),
	('2231','CSE',3),
	('2231','CSE',4),
	('2231','CSE',5),
	('2231','CSE',6),
	('2231','CSE',7),
	('2231','CSE',8),
	('2231','CSE',9),
	('2231','CSE',10),
	('2231','CSE',11),
	('2231','CSE',12),
	('2231','CSE',13),
	('2231','CSE',14),
	('2231','CSE',15),
	('2231','CSE',16),
	('2231','CSE',17),
	('2231','CSE',18),
	('2231','CSE',19),
	('2231','CSE',20),
	('2231','CSE',21),
	('2231','CSE',22),
	('2231','CSE',23),
	('2231','CSE',24),
	('2231','CSE',25),
	('2231','CSE',26),
	('2231','CSE',27),
	('2231','CSE',28),
	('2231','CSE',29),
	('3113','CSE',1),
	('3113','CSE',2),
	('3113','CSE',3),
	('3113','CSE',4),
	('3113','CSE',5),
	('3113','CSE',6),
	('3113','CSE',7),
	('3113','CSE',8),
	('3113','CSE',9),
	('3113','CSE',10),
	('3113','CSE',11),
	('3113','CSE',12),
	('3113','CSE',13),
	('3113','CSE',14),
	('3113','CSE',15),
	('3113','CSE',16),
	('3113','CSE',17),
	('3113','CSE',18),
	('3113','CSE',19),
	('3113','CSE',20),
	('3113','CSE',21),
	('3113','CSE',22),
	('3113','CSE',23),
	('3113','CSE',24),
	('3113','CSE',25),
	('3113','CSE',26),
	('3113','CSE',27),
	('3113','CSE',28),
	('3113','CSE',29),
	('3208','CSE',1),
	('3208','CSE',2),
	('3208','CSE',3),
	('3208','CSE',4),
	('3208','CSE',5),
	('3208','CSE',6),
	('3208','CSE',7),
	('3208','CSE',8),
	('3208','CSE',9),
	('3208','CSE',10),
	('3208','CSE',11),
	('3208','CSE',12),
	('3208','CSE',13),
	('3208','CSE',14),
	('3208','CSE',15),
	('3208','CSE',16),
	('3208','CSE',17),
	('3208','CSE',18),
	('3208','CSE',19),
	('3208','CSE',20),
	('3208','CSE',21),
	('3208','CSE',22),
	('3208','CSE',23),
	('3208','CSE',24),
	('3208','CSE',25),
	('3208','CSE',26),
	('3208','CSE',27),
	('3208','CSE',28),
	('3208','CSE',29);

/*!40000 ALTER TABLE `rooms_actions` ENABLE KEYS */;
UNLOCK TABLES;


# Dump of table rooms_groups
# ------------------------------------------------------------

DROP TABLE IF EXISTS `rooms_groups`;

CREATE TABLE `rooms_groups` (
  `group_id` int(11) NOT NULL AUTO_INCREMENT,
  `building_name` varchar(11) NOT NULL DEFAULT '',
  `room_name` varchar(11) NOT NULL DEFAULT '0',
  PRIMARY KEY (`group_id`,`building_name`,`room_name`)
) ENGINE=InnoDB DEFAULT CHARSET=latin1;

LOCK TABLES `rooms_groups` WRITE;
/*!40000 ALTER TABLE `rooms_groups` DISABLE KEYS */;

INSERT INTO `rooms_groups` (`group_id`, `building_name`, `room_name`)
VALUES
	(1,'CSE','2107'),
	(1,'CSE','2108'),
	(1,'CSE','2109'),
	(1,'CSE','2111'),
	(1,'CSE','2112'),
	(1,'CSE','2116'),
	(1,'CSE','2118'),
	(1,'CSE','2122'),
	(1,'CSE','2126'),
	(1,'CSE','2128'),
	(1,'CSE','2132'),
	(1,'CSE','2134'),
	(1,'CSE','2136'),
	(1,'CSE','2138'),
	(1,'CSE','2140'),
	(1,'CSE','2144'),
	(1,'CSE','2154'),
	(1,'CSE','2203'),
	(1,'CSE','2215'),
	(1,'CSE','2217'),
	(1,'CSE','2230'),
	(1,'CSE','2231'),
	(1,'CSE','3113'),
	(1,'CSE','3208'),
	(2,'CSE','2108'),
	(2,'CSE','2111'),
	(2,'CSE','2112'),
	(2,'CSE','2116'),
	(2,'CSE','2118'),
	(2,'CSE','2122'),
	(2,'CSE','2126'),
	(2,'CSE','2128'),
	(3,'CSE','2132'),
	(3,'CSE','2134'),
	(3,'CSE','2136'),
	(3,'CSE','2138'),
	(3,'CSE','2203'),
	(3,'CSE','2215'),
	(3,'CSE','2217'),
	(3,'CSE','2231'),
	(4,'CSE','2108'),
	(4,'CSE','2112'),
	(5,'CSE','2111'),
	(5,'CSE','2116'),
	(6,'CSE','2118'),
	(6,'CSE','2122'),
	(7,'CSE','2132'),
	(7,'CSE','2134'),
	(8,'CSE','2136'),
	(8,'CSE','2138'),
	(8,'CSE','2231'),
	(9,'CSE','2203'),
	(9,'CSE','2215'),
	(9,'CSE','2217'),
	(10,'CSE','2107'),
	(10,'CSE','2144');

/*!40000 ALTER TABLE `rooms_groups` ENABLE KEYS */;
UNLOCK TABLES;


# Dump of table rooms_triggers
# ------------------------------------------------------------

DROP TABLE IF EXISTS `rooms_triggers`;

CREATE TABLE `rooms_triggers` (
  `room_name` varchar(11) NOT NULL DEFAULT '',
  `building_name` varchar(11) NOT NULL DEFAULT '',
  `trigger_id` int(11) NOT NULL DEFAULT '0',
  PRIMARY KEY (`room_name`,`building_name`,`trigger_id`)
) ENGINE=InnoDB DEFAULT CHARSET=latin1;

LOCK TABLES `rooms_triggers` WRITE;
/*!40000 ALTER TABLE `rooms_triggers` DISABLE KEYS */;

INSERT INTO `rooms_triggers` (`room_name`, `building_name`, `trigger_id`)
VALUES
	('2107','CSE',1),
	('2107','CSE',2),
	('2107','CSE',3),
	('2107','CSE',4),
	('2107','CSE',5),
	('2107','CSE',6),
	('2107','CSE',7),
	('2107','CSE',8),
	('2107','CSE',9),
	('2107','CSE',10),
	('2107','CSE',11),
	('2108','CSE',1),
	('2108','CSE',2),
	('2108','CSE',3),
	('2108','CSE',4),
	('2108','CSE',5),
	('2108','CSE',6),
	('2108','CSE',7),
	('2108','CSE',8),
	('2108','CSE',9),
	('2108','CSE',10),
	('2108','CSE',11),
	('2109','CSE',1),
	('2109','CSE',2),
	('2109','CSE',3),
	('2109','CSE',4),
	('2109','CSE',5),
	('2109','CSE',6),
	('2109','CSE',7),
	('2109','CSE',8),
	('2109','CSE',9),
	('2109','CSE',10),
	('2109','CSE',11),
	('2111','CSE',1),
	('2111','CSE',2),
	('2111','CSE',3),
	('2111','CSE',4),
	('2111','CSE',5),
	('2111','CSE',6),
	('2111','CSE',7),
	('2111','CSE',8),
	('2111','CSE',9),
	('2111','CSE',10),
	('2111','CSE',11),
	('2112','CSE',1),
	('2112','CSE',2),
	('2112','CSE',3),
	('2112','CSE',4),
	('2112','CSE',5),
	('2112','CSE',6),
	('2112','CSE',7),
	('2112','CSE',8),
	('2112','CSE',9),
	('2112','CSE',10),
	('2112','CSE',11),
	('2116','CSE',1),
	('2116','CSE',2),
	('2116','CSE',3),
	('2116','CSE',4),
	('2116','CSE',5),
	('2116','CSE',6),
	('2116','CSE',7),
	('2116','CSE',8),
	('2116','CSE',9),
	('2116','CSE',10),
	('2116','CSE',11),
	('2118','CSE',1),
	('2118','CSE',2),
	('2118','CSE',3),
	('2118','CSE',4),
	('2118','CSE',5),
	('2118','CSE',6),
	('2118','CSE',7),
	('2118','CSE',8),
	('2118','CSE',9),
	('2118','CSE',10),
	('2118','CSE',11),
	('2122','CSE',1),
	('2122','CSE',2),
	('2122','CSE',3),
	('2122','CSE',4),
	('2122','CSE',5),
	('2122','CSE',6),
	('2122','CSE',7),
	('2122','CSE',8),
	('2122','CSE',9),
	('2122','CSE',10),
	('2122','CSE',11),
	('2126','CSE',1),
	('2126','CSE',2),
	('2126','CSE',3),
	('2126','CSE',4),
	('2126','CSE',5),
	('2126','CSE',6),
	('2126','CSE',7),
	('2126','CSE',8),
	('2126','CSE',9),
	('2126','CSE',10),
	('2126','CSE',11),
	('2128','CSE',1),
	('2128','CSE',2),
	('2128','CSE',3),
	('2128','CSE',4),
	('2128','CSE',5),
	('2128','CSE',6),
	('2128','CSE',7),
	('2128','CSE',8),
	('2128','CSE',9),
	('2128','CSE',10),
	('2128','CSE',11),
	('2132','CSE',1),
	('2132','CSE',2),
	('2132','CSE',3),
	('2132','CSE',4),
	('2132','CSE',5),
	('2132','CSE',6),
	('2132','CSE',7),
	('2132','CSE',8),
	('2132','CSE',9),
	('2132','CSE',10),
	('2132','CSE',11),
	('2134','CSE',1),
	('2134','CSE',2),
	('2134','CSE',3),
	('2134','CSE',4),
	('2134','CSE',5),
	('2134','CSE',6),
	('2134','CSE',7),
	('2134','CSE',8),
	('2134','CSE',9),
	('2134','CSE',10),
	('2134','CSE',11),
	('2136','CSE',1),
	('2136','CSE',2),
	('2136','CSE',3),
	('2136','CSE',4),
	('2136','CSE',5),
	('2136','CSE',6),
	('2136','CSE',7),
	('2136','CSE',8),
	('2136','CSE',9),
	('2136','CSE',10),
	('2136','CSE',11),
	('2138','CSE',1),
	('2138','CSE',2),
	('2138','CSE',3),
	('2138','CSE',4),
	('2138','CSE',5),
	('2138','CSE',6),
	('2138','CSE',7),
	('2138','CSE',8),
	('2138','CSE',9),
	('2138','CSE',10),
	('2138','CSE',11),
	('2140','CSE',1),
	('2140','CSE',2),
	('2140','CSE',3),
	('2140','CSE',4),
	('2140','CSE',5),
	('2140','CSE',6),
	('2140','CSE',7),
	('2140','CSE',8),
	('2140','CSE',9),
	('2140','CSE',10),
	('2140','CSE',11),
	('2144','CSE',1),
	('2144','CSE',2),
	('2144','CSE',3),
	('2144','CSE',4),
	('2144','CSE',5),
	('2144','CSE',6),
	('2144','CSE',7),
	('2144','CSE',8),
	('2144','CSE',9),
	('2144','CSE',10),
	('2144','CSE',11),
	('2154','CSE',1),
	('2154','CSE',2),
	('2154','CSE',3),
	('2154','CSE',4),
	('2154','CSE',5),
	('2154','CSE',6),
	('2154','CSE',7),
	('2154','CSE',8),
	('2154','CSE',9),
	('2154','CSE',10),
	('2154','CSE',11),
	('2203','CSE',1),
	('2203','CSE',2),
	('2203','CSE',3),
	('2203','CSE',4),
	('2203','CSE',5),
	('2203','CSE',6),
	('2203','CSE',7),
	('2203','CSE',8),
	('2203','CSE',9),
	('2203','CSE',10),
	('2203','CSE',11),
	('2215','CSE',1),
	('2215','CSE',2),
	('2215','CSE',3),
	('2215','CSE',4),
	('2215','CSE',5),
	('2215','CSE',6),
	('2215','CSE',7),
	('2215','CSE',8),
	('2215','CSE',9),
	('2215','CSE',10),
	('2215','CSE',11),
	('2217','CSE',1),
	('2217','CSE',2),
	('2217','CSE',3),
	('2217','CSE',4),
	('2217','CSE',5),
	('2217','CSE',6),
	('2217','CSE',7),
	('2217','CSE',8),
	('2217','CSE',9),
	('2217','CSE',10),
	('2217','CSE',11),
	('2230','CSE',1),
	('2230','CSE',2),
	('2230','CSE',3),
	('2230','CSE',4),
	('2230','CSE',5),
	('2230','CSE',6),
	('2230','CSE',7),
	('2230','CSE',8),
	('2230','CSE',9),
	('2230','CSE',10),
	('2230','CSE',11),
	('2231','CSE',1),
	('2231','CSE',2),
	('2231','CSE',3),
	('2231','CSE',4),
	('2231','CSE',5),
	('2231','CSE',6),
	('2231','CSE',7),
	('2231','CSE',8),
	('2231','CSE',9),
	('2231','CSE',10),
	('2231','CSE',11),
	('3113','CSE',1),
	('3113','CSE',2),
	('3113','CSE',3),
	('3113','CSE',4),
	('3113','CSE',5),
	('3113','CSE',6),
	('3113','CSE',7),
	('3113','CSE',8),
	('3113','CSE',9),
	('3113','CSE',10),
	('3113','CSE',11),
	('3208','CSE',1),
	('3208','CSE',2),
	('3208','CSE',3),
	('3208','CSE',4),
	('3208','CSE',5),
	('3208','CSE',6),
	('3208','CSE',7),
	('3208','CSE',8),
	('3208','CSE',9),
	('3208','CSE',10),
	('3208','CSE',11);

/*!40000 ALTER TABLE `rooms_triggers` ENABLE KEYS */;
UNLOCK TABLES;


# Dump of table rule_translation_dictionary
# ------------------------------------------------------------

DROP TABLE IF EXISTS `rule_translation_dictionary`;

CREATE TABLE `rule_translation_dictionary` (
  `id` int(11) unsigned NOT NULL AUTO_INCREMENT,
  `language` varchar(11) DEFAULT NULL,
  `original` varchar(255) DEFAULT NULL,
  `translation` varchar(255) DEFAULT NULL,
  PRIMARY KEY (`id`)
) ENGINE=InnoDB DEFAULT CHARSET=latin1;

LOCK TABLES `rule_translation_dictionary` WRITE;
/*!40000 ALTER TABLE `rule_translation_dictionary` DISABLE KEYS */;

INSERT INTO `rule_translation_dictionary` (`id`, `language`, `original`, `translation`)
VALUES
	(1,'Z3','time is between @val and @val','(and (>= (time 1) @val) (<= (time 1) @val))'),
	(2,'Z3','someone is in the room','(inRoom 1)'),
	(3,'Z3','nobody is in the room','(not (inRoom 1))'),
	(4,'Z3','external temperature is between @val and @val','(and (>= (extTempInRoom 1) @val) (<= (extTempInRoom 1) @val))'),
	(5,'Z3','the date is between @val and @val','(and (>= (day 1) @val) (<= (day 1) @val))'),
	(6,'Z3','it is sunny','(sunny 1)'),
	(7,'Z3','it is rainy','(rainy 1)'),
	(8,'Z3','it is cloudy','(cloudy 1)'),
	(9,'Z3','demand reponse event','(demandeResponse 1)'),
	(10,'Z3','calendar meeting event','(meetingEvent 1)'),
	(11,'Z3','room temperature is between @val and @val','(and (>= (tempInRoom 1) @val) (<= (tempInRoom 1) @val))'),
	(12,'Z3','no rule specified','(noRule 1)'),
	(13,'Z3','today is @val','(= (today 1) @val)'),
	(14,'Z3','turn on the room light','(light 1)'),
	(15,'Z3','turn off the room light','(not (light 1))'),
	(16,'Z3','open the windows','(openWindows 1)'),
	(17,'Z3','close the windows','(not (openWindows 1))'),
	(18,'Z3','set temperature between @val and @val','(and (>= (tempSetpoint 1) @val) (<= (tempSetpoint 1) @val))'),
	(19,'Z3','set humidity between @val and @val','(and (>= (humiditySetpoint 1) @val) (<= (humiditySetpoint 1) @val))'),
	(20,'Z3','turn on the coffee machine','(coffee 1)'),
	(21,'Z3','turn off the coffee machine','(not (coffee 1))'),
	(22,'Z3','turn on the printer','(printer 1)'),
	(23,'Z3','turn off the printer','(not (printer 1))'),
	(24,'Z3','wake up my computer','(computer 1)'),
	(25,'Z3','put to sleep my computer','(not (computer 1))'),
	(26,'Z3','turn on my desk light','(deskLight 1)'),
	(27,'Z3','turn off my desk light','(not (deskLight 1))'),
	(28,'Z3','turn on display monitors','(displayMonitors 1)'),
	(29,'Z3','turn off display monitors','(not (displayMonitors 1))'),
	(30,'Z3','send complain to building manger','(sendComplain 1)'),
	(31,'Z3','open the curtains','(openCurtains 1)'),
	(32,'Z3','close the curtains','(not (openCurtains 1))'),
	(33,'Z3','turn heating, ventilation and air conditioning on','(hvac 1)'),
	(34,'Z3','turn heating, ventilation and air conditioning off','(not (hvac 1))'),
	(35,'Z3','turn on the projector','(projector 1)'),
	(36,'Z3','turn off the projector','(not (projector 1))'),
	(37,'Z3','turn on the audio system','(audio 1)'),
	(38,'Z3','turn off the audio system','(not (audio 1))'),
	(39,'Z3','turn on the exhaust fan','(exhaustFan 1)'),
	(40,'Z3','turn off the exhaust fan','(not (exhaustFan 1))'),
	(41,'Z3','turn on the fume hoods','(fumeHoods 1)'),
	(42,'Z3','turn off the fume hoods','(not (fumeHoods 1))');

/*!40000 ALTER TABLE `rule_translation_dictionary` ENABLE KEYS */;
UNLOCK TABLES;


# Dump of table rules
# ------------------------------------------------------------

DROP TABLE IF EXISTS `rules`;

CREATE TABLE `rules` (
  `id` int(11) unsigned NOT NULL AUTO_INCREMENT,
  `priority` int(11) DEFAULT NULL,
  `category` varchar(24) DEFAULT NULL,
  `building_name` varchar(11) DEFAULT NULL,
  `group_id` int(11) DEFAULT NULL,
  `room_name` varchar(11) DEFAULT NULL,
  `author_uuid` int(11) DEFAULT NULL,
  `antecedent` varchar(255) DEFAULT NULL,
  `consequent` varchar(255) DEFAULT NULL,
  `enabled` int(1) DEFAULT NULL,
  `deleted` int(1) DEFAULT NULL,
  `creation_timestamp` timestamp NULL DEFAULT NULL,
  `last_edit_timestamp` timestamp NULL DEFAULT NULL,
  PRIMARY KEY (`id`)
) ENGINE=InnoDB DEFAULT CHARSET=latin1;



# Dump of table rules_priority
# ------------------------------------------------------------

DROP TABLE IF EXISTS `rules_priority`;

CREATE TABLE `rules_priority` (
  `building_name` varchar(11) NOT NULL DEFAULT '0',
  `room_name` varchar(11) NOT NULL DEFAULT '0',
  `rule_id` int(11) NOT NULL DEFAULT '0',
  `rule_priority` int(11) DEFAULT NULL,
  PRIMARY KEY (`building_name`,`room_name`,`rule_id`)
) ENGINE=InnoDB DEFAULT CHARSET=latin1;



# Dump of table sessions
# ------------------------------------------------------------

DROP TABLE IF EXISTS `sessions`;

CREATE TABLE `sessions` (
  `session_key` varchar(64) NOT NULL DEFAULT '',
  `user_uuid` int(11) DEFAULT NULL,
  `expire_timestamp` timestamp NULL DEFAULT NULL,
  PRIMARY KEY (`session_key`)
) ENGINE=InnoDB DEFAULT CHARSET=latin1;



# Dump of table triggers
# ------------------------------------------------------------

DROP TABLE IF EXISTS `triggers`;

CREATE TABLE `triggers` (
  `id` int(11) unsigned NOT NULL AUTO_INCREMENT,
  `category` varchar(16) DEFAULT NULL,
  `trigger_name` varchar(24) DEFAULT NULL,
  `rule_antecedent` varchar(255) DEFAULT NULL,
  `description` longtext,
  PRIMARY KEY (`id`)
) ENGINE=InnoDB DEFAULT CHARSET=latin1;

LOCK TABLES `triggers` WRITE;
/*!40000 ALTER TABLE `triggers` DISABLE KEYS */;

INSERT INTO `triggers` (`id`, `category`, `trigger_name`, `rule_antecedent`, `description`)
VALUES
	(1,'OCCUPANCY','OCCUPANCY_TRUE','someone is in the room','check if someone is in the room'),
	(2,'OCCUPANCY','OCCUPANCY_FALSE','nobody is in the room','check if nobody is in the room'),
	(3,'EXT_TEMPERATURE','EXT_TEMPERATURE_RANGE','external temperature is between @val and @val','check temperature'),
	(4,'TIME','TIME_RANGE','time is between @val and @val','check time'),
	(5,'DATE','DATE_RANGE','the date is between @val and @val','check day'),
	(6,'WEATHER','SUNNY','it is sunny','check the weather'),
	(7,'WEATHER','RAINY','it is rainy','check the weather'),
	(8,'ROOM_TEMPERATURE','ROOM_TEMPERATURE_RANGE','room temperature is between @val and @val','check temperature'),
	(9,'WEATHER','CLOUDY','it is cloudy','check the weather'),
	(10,'DEFAULT_STATUS','NO_RULE','no rule specified','default rule'),
	(11,'DAY','TODAY','today is @val','rules for the current day'),
	(12,'EXTERNAL_APP','DEMANDE_REPONSE','demand response event','demand response event'),
	(13,'EXTERNAL_APP','CALENDAR_MEETING','calendar meeting event','calendar meeting event');

/*!40000 ALTER TABLE `triggers` ENABLE KEYS */;
UNLOCK TABLES;


# Dump of table users
# ------------------------------------------------------------

DROP TABLE IF EXISTS `users`;

CREATE TABLE `users` (
  `uuid` int(11) unsigned NOT NULL AUTO_INCREMENT,
  `username` varchar(11) NOT NULL DEFAULT '',
  `email` varchar(64) DEFAULT NULL,
  `password` varchar(128) DEFAULT NULL,
  `person_name` varchar(24) DEFAULT NULL,
  `level` int(11) DEFAULT NULL,
  `registration_timestamp` timestamp NULL DEFAULT '2014-01-01 08:00:00',
  PRIMARY KEY (`uuid`)
) ENGINE=InnoDB DEFAULT CHARSET=latin1;

LOCK TABLES `users` WRITE;
/*!40000 ALTER TABLE `users` DISABLE KEYS */;

INSERT INTO `users` (`uuid`, `username`, `email`, `password`, `person_name`, `level`, `registration_timestamp`)
VALUES
	(1,'admin','energybox.buildingrules@gmail.com','brulesAdmin2014','Administrator',100,'2014-01-01 08:00:00'),
	(2,'user_1','--','verycomplexpasswordverycomplex-54--$$$-1-2-passwordverycomplexpassword','User1',10,'2014-01-01 08:00:00'),
	(3,'user_2','--','verycomplexpasswordverycomplex-54--$$$-1-2-passwordverycomplexpassword','User2',10,'2014-01-01 08:00:00'),
	(4,'user_3','--','verycomplexpasswordverycomplex-54--$$$-1-2-passwordverycomplexpassword','User3',10,'2014-01-01 08:00:00'),
	(5,'user_4','--','verycomplexpasswordverycomplex-54--$$$-1-2-passwordverycomplexpassword','User4',10,'2014-01-01 08:00:00'),
	(6,'user_5','--','verycomplexpasswordverycomplex-54--$$$-1-2-passwordverycomplexpassword','User5',10,'2014-01-01 08:00:00'),
	(7,'user_6','--','verycomplexpasswordverycomplex-54--$$$-1-2-passwordverycomplexpassword','User6',10,'2014-01-01 08:00:00'),
	(8,'user_7','--','verycomplexpasswordverycomplex-54--$$$-1-2-passwordverycomplexpassword','User7',10,'2014-01-01 08:00:00'),
	(9,'user_8','--','verycomplexpasswordverycomplex-54--$$$-1-2-passwordverycomplexpassword','User8',10,'2014-01-01 08:00:00'),
	(10,'user_9','--','verycomplexpasswordverycomplex-54--$$$-1-2-passwordverycomplexpassword','User9',10,'2014-01-01 08:00:00'),
	(11,'user_10','--','verycomplexpasswordverycomplex-54--$$$-1-2-passwordverycomplexpassword','User10',10,'2014-01-01 08:00:00'),
	(12,'user_11','--','verycomplexpasswordverycomplex-54--$$$-1-2-passwordverycomplexpassword','User11',10,'2014-01-01 08:00:00'),
	(13,'user_12','--','verycomplexpasswordverycomplex-54--$$$-1-2-passwordverycomplexpassword','User12',10,'2014-01-01 08:00:00'),
	(14,'user_13','--','verycomplexpasswordverycomplex-54--$$$-1-2-passwordverycomplexpassword','User13',10,'2014-01-01 08:00:00'),
	(15,'user_14','--','verycomplexpasswordverycomplex-54--$$$-1-2-passwordverycomplexpassword','User14',10,'2014-01-01 08:00:00'),
	(16,'user_15','--','verycomplexpasswordverycomplex-54--$$$-1-2-passwordverycomplexpassword','User15',10,'2014-01-01 08:00:00'),
	(17,'user_16','--','verycomplexpasswordverycomplex-54--$$$-1-2-passwordverycomplexpassword','User16',10,'2014-01-01 08:00:00'),
	(18,'user_17','--','verycomplexpasswordverycomplex-54--$$$-1-2-passwordverycomplexpassword','User17',10,'2014-01-01 08:00:00'),
	(19,'user_18','--','verycomplexpasswordverycomplex-54--$$$-1-2-passwordverycomplexpassword','User18',10,'2014-01-01 08:00:00'),
	(20,'user_19','--','verycomplexpasswordverycomplex-54--$$$-1-2-passwordverycomplexpassword','User19',10,'2014-01-01 08:00:00'),
	(21,'user_20','--','verycomplexpasswordverycomplex-54--$$$-1-2-passwordverycomplexpassword','User20',10,'2014-01-01 08:00:00'),
	(22,'user_21','--','verycomplexpasswordverycomplex-54--$$$-1-2-passwordverycomplexpassword','User21',10,'2014-01-01 08:00:00'),
	(23,'user_22','--','verycomplexpasswordverycomplex-54--$$$-1-2-passwordverycomplexpassword','User22',10,'2014-01-01 08:00:00'),
	(24,'user_23','--','verycomplexpasswordverycomplex-54--$$$-1-2-passwordverycomplexpassword','User23',10,'2014-01-01 08:00:00'),
	(25,'user_24','--','verycomplexpasswordverycomplex-54--$$$-1-2-passwordverycomplexpassword','User24',10,'2014-01-01 08:00:00'),
	(26,'user_25','--','verycomplexpasswordverycomplex-54--$$$-1-2-passwordverycomplexpassword','User25',10,'2014-01-01 08:00:00'),
	(27,'user_26','--','verycomplexpasswordverycomplex-54--$$$-1-2-passwordverycomplexpassword','User26',10,'2014-01-01 08:00:00'),
	(28,'user_27','--','verycomplexpasswordverycomplex-54--$$$-1-2-passwordverycomplexpassword','User27',10,'2014-01-01 08:00:00'),
	(29,'user_28','--','verycomplexpasswordverycomplex-54--$$$-1-2-passwordverycomplexpassword','User28',10,'2014-01-01 08:00:00'),
	(30,'user_29','--','verycomplexpasswordverycomplex-54--$$$-1-2-passwordverycomplexpassword','User29',10,'2014-01-01 08:00:00'),
	(31,'user_30','--','verycomplexpasswordverycomplex-54--$$$-1-2-passwordverycomplexpassword','User30',10,'2014-01-01 08:00:00'),
	(32,'user_31','--','verycomplexpasswordverycomplex-54--$$$-1-2-passwordverycomplexpassword','User31',10,'2014-01-01 08:00:00'),
	(33,'user_32','--','verycomplexpasswordverycomplex-54--$$$-1-2-passwordverycomplexpassword','User32',10,'2014-01-01 08:00:00'),
	(34,'user_33','--','verycomplexpasswordverycomplex-54--$$$-1-2-passwordverycomplexpassword','User33',10,'2014-01-01 08:00:00'),
	(35,'user_34','--','verycomplexpasswordverycomplex-54--$$$-1-2-passwordverycomplexpassword','User34',10,'2014-01-01 08:00:00'),
	(36,'user_35','--','verycomplexpasswordverycomplex-54--$$$-1-2-passwordverycomplexpassword','User35',10,'2014-01-01 08:00:00'),
	(37,'user_36','--','verycomplexpasswordverycomplex-54--$$$-1-2-passwordverycomplexpassword','User36',10,'2014-01-01 08:00:00'),
	(38,'user_37','--','verycomplexpasswordverycomplex-54--$$$-1-2-passwordverycomplexpassword','User37',10,'2014-01-01 08:00:00'),
	(39,'user_38','--','verycomplexpasswordverycomplex-54--$$$-1-2-passwordverycomplexpassword','User38',10,'2014-01-01 08:00:00'),
	(40,'user_39','--','verycomplexpasswordverycomplex-54--$$$-1-2-passwordverycomplexpassword','User39',10,'2014-01-01 08:00:00'),
	(41,'user_40','--','verycomplexpasswordverycomplex-54--$$$-1-2-passwordverycomplexpassword','User40',10,'2014-01-01 08:00:00'),
	(42,'user_41','--','verycomplexpasswordverycomplex-54--$$$-1-2-passwordverycomplexpassword','User41',10,'2014-01-01 08:00:00'),
	(43,'user_42','--','verycomplexpasswordverycomplex-54--$$$-1-2-passwordverycomplexpassword','User42',10,'2014-01-01 08:00:00'),
	(44,'user_43','--','verycomplexpasswordverycomplex-54--$$$-1-2-passwordverycomplexpassword','User43',10,'2014-01-01 08:00:00'),
	(45,'user_44','--','verycomplexpasswordverycomplex-54--$$$-1-2-passwordverycomplexpassword','User44',10,'2014-01-01 08:00:00'),
	(46,'user_45','--','verycomplexpasswordverycomplex-54--$$$-1-2-passwordverycomplexpassword','User45',10,'2014-01-01 08:00:00'),
	(47,'user_46','--','verycomplexpasswordverycomplex-54--$$$-1-2-passwordverycomplexpassword','User46',10,'2014-01-01 08:00:00'),
	(48,'user_47','--','verycomplexpasswordverycomplex-54--$$$-1-2-passwordverycomplexpassword','User47',10,'2014-01-01 08:00:00'),
	(49,'user_48','--','verycomplexpasswordverycomplex-54--$$$-1-2-passwordverycomplexpassword','User48',10,'2014-01-01 08:00:00'),
	(50,'user_49','--','verycomplexpasswordverycomplex-54--$$$-1-2-passwordverycomplexpassword','User49',10,'2014-01-01 08:00:00'),
	(51,'user_50','--','verycomplexpasswordverycomplex-54--$$$-1-2-passwordverycomplexpassword','User50',10,'2014-01-01 08:00:00'),
	(52,'user_51','--','verycomplexpasswordverycomplex-54--$$$-1-2-passwordverycomplexpassword','User51',10,'2014-01-01 08:00:00'),
	(53,'user_52','--','verycomplexpasswordverycomplex-54--$$$-1-2-passwordverycomplexpassword','User52',10,'2014-01-01 08:00:00'),
	(54,'user_53','--','verycomplexpasswordverycomplex-54--$$$-1-2-passwordverycomplexpassword','User53',10,'2014-01-01 08:00:00'),
	(55,'user_54','--','verycomplexpasswordverycomplex-54--$$$-1-2-passwordverycomplexpassword','User54',10,'2014-01-01 08:00:00'),
	(56,'user_55','--','verycomplexpasswordverycomplex-54--$$$-1-2-passwordverycomplexpassword','User55',10,'2014-01-01 08:00:00'),
	(57,'user_56','--','verycomplexpasswordverycomplex-54--$$$-1-2-passwordverycomplexpassword','User56',10,'2014-01-01 08:00:00'),
	(58,'user_57','--','verycomplexpasswordverycomplex-54--$$$-1-2-passwordverycomplexpassword','User57',10,'2014-01-01 08:00:00'),
	(59,'user_58','--','verycomplexpasswordverycomplex-54--$$$-1-2-passwordverycomplexpassword','User58',10,'2014-01-01 08:00:00'),
	(60,'user_59','--','verycomplexpasswordverycomplex-54--$$$-1-2-passwordverycomplexpassword','User59',10,'2014-01-01 08:00:00'),
	(61,'user_60','--','verycomplexpasswordverycomplex-54--$$$-1-2-passwordverycomplexpassword','User60',10,'2014-01-01 08:00:00'),
	(62,'user_61','--','verycomplexpasswordverycomplex-54--$$$-1-2-passwordverycomplexpassword','User61',10,'2014-01-01 08:00:00'),
	(63,'user_62','--','verycomplexpasswordverycomplex-54--$$$-1-2-passwordverycomplexpassword','User62',10,'2014-01-01 08:00:00'),
	(64,'user_63','--','verycomplexpasswordverycomplex-54--$$$-1-2-passwordverycomplexpassword','User63',10,'2014-01-01 08:00:00'),
	(65,'user_64','--','verycomplexpasswordverycomplex-54--$$$-1-2-passwordverycomplexpassword','User64',10,'2014-01-01 08:00:00'),
	(66,'user_65','--','verycomplexpasswordverycomplex-54--$$$-1-2-passwordverycomplexpassword','User65',10,'2014-01-01 08:00:00'),
	(67,'user_66','--','verycomplexpasswordverycomplex-54--$$$-1-2-passwordverycomplexpassword','User66',10,'2014-01-01 08:00:00'),
	(68,'user_67','--','verycomplexpasswordverycomplex-54--$$$-1-2-passwordverycomplexpassword','User67',10,'2014-01-01 08:00:00'),
	(69,'user_68','--','verycomplexpasswordverycomplex-54--$$$-1-2-passwordverycomplexpassword','User68',10,'2014-01-01 08:00:00'),
	(70,'user_69','--','verycomplexpasswordverycomplex-54--$$$-1-2-passwordverycomplexpassword','User69',10,'2014-01-01 08:00:00'),
	(71,'user_70','--','verycomplexpasswordverycomplex-54--$$$-1-2-passwordverycomplexpassword','User70',10,'2014-01-01 08:00:00'),
	(72,'user_71','--','verycomplexpasswordverycomplex-54--$$$-1-2-passwordverycomplexpassword','User71',10,'2014-01-01 08:00:00'),
	(73,'user_72','--','verycomplexpasswordverycomplex-54--$$$-1-2-passwordverycomplexpassword','User72',10,'2014-01-01 08:00:00'),
	(74,'user_73','--','verycomplexpasswordverycomplex-54--$$$-1-2-passwordverycomplexpassword','User73',10,'2014-01-01 08:00:00'),
	(75,'user_74','--','verycomplexpasswordverycomplex-54--$$$-1-2-passwordverycomplexpassword','User74',10,'2014-01-01 08:00:00'),
	(76,'user_75','--','verycomplexpasswordverycomplex-54--$$$-1-2-passwordverycomplexpassword','User75',10,'2014-01-01 08:00:00');

/*!40000 ALTER TABLE `users` ENABLE KEYS */;
UNLOCK TABLES;


# Dump of table users_rooms
# ------------------------------------------------------------

DROP TABLE IF EXISTS `users_rooms`;

CREATE TABLE `users_rooms` (
  `room_name` varchar(11) NOT NULL DEFAULT '',
  `building_name` varchar(11) NOT NULL DEFAULT '',
  `user_uuid` int(11) NOT NULL DEFAULT '0',
  PRIMARY KEY (`room_name`,`building_name`,`user_uuid`)
) ENGINE=InnoDB DEFAULT CHARSET=latin1;

LOCK TABLES `users_rooms` WRITE;
/*!40000 ALTER TABLE `users_rooms` DISABLE KEYS */;

INSERT INTO `users_rooms` (`room_name`, `building_name`, `user_uuid`)
VALUES
	('2107','CSE',1),
	('2107','CSE',2),
	('2107','CSE',3),
	('2107','CSE',4),
	('2107','CSE',5),
	('2107','CSE',6),
	('2107','CSE',7),
	('2107','CSE',8),
	('2107','CSE',9),
	('2107','CSE',10),
	('2107','CSE',11),
	('2107','CSE',12),
	('2107','CSE',13),
	('2107','CSE',14),
	('2107','CSE',15),
	('2107','CSE',16),
	('2107','CSE',17),
	('2107','CSE',18),
	('2107','CSE',19),
	('2107','CSE',20),
	('2107','CSE',21),
	('2107','CSE',22),
	('2107','CSE',23),
	('2107','CSE',24),
	('2107','CSE',25),
	('2107','CSE',26),
	('2107','CSE',27),
	('2107','CSE',28),
	('2107','CSE',29),
	('2107','CSE',30),
	('2107','CSE',31),
	('2107','CSE',32),
	('2107','CSE',33),
	('2107','CSE',34),
	('2107','CSE',35),
	('2107','CSE',36),
	('2107','CSE',37),
	('2107','CSE',38),
	('2107','CSE',39),
	('2107','CSE',40),
	('2107','CSE',41),
	('2107','CSE',42),
	('2107','CSE',43),
	('2107','CSE',44),
	('2107','CSE',45),
	('2107','CSE',46),
	('2107','CSE',47),
	('2107','CSE',48),
	('2107','CSE',49),
	('2107','CSE',50),
	('2107','CSE',51),
	('2107','CSE',52),
	('2107','CSE',53),
	('2107','CSE',54),
	('2107','CSE',55),
	('2107','CSE',56),
	('2107','CSE',57),
	('2107','CSE',58),
	('2107','CSE',59),
	('2107','CSE',60),
	('2107','CSE',61),
	('2107','CSE',62),
	('2107','CSE',63),
	('2107','CSE',64),
	('2107','CSE',65),
	('2107','CSE',66),
	('2107','CSE',67),
	('2107','CSE',68),
	('2107','CSE',69),
	('2107','CSE',70),
	('2107','CSE',71),
	('2107','CSE',72),
	('2107','CSE',73),
	('2107','CSE',74),
	('2107','CSE',75),
	('2107','CSE',76),
	('2108','CSE',1),
	('2108','CSE',73),
	('2109','CSE',1),
	('2109','CSE',2),
	('2109','CSE',3),
	('2109','CSE',4),
	('2109','CSE',5),
	('2109','CSE',6),
	('2109','CSE',7),
	('2109','CSE',8),
	('2109','CSE',9),
	('2109','CSE',10),
	('2109','CSE',11),
	('2109','CSE',12),
	('2109','CSE',13),
	('2109','CSE',14),
	('2109','CSE',15),
	('2109','CSE',16),
	('2109','CSE',17),
	('2109','CSE',18),
	('2109','CSE',19),
	('2109','CSE',20),
	('2109','CSE',21),
	('2109','CSE',22),
	('2109','CSE',23),
	('2109','CSE',24),
	('2109','CSE',25),
	('2109','CSE',26),
	('2109','CSE',27),
	('2109','CSE',28),
	('2109','CSE',29),
	('2109','CSE',30),
	('2109','CSE',31),
	('2109','CSE',32),
	('2109','CSE',33),
	('2109','CSE',34),
	('2109','CSE',35),
	('2109','CSE',36),
	('2109','CSE',37),
	('2109','CSE',38),
	('2109','CSE',39),
	('2109','CSE',40),
	('2109','CSE',41),
	('2109','CSE',42),
	('2109','CSE',43),
	('2109','CSE',44),
	('2109','CSE',45),
	('2109','CSE',46),
	('2109','CSE',47),
	('2109','CSE',48),
	('2109','CSE',49),
	('2109','CSE',50),
	('2109','CSE',51),
	('2109','CSE',52),
	('2109','CSE',53),
	('2109','CSE',54),
	('2109','CSE',55),
	('2109','CSE',56),
	('2109','CSE',57),
	('2109','CSE',58),
	('2109','CSE',59),
	('2109','CSE',60),
	('2109','CSE',61),
	('2109','CSE',62),
	('2109','CSE',63),
	('2109','CSE',64),
	('2109','CSE',65),
	('2109','CSE',66),
	('2109','CSE',67),
	('2109','CSE',68),
	('2109','CSE',69),
	('2109','CSE',70),
	('2109','CSE',71),
	('2109','CSE',72),
	('2109','CSE',73),
	('2109','CSE',74),
	('2109','CSE',75),
	('2109','CSE',76),
	('2111','CSE',1),
	('2111','CSE',74),
	('2111','CSE',75),
	('2111','CSE',76),
	('2112','CSE',1),
	('2112','CSE',2),
	('2112','CSE',3),
	('2112','CSE',4),
	('2112','CSE',5),
	('2112','CSE',6),
	('2112','CSE',7),
	('2112','CSE',8),
	('2116','CSE',1),
	('2116','CSE',9),
	('2116','CSE',10),
	('2116','CSE',11),
	('2118','CSE',1),
	('2118','CSE',12),
	('2122','CSE',1),
	('2122','CSE',22),
	('2122','CSE',23),
	('2122','CSE',24),
	('2122','CSE',25),
	('2122','CSE',26),
	('2122','CSE',27),
	('2122','CSE',28),
	('2122','CSE',29),
	('2122','CSE',30),
	('2126','CSE',1),
	('2126','CSE',31),
	('2126','CSE',32),
	('2128','CSE',1),
	('2128','CSE',33),
	('2128','CSE',34),
	('2128','CSE',35),
	('2128','CSE',36),
	('2128','CSE',37),
	('2128','CSE',38),
	('2128','CSE',39),
	('2128','CSE',40),
	('2128','CSE',41),
	('2128','CSE',42),
	('2128','CSE',43),
	('2128','CSE',44),
	('2132','CSE',1),
	('2132','CSE',45),
	('2132','CSE',46),
	('2132','CSE',47),
	('2132','CSE',48),
	('2132','CSE',49),
	('2134','CSE',1),
	('2134','CSE',50),
	('2134','CSE',51),
	('2134','CSE',52),
	('2134','CSE',53),
	('2134','CSE',54),
	('2136','CSE',1),
	('2136','CSE',57),
	('2136','CSE',58),
	('2136','CSE',59),
	('2136','CSE',60),
	('2136','CSE',61),
	('2138','CSE',1),
	('2138','CSE',62),
	('2138','CSE',63),
	('2138','CSE',64),
	('2138','CSE',65),
	('2138','CSE',66),
	('2138','CSE',67),
	('2138','CSE',68),
	('2138','CSE',69),
	('2138','CSE',70),
	('2140','CSE',1),
	('2140','CSE',2),
	('2140','CSE',3),
	('2140','CSE',4),
	('2140','CSE',5),
	('2140','CSE',6),
	('2140','CSE',7),
	('2140','CSE',8),
	('2140','CSE',9),
	('2140','CSE',10),
	('2140','CSE',11),
	('2140','CSE',12),
	('2140','CSE',22),
	('2140','CSE',23),
	('2140','CSE',24),
	('2140','CSE',25),
	('2140','CSE',26),
	('2140','CSE',27),
	('2140','CSE',28),
	('2140','CSE',29),
	('2140','CSE',30),
	('2140','CSE',31),
	('2140','CSE',32),
	('2140','CSE',33),
	('2140','CSE',34),
	('2140','CSE',35),
	('2140','CSE',36),
	('2140','CSE',37),
	('2140','CSE',38),
	('2140','CSE',39),
	('2140','CSE',40),
	('2140','CSE',41),
	('2140','CSE',42),
	('2140','CSE',43),
	('2140','CSE',44),
	('2140','CSE',73),
	('2140','CSE',74),
	('2140','CSE',75),
	('2140','CSE',76),
	('2144','CSE',1),
	('2144','CSE',2),
	('2144','CSE',3),
	('2144','CSE',4),
	('2144','CSE',5),
	('2144','CSE',6),
	('2144','CSE',7),
	('2144','CSE',8),
	('2144','CSE',9),
	('2144','CSE',10),
	('2144','CSE',11),
	('2144','CSE',12),
	('2144','CSE',13),
	('2144','CSE',14),
	('2144','CSE',15),
	('2144','CSE',16),
	('2144','CSE',17),
	('2144','CSE',18),
	('2144','CSE',19),
	('2144','CSE',20),
	('2144','CSE',21),
	('2144','CSE',22),
	('2144','CSE',23),
	('2144','CSE',24),
	('2144','CSE',25),
	('2144','CSE',26),
	('2144','CSE',27),
	('2144','CSE',28),
	('2144','CSE',29),
	('2144','CSE',30),
	('2144','CSE',31),
	('2144','CSE',32),
	('2144','CSE',33),
	('2144','CSE',34),
	('2144','CSE',35),
	('2144','CSE',36),
	('2144','CSE',37),
	('2144','CSE',38),
	('2144','CSE',39),
	('2144','CSE',40),
	('2144','CSE',41),
	('2144','CSE',42),
	('2144','CSE',43),
	('2144','CSE',44),
	('2144','CSE',45),
	('2144','CSE',46),
	('2144','CSE',47),
	('2144','CSE',48),
	('2144','CSE',49),
	('2144','CSE',50),
	('2144','CSE',51),
	('2144','CSE',52),
	('2144','CSE',53),
	('2144','CSE',54),
	('2144','CSE',55),
	('2144','CSE',56),
	('2144','CSE',57),
	('2144','CSE',58),
	('2144','CSE',59),
	('2144','CSE',60),
	('2144','CSE',61),
	('2144','CSE',62),
	('2144','CSE',63),
	('2144','CSE',64),
	('2144','CSE',65),
	('2144','CSE',66),
	('2144','CSE',67),
	('2144','CSE',68),
	('2144','CSE',69),
	('2144','CSE',70),
	('2144','CSE',71),
	('2144','CSE',72),
	('2144','CSE',73),
	('2144','CSE',74),
	('2144','CSE',75),
	('2144','CSE',76),
	('2154','CSE',1),
	('2154','CSE',13),
	('2154','CSE',14),
	('2154','CSE',15),
	('2154','CSE',16),
	('2154','CSE',17),
	('2154','CSE',18),
	('2154','CSE',19),
	('2154','CSE',20),
	('2154','CSE',21),
	('2154','CSE',45),
	('2154','CSE',46),
	('2154','CSE',47),
	('2154','CSE',48),
	('2154','CSE',49),
	('2154','CSE',50),
	('2154','CSE',51),
	('2154','CSE',52),
	('2154','CSE',53),
	('2154','CSE',54),
	('2154','CSE',55),
	('2154','CSE',56),
	('2154','CSE',57),
	('2154','CSE',58),
	('2154','CSE',59),
	('2154','CSE',60),
	('2154','CSE',61),
	('2154','CSE',62),
	('2154','CSE',63),
	('2154','CSE',64),
	('2154','CSE',65),
	('2154','CSE',66),
	('2154','CSE',67),
	('2154','CSE',68),
	('2154','CSE',69),
	('2154','CSE',70),
	('2154','CSE',71),
	('2154','CSE',72),
	('2203','CSE',1),
	('2203','CSE',71),
	('2203','CSE',72),
	('2215','CSE',1),
	('2215','CSE',13),
	('2215','CSE',14),
	('2215','CSE',15),
	('2215','CSE',16),
	('2215','CSE',17),
	('2215','CSE',18),
	('2215','CSE',19),
	('2217','CSE',1),
	('2217','CSE',20),
	('2217','CSE',21),
	('2230','CSE',1),
	('2230','CSE',2),
	('2230','CSE',3),
	('2230','CSE',4),
	('2230','CSE',5),
	('2230','CSE',6),
	('2230','CSE',7),
	('2230','CSE',8),
	('2230','CSE',9),
	('2230','CSE',10),
	('2230','CSE',11),
	('2230','CSE',12),
	('2230','CSE',13),
	('2230','CSE',14),
	('2230','CSE',15),
	('2230','CSE',16),
	('2230','CSE',17),
	('2230','CSE',18),
	('2230','CSE',19),
	('2230','CSE',20),
	('2230','CSE',21),
	('2230','CSE',22),
	('2230','CSE',23),
	('2230','CSE',24),
	('2230','CSE',25),
	('2230','CSE',26),
	('2230','CSE',27),
	('2230','CSE',28),
	('2230','CSE',29),
	('2230','CSE',30),
	('2230','CSE',31),
	('2230','CSE',32),
	('2230','CSE',33),
	('2230','CSE',34),
	('2230','CSE',35),
	('2230','CSE',36),
	('2230','CSE',37),
	('2230','CSE',38),
	('2230','CSE',39),
	('2230','CSE',40),
	('2230','CSE',41),
	('2230','CSE',42),
	('2230','CSE',43),
	('2230','CSE',44),
	('2230','CSE',45),
	('2230','CSE',46),
	('2230','CSE',47),
	('2230','CSE',48),
	('2230','CSE',49),
	('2230','CSE',50),
	('2230','CSE',51),
	('2230','CSE',52),
	('2230','CSE',53),
	('2230','CSE',54),
	('2230','CSE',55),
	('2230','CSE',56),
	('2230','CSE',57),
	('2230','CSE',58),
	('2230','CSE',59),
	('2230','CSE',60),
	('2230','CSE',61),
	('2230','CSE',62),
	('2230','CSE',63),
	('2230','CSE',64),
	('2230','CSE',65),
	('2230','CSE',66),
	('2230','CSE',67),
	('2230','CSE',68),
	('2230','CSE',69),
	('2230','CSE',70),
	('2230','CSE',71),
	('2230','CSE',72),
	('2230','CSE',73),
	('2230','CSE',74),
	('2230','CSE',75),
	('2230','CSE',76),
	('2231','CSE',1),
	('2231','CSE',55),
	('2231','CSE',56),
	('3113','CSE',1),
	('3113','CSE',2),
	('3113','CSE',3),
	('3113','CSE',4),
	('3113','CSE',5),
	('3113','CSE',6),
	('3113','CSE',7),
	('3113','CSE',8),
	('3113','CSE',31),
	('3113','CSE',32),
	('3113','CSE',62),
	('3113','CSE',63),
	('3113','CSE',64),
	('3113','CSE',65),
	('3113','CSE',66),
	('3113','CSE',67),
	('3113','CSE',68),
	('3113','CSE',69),
	('3113','CSE',70),
	('3208','CSE',1),
	('3208','CSE',2),
	('3208','CSE',3),
	('3208','CSE',4),
	('3208','CSE',5),
	('3208','CSE',6),
	('3208','CSE',7),
	('3208','CSE',8),
	('3208','CSE',9),
	('3208','CSE',10),
	('3208','CSE',11),
	('3208','CSE',12),
	('3208','CSE',13),
	('3208','CSE',14),
	('3208','CSE',15),
	('3208','CSE',16),
	('3208','CSE',17),
	('3208','CSE',18),
	('3208','CSE',19),
	('3208','CSE',20),
	('3208','CSE',21),
	('3208','CSE',22),
	('3208','CSE',23),
	('3208','CSE',24),
	('3208','CSE',25),
	('3208','CSE',26),
	('3208','CSE',27),
	('3208','CSE',28),
	('3208','CSE',29),
	('3208','CSE',30),
	('3208','CSE',31),
	('3208','CSE',32),
	('3208','CSE',33),
	('3208','CSE',34),
	('3208','CSE',35),
	('3208','CSE',36),
	('3208','CSE',37),
	('3208','CSE',38),
	('3208','CSE',39),
	('3208','CSE',40),
	('3208','CSE',41),
	('3208','CSE',42),
	('3208','CSE',43),
	('3208','CSE',44),
	('3208','CSE',45),
	('3208','CSE',46),
	('3208','CSE',47),
	('3208','CSE',48),
	('3208','CSE',49),
	('3208','CSE',50),
	('3208','CSE',51),
	('3208','CSE',52),
	('3208','CSE',53),
	('3208','CSE',54),
	('3208','CSE',55),
	('3208','CSE',56),
	('3208','CSE',57),
	('3208','CSE',58),
	('3208','CSE',59),
	('3208','CSE',60),
	('3208','CSE',61),
	('3208','CSE',62),
	('3208','CSE',63),
	('3208','CSE',64),
	('3208','CSE',65),
	('3208','CSE',66),
	('3208','CSE',67),
	('3208','CSE',68),
	('3208','CSE',69),
	('3208','CSE',70),
	('3208','CSE',71),
	('3208','CSE',72),
	('3208','CSE',73),
	('3208','CSE',74),
	('3208','CSE',75),
	('3208','CSE',76);

/*!40000 ALTER TABLE `users_rooms` ENABLE KEYS */;
UNLOCK TABLES;



/*!40111 SET SQL_NOTES=@OLD_SQL_NOTES */;
/*!40101 SET SQL_MODE=@OLD_SQL_MODE */;
/*!40014 SET FOREIGN_KEY_CHECKS=@OLD_FOREIGN_KEY_CHECKS */;
/*!40101 SET CHARACTER_SET_CLIENT=@OLD_CHARACTER_SET_CLIENT */;
/*!40101 SET CHARACTER_SET_RESULTS=@OLD_CHARACTER_SET_RESULTS */;
/*!40101 SET COLLATION_CONNECTION=@OLD_COLLATION_CONNECTION */;
